Transaction ID,Consumer ID,Segment,Transaction Date,Month,Platform,Category,Purchase Amount CAD,Number of Installments,Installment Amount CAD,Completion Date,Missed Payment,Missed Payment Count,Late Fee CAD,Total Cost CAD
TXN9001,BNPL5001,Regular User,2024-04-26,2024-04,Afterpay,"Fast Fashion (Shein, Temu, ASOS)",49.55,4,12.39,2024-06-21,No,0,0,49.55
TXN9002,BNPL5001,Regular User,2024-05-11,2024-05,Paidy,"Fast Fashion (Shein, Temu, ASOS)",48.64,3,16.21,2024-06-22,No,0,0,48.64
TXN9003,BNPL5001,Regular User,2024-11-28,2024-11,PayBright,"Fast Fashion (Shein, Temu, ASOS)",78.45,4,19.61,2025-01-23,Yes,1,8.0,86.45
TXN9004,BNPL5001,Regular User,2024-06-12,2024-06,Afterpay,Footwear,86.15,4,21.54,2024-08-07,No,0,0,86.15
TXN9005,BNPL5001,Regular User,2024-08-13,2024-08,Afterpay,Footwear,137.18,6,22.86,2024-11-05,No,0,0,137.18
TXN9006,BNPL5001,Regular User,2024-10-07,2024-10,Afterpay,"Fast Fashion (Shein, Temu, ASOS)",69.43,4,17.36,2024-12-02,No,0,0,69.43
TXN9007,BNPL5001,Regular User,2024-03-21,2024-03,Afterpay,Beauty and Skincare,95.02,4,23.75,2024-05-16,No,0,0,95.02
TXN9008,BNPL5001,Regular User,2024-06-01,2024-06,Afterpay,"Fast Fashion (Shein, Temu, ASOS)",32.25,4,8.06,2024-07-27,No,0,0,32.25
TXN9009,BNPL5001,Regular User,2024-10-28,2024-10,Afterpay,Footwear,185.47,4,46.37,2024-12-23,No,0,0,185.47
TXN9010,BNPL5002,Occasional User,2024-06-30,2024-06,PayBright,"Fast Fashion (Shein, Temu, ASOS)",63.19,4,15.8,2024-08-25,No,0,0,63.19
TXN9011,BNPL5002,Occasional User,2024-11-23,2024-11,Sezzle,"Fast Fashion (Shein, Temu, ASOS)",52.03,4,13.01,2025-01-18,No,0,0,52.03
TXN9012,BNPL5002,Occasional User,2024-02-04,2024-02,Klarna,Sporting Goods,173.01,6,28.83,2024-04-28,No,0,0,173.01
TXN9013,BNPL5003,Occasional User,2024-05-23,2024-05,Klarna,Electronics and Tech,296.38,3,98.79,2024-07-04,No,0,0,296.38
TXN9014,BNPL5004,Occasional User,2024-04-28,2024-04,Klarna,"Fast Fashion (Shein, Temu, ASOS)",69.68,3,23.23,2024-06-09,No,0,0,69.68
TXN9015,BNPL5004,Occasional User,2024-06-11,2024-06,Sezzle,Sporting Goods,250.96,6,41.83,2024-09-03,No,0,0,250.96
TXN9016,BNPL5005,Occasional User,2024-06-19,2024-06,PayBright,"Fast Fashion (Shein, Temu, ASOS)",72.19,4,18.05,2024-08-14,No,0,0,72.19
TXN9017,BNPL5006,High Exposure User,2024-11-17,2024-11,Klarna,Footwear,145.05,4,36.26,2025-01-12,No,0,0,145.05
TXN9018,BNPL5006,High Exposure User,2024-04-30,2024-04,Klarna,Footwear,108.5,4,27.12,2024-06-25,Yes,2,16.0,124.5
TXN9019,BNPL5006,High Exposure User,2024-04-16,2024-04,Sezzle,Home and Furniture,171.3,4,42.83,2024-06-11,Yes,2,16.0,187.3
TXN9020,BNPL5006,High Exposure User,2024-08-21,2024-08,Klarna,"Fast Fashion (Shein, Temu, ASOS)",56.6,4,14.15,2024-10-16,No,0,0,56.6
TXN9021,BNPL5006,High Exposure User,2024-04-03,2024-04,Paidy,Home and Furniture,332.33,4,83.08,2024-05-29,No,0,0,332.33
TXN9022,BNPL5006,High Exposure User,2024-07-16,2024-07,Afterpay,Sporting Goods,170.48,4,42.62,2024-09-10,No,0,0,170.48
TXN9023,BNPL5006,High Exposure User,2024-06-15,2024-06,Klarna,Sporting Goods,173.05,4,43.26,2024-08-10,No,0,0,173.05
TXN9024,BNPL5006,High Exposure User,2024-02-12,2024-02,Sezzle,Beauty and Skincare,57.12,4,14.28,2024-04-08,No,0,0,57.12
TXN9025,BNPL5006,High Exposure User,2024-05-24,2024-05,Sezzle,Footwear,151.19,4,37.8,2024-07-19,No,0,0,151.19
TXN9026,BNPL5006,High Exposure User,2024-01-08,2024-01,Afterpay,Footwear,115.99,4,29.0,2024-03-04,No,0,0,115.99
TXN9027,BNPL5006,High Exposure User,2024-12-13,2024-12,Klarna,Beauty and Skincare,48.58,3,16.19,2025-01-24,No,0,0,48.58
TXN9028,BNPL5006,High Exposure User,2024-02-19,2024-02,Klarna,"Fast Fashion (Shein, Temu, ASOS)",35.32,6,5.89,2024-05-13,No,0,0,35.32
TXN9029,BNPL5006,High Exposure User,2024-05-27,2024-05,Afterpay,"Fast Fashion (Shein, Temu, ASOS)",63.89,3,21.3,2024-07-08,Yes,2,16.0,79.89
TXN9030,BNPL5006,High Exposure User,2024-07-21,2024-07,Paidy,Sporting Goods,214.19,4,53.55,2024-09-15,No,0,0,214.19
TXN9031,BNPL5006,High Exposure User,2024-12-26,2024-12,Sezzle,"Fast Fashion (Shein, Temu, ASOS)",54.41,6,9.07,2025-03-20,No,0,0,54.41
TXN9032,BNPL5006,High Exposure User,2024-11-10,2024-11,Afterpay,"Fast Fashion (Shein, Temu, ASOS)",70.07,4,17.52,2025-01-05,Yes,2,16.0,86.07
TXN9033,BNPL5006,High Exposure User,2024-04-13,2024-04,Afterpay,"Fast Fashion (Shein, Temu, ASOS)",49.25,4,12.31,2024-06-08,No,0,0,49.25
TXN9034,BNPL5006,High Exposure User,2024-05-28,2024-05,Klarna,"Fast Fashion (Shein, Temu, ASOS)",29.62,4,7.41,2024-07-23,Yes,1,8.0,37.62
TXN9035,BNPL5007,High Exposure User,2024-05-09,2024-05,Klarna,"Fast Fashion (Shein, Temu, ASOS)",76.58,4,19.14,2024-07-04,No,0,0,76.58
TXN9036,BNPL5007,High Exposure User,2024-07-01,2024-07,Afterpay,Home and Furniture,304.97,6,50.83,2024-09-23,Yes,1,8.0,312.97
TXN9037,BNPL5007,High Exposure User,2024-05-31,2024-05,PayBright,Electronics and Tech,233.65,4,58.41,2024-07-26,Yes,2,16.0,249.65
TXN9038,BNPL5007,High Exposure User,2024-07-25,2024-07,Afterpay,Beauty and Skincare,56.78,3,18.93,2024-09-05,Yes,1,8.0,64.78
TXN9039,BNPL5007,High Exposure User,2024-12-07,2024-12,PayBright,Sporting Goods,117.78,6,19.63,2025-03-01,Yes,2,16.0,133.78
TXN9040,BNPL5007,High Exposure User,2024-01-13,2024-01,Afterpay,Footwear,134.83,3,44.94,2024-02-24,No,0,0,134.83
TXN9041,BNPL5007,High Exposure User,2024-01-24,2024-01,Afterpay,"Fast Fashion (Shein, Temu, ASOS)",30.25,4,7.56,2024-03-20,Yes,2,16.0,46.25
TXN9042,BNPL5007,High Exposure User,2024-04-12,2024-04,Klarna,"Fast Fashion (Shein, Temu, ASOS)",37.23,4,9.31,2024-06-07,Yes,1,8.0,45.23
TXN9043,BNPL5007,High Exposure User,2024-02-07,2024-02,Afterpay,Electronics and Tech,326.47,4,81.62,2024-04-03,No,0,0,326.47
TXN9044,BNPL5007,High Exposure User,2024-11-12,2024-11,Sezzle,"Fast Fashion (Shein, Temu, ASOS)",92.66,4,23.16,2025-01-07,Yes,2,16.0,108.66
TXN9045,BNPL5007,High Exposure User,2024-05-19,2024-05,PayBright,Electronics and Tech,308.8,6,51.47,2024-08-11,No,0,0,308.8
TXN9046,BNPL5007,High Exposure User,2024-11-20,2024-11,Afterpay,Footwear,140.88,6,23.48,2025-02-12,No,0,0,140.88
TXN9047,BNPL5007,High Exposure User,2024-05-01,2024-05,Sezzle,Electronics and Tech,276.73,4,69.18,2024-06-26,No,0,0,276.73
TXN9048,BNPL5007,High Exposure User,2024-06-19,2024-06,Klarna,Beauty and Skincare,57.24,4,14.31,2024-08-14,No,0,0,57.24
TXN9049,BNPL5008,Occasional User,2024-10-25,2024-10,Afterpay,Home and Furniture,226.38,3,75.46,2024-12-06,No,0,0,226.38
TXN9050,BNPL5008,Occasional User,2024-06-29,2024-06,Klarna,Footwear,216.02,6,36.0,2024-09-21,No,0,0,216.02
TXN9051,BNPL5008,Occasional User,2024-11-11,2024-11,Klarna,"Fast Fashion (Shein, Temu, ASOS)",74.9,3,24.97,2024-12-23,No,0,0,74.9
TXN9052,BNPL5008,Occasional User,2024-01-31,2024-01,Sezzle,"Fast Fashion (Shein, Temu, ASOS)",61.45,4,15.36,2024-03-27,No,0,0,61.45
TXN9053,BNPL5009,Occasional User,2024-07-08,2024-07,Klarna,"Fast Fashion (Shein, Temu, ASOS)",69.96,4,17.49,2024-09-02,No,0,0,69.96
TXN9054,BNPL5009,Occasional User,2024-10-06,2024-10,Klarna,"Fast Fashion (Shein, Temu, ASOS)",47.59,6,7.93,2024-12-29,No,0,0,47.59
TXN9055,BNPL5010,Occasional User,2024-01-18,2024-01,Sezzle,Footwear,136.27,4,34.07,2024-03-14,No,0,0,136.27
TXN9056,BNPL5010,Occasional User,2024-08-16,2024-08,PayBright,Home and Furniture,532.44,3,177.48,2024-09-27,No,0,0,532.44
TXN9057,BNPL5011,Regular User,2024-11-07,2024-11,Klarna,Electronics and Tech,167.74,4,41.94,2025-01-02,No,0,0,167.74
TXN9058,BNPL5011,Regular User,2024-01-29,2024-01,Sezzle,"Fast Fashion (Shein, Temu, ASOS)",52.75,3,17.58,2024-03-11,No,0,0,52.75
TXN9059,BNPL5011,Regular User,2024-02-05,2024-02,Klarna,"Fast Fashion (Shein, Temu, ASOS)",88.59,4,22.15,2024-04-01,No,0,0,88.59
TXN9060,BNPL5011,Regular User,2024-02-25,2024-02,Sezzle,"Fast Fashion (Shein, Temu, ASOS)",41.37,4,10.34,2024-04-21,No,0,0,41.37
TXN9061,BNPL5011,Regular User,2024-09-12,2024-09,Klarna,Electronics and Tech,425.73,4,106.43,2024-11-07,No,0,0,425.73
TXN9062,BNPL5011,Regular User,2024-10-30,2024-10,Afterpay,Electronics and Tech,392.33,6,65.39,2025-01-22,No,0,0,392.33
TXN9063,BNPL5012,Regular User,2024-01-15,2024-01,Afterpay,"Fast Fashion (Shein, Temu, ASOS)",76.66,4,19.16,2024-03-11,No,0,0,76.66
TXN9064,BNPL5012,Regular User,2024-01-01,2024-01,Klarna,Beauty and Skincare,88.18,4,22.05,2024-02-26,Yes,1,8.0,96.18
TXN9065,BNPL5012,Regular User,2024-08-03,2024-08,PayBright,Home and Furniture,429.03,6,71.5,2024-10-26,No,0,0,429.03
TXN9066,BNPL5012,Regular User,2024-11-17,2024-11,Klarna,Beauty and Skincare,66.27,3,22.09,2024-12-29,No,0,0,66.27
TXN9067,BNPL5012,Regular User,2024-10-28,2024-10,PayBright,Beauty and Skincare,109.92,3,36.64,2024-12-09,No,0,0,109.92
TXN9068,BNPL5012,Regular User,2024-12-30,2024-12,Klarna,Sporting Goods,270.55,4,67.64,2025-02-24,No,0,0,270.55
TXN9069,BNPL5012,Regular User,2024-02-08,2024-02,Paidy,Home and Furniture,292.18,4,73.05,2024-04-04,No,0,0,292.18
TXN9070,BNPL5012,Regular User,2024-04-24,2024-04,Klarna,Electronics and Tech,372.83,4,93.21,2024-06-19,No,0,0,372.83
TXN9071,BNPL5012,Regular User,2024-10-13,2024-10,Afterpay,Sporting Goods,233.73,4,58.43,2024-12-08,No,0,0,233.73
TXN9072,BNPL5012,Regular User,2024-08-24,2024-08,PayBright,"Fast Fashion (Shein, Temu, ASOS)",65.29,4,16.32,2024-10-19,No,0,0,65.29
TXN9073,BNPL5013,Occasional User,2024-01-27,2024-01,PayBright,Home and Furniture,430.55,4,107.64,2024-03-23,No,0,0,430.55
TXN9074,BNPL5014,High Exposure User,2024-05-25,2024-05,Afterpay,"Fast Fashion (Shein, Temu, ASOS)",40.14,3,13.38,2024-07-06,Yes,2,16.0,56.14
TXN9075,BNPL5014,High Exposure User,2024-01-17,2024-01,Sezzle,Footwear,115.66,4,28.91,2024-03-13,No,0,0,115.66
TXN9076,BNPL5014,High Exposure User,2024-05-14,2024-05,Klarna,Beauty and Skincare,66.85,6,11.14,2024-08-06,Yes,2,16.0,82.85
TXN9077,BNPL5014,High Exposure User,2024-03-01,2024-03,Klarna,Electronics and Tech,226.28,6,37.71,2024-05-24,No,0,0,226.28
TXN9078,BNPL5014,High Exposure User,2024-05-31,2024-05,PayBright,Footwear,214.37,6,35.73,2024-08-23,No,0,0,214.37
TXN9079,BNPL5014,High Exposure User,2024-03-02,2024-03,Afterpay,Electronics and Tech,222.42,4,55.6,2024-04-27,No,0,0,222.42
TXN9080,BNPL5014,High Exposure User,2024-03-02,2024-03,Afterpay,Home and Furniture,478.37,4,119.59,2024-04-27,No,0,0,478.37
TXN9081,BNPL5014,High Exposure User,2024-03-01,2024-03,Klarna,Footwear,110.0,4,27.5,2024-04-26,No,0,0,110.0
TXN9082,BNPL5014,High Exposure User,2024-02-22,2024-02,Afterpay,Footwear,46.47,3,15.49,2024-04-04,No,0,0,46.47
TXN9083,BNPL5014,High Exposure User,2024-09-08,2024-09,Sezzle,Sporting Goods,327.67,4,81.92,2024-11-03,Yes,1,8.0,335.67
TXN9084,BNPL5014,High Exposure User,2024-02-22,2024-02,Afterpay,Home and Furniture,391.33,4,97.83,2024-04-18,No,0,0,391.33
TXN9085,BNPL5014,High Exposure User,2024-07-17,2024-07,Klarna,Footwear,134.58,4,33.65,2024-09-11,No,0,0,134.58
TXN9086,BNPL5014,High Exposure User,2024-06-18,2024-06,PayBright,Sporting Goods,243.2,3,81.07,2024-07-30,Yes,2,16.0,259.2
TXN9087,BNPL5014,High Exposure User,2024-06-29,2024-06,Afterpay,"Fast Fashion (Shein, Temu, ASOS)",52.93,4,13.23,2024-08-24,Yes,1,8.0,60.93
TXN9088,BNPL5014,High Exposure User,2024-12-01,2024-12,PayBright,"Fast Fashion (Shein, Temu, ASOS)",58.13,4,14.53,2025-01-26,No,0,0,58.13
TXN9089,BNPL5015,Regular User,2024-08-06,2024-08,Klarna,"Fast Fashion (Shein, Temu, ASOS)",56.98,4,14.24,2024-10-01,Yes,1,8.0,64.98
TXN9090,BNPL5015,Regular User,2024-11-26,2024-11,Sezzle,Sporting Goods,141.17,4,35.29,2025-01-21,No,0,0,141.17
TXN9091,BNPL5015,Regular User,2024-10-01,2024-10,PayBright,Home and Furniture,284.01,3,94.67,2024-11-12,No,0,0,284.01
TXN9092,BNPL5015,Regular User,2024-09-20,2024-09,Afterpay,Footwear,128.79,6,21.46,2024-12-13,No,0,0,128.79
TXN9093,BNPL5015,Regular User,2024-07-31,2024-07,Sezzle,"Fast Fashion (Shein, Temu, ASOS)",62.39,3,20.8,2024-09-11,No,0,0,62.39
TXN9094,BNPL5015,Regular User,2024-10-23,2024-10,Afterpay,Beauty and Skincare,91.41,4,22.85,2024-12-18,No,0,0,91.41
TXN9095,BNPL5015,Regular User,2024-06-14,2024-06,PayBright,Electronics and Tech,295.37,6,49.23,2024-09-06,No,0,0,295.37
TXN9096,BNPL5015,Regular User,2024-08-05,2024-08,Afterpay,Beauty and Skincare,85.71,4,21.43,2024-09-30,No,0,0,85.71
TXN9097,BNPL5016,High Exposure User,2024-09-15,2024-09,Paidy,Home and Furniture,364.28,4,91.07,2024-11-10,Yes,1,8.0,372.28
TXN9098,BNPL5016,High Exposure User,2024-09-27,2024-09,Klarna,Beauty and Skincare,65.86,6,10.98,2024-12-20,Yes,2,16.0,81.86
TXN9099,BNPL5016,High Exposure User,2024-05-18,2024-05,Klarna,"Fast Fashion (Shein, Temu, ASOS)",49.02,4,12.26,2024-07-13,No,0,0,49.02
TXN9100,BNPL5016,High Exposure User,2024-07-02,2024-07,Sezzle,"Fast Fashion (Shein, Temu, ASOS)",54.61,3,18.2,2024-08-13,No,0,0,54.61
TXN9101,BNPL5016,High Exposure User,2024-04-24,2024-04,PayBright,Electronics and Tech,330.48,4,82.62,2024-06-19,No,0,0,330.48
TXN9102,BNPL5016,High Exposure User,2024-10-25,2024-10,PayBright,Beauty and Skincare,98.96,3,32.99,2024-12-06,No,0,0,98.96
TXN9103,BNPL5016,High Exposure User,2024-03-25,2024-03,Paidy,Home and Furniture,295.75,4,73.94,2024-05-20,Yes,1,8.0,303.75
TXN9104,BNPL5016,High Exposure User,2024-01-09,2024-01,Afterpay,"Fast Fashion (Shein, Temu, ASOS)",42.0,4,10.5,2024-03-05,Yes,2,16.0,58.0
TXN9105,BNPL5016,High Exposure User,2024-12-07,2024-12,Klarna,Electronics and Tech,286.38,4,71.59,2025-02-01,No,0,0,286.38
TXN9106,BNPL5016,High Exposure User,2024-11-28,2024-11,Klarna,Electronics and Tech,177.62,3,59.21,2025-01-09,No,0,0,177.62
TXN9107,BNPL5016,High Exposure User,2024-06-03,2024-06,Afterpay,"Fast Fashion (Shein, Temu, ASOS)",72.14,6,12.02,2024-08-26,No,0,0,72.14
TXN9108,BNPL5016,High Exposure User,2024-09-06,2024-09,Klarna,"Fast Fashion (Shein, Temu, ASOS)",53.65,6,8.94,2024-11-29,No,0,0,53.65
TXN9109,BNPL5016,High Exposure User,2024-09-25,2024-09,Afterpay,Footwear,119.91,3,39.97,2024-11-06,No,0,0,119.91
TXN9110,BNPL5016,High Exposure User,2024-08-29,2024-08,Afterpay,Electronics and Tech,358.2,4,89.55,2024-10-24,No,0,0,358.2
TXN9111,BNPL5016,High Exposure User,2024-07-07,2024-07,Afterpay,"Fast Fashion (Shein, Temu, ASOS)",59.63,4,14.91,2024-09-01,No,0,0,59.63
TXN9112,BNPL5016,High Exposure User,2024-04-27,2024-04,Afterpay,"Fast Fashion (Shein, Temu, ASOS)",54.39,4,13.6,2024-06-22,Yes,2,16.0,70.39
TXN9113,BNPL5016,High Exposure User,2024-10-30,2024-10,Klarna,Footwear,122.18,4,30.55,2024-12-25,No,0,0,122.18
TXN9114,BNPL5016,High Exposure User,2024-02-17,2024-02,Afterpay,Electronics and Tech,254.79,3,84.93,2024-03-30,No,0,0,254.79
TXN9115,BNPL5016,High Exposure User,2024-04-25,2024-04,Afterpay,Electronics and Tech,250.95,4,62.74,2024-06-20,No,0,0,250.95
TXN9116,BNPL5016,High Exposure User,2024-10-05,2024-10,Klarna,Beauty and Skincare,73.68,4,18.42,2024-11-30,No,0,0,73.68
TXN9117,BNPL5016,High Exposure User,2024-08-19,2024-08,PayBright,Home and Furniture,335.7,6,55.95,2024-11-11,Yes,2,16.0,351.7
TXN9118,BNPL5017,Regular User,2024-06-18,2024-06,Sezzle,Electronics and Tech,276.92,4,69.23,2024-08-13,No,0,0,276.92
TXN9119,BNPL5017,Regular User,2024-03-02,2024-03,Afterpay,Beauty and Skincare,87.49,4,21.87,2024-04-27,No,0,0,87.49
TXN9120,BNPL5017,Regular User,2024-10-02,2024-10,Afterpay,Footwear,133.49,4,33.37,2024-11-27,No,0,0,133.49
TXN9121,BNPL5017,Regular User,2024-11-25,2024-11,Sezzle,Footwear,44.77,4,11.19,2025-01-20,No,0,0,44.77
TXN9122,BNPL5017,Regular User,2024-05-26,2024-05,Afterpay,Beauty and Skincare,110.86,4,27.71,2024-07-21,No,0,0,110.86
TXN9123,BNPL5017,Regular User,2024-10-17,2024-10,Sezzle,Home and Furniture,474.26,3,158.09,2024-11-28,No,0,0,474.26
TXN9124,BNPL5017,Regular User,2024-03-28,2024-03,Sezzle,Beauty and Skincare,90.79,4,22.7,2024-05-23,No,0,0,90.79
TXN9125,BNPL5018,High Exposure User,2024-12-30,2024-12,Afterpay,"Fast Fashion (Shein, Temu, ASOS)",55.01,4,13.75,2025-02-24,No,0,0,55.01
TXN9126,BNPL5018,High Exposure User,2024-12-14,2024-12,Klarna,"Fast Fashion (Shein, Temu, ASOS)",72.93,4,18.23,2025-02-08,No,0,0,72.93
TXN9127,BNPL5018,High Exposure User,2024-10-04,2024-10,Afterpay,"Fast Fashion (Shein, Temu, ASOS)",72.6,6,12.1,2024-12-27,Yes,2,16.0,88.6
TXN9128,BNPL5018,High Exposure User,2024-02-20,2024-02,Afterpay,Footwear,157.37,6,26.23,2024-05-14,No,0,0,157.37
TXN9129,BNPL5018,High Exposure User,2024-01-22,2024-01,Klarna,Beauty and Skincare,117.02,4,29.25,2024-03-18,Yes,2,16.0,133.02
TXN9130,BNPL5018,High Exposure User,2024-09-18,2024-09,Klarna,Beauty and Skincare,63.15,6,10.53,2024-12-11,Yes,2,16.0,79.15
TXN9131,BNPL5018,High Exposure User,2024-07-29,2024-07,Afterpay,Footwear,104.12,6,17.35,2024-10-21,Yes,2,16.0,120.12
TXN9132,BNPL5018,High Exposure User,2024-05-12,2024-05,Sezzle,Electronics and Tech,256.13,4,64.03,2024-07-07,Yes,2,16.0,272.13
TXN9133,BNPL5018,High Exposure User,2024-05-15,2024-05,Klarna,Sporting Goods,263.0,4,65.75,2024-07-10,No,0,0,263.0
TXN9134,BNPL5019,Regular User,2024-08-13,2024-08,PayBright,Electronics and Tech,346.44,4,86.61,2024-10-08,No,0,0,346.44
TXN9135,BNPL5019,Regular User,2024-06-21,2024-06,PayBright,Beauty and Skincare,67.57,6,11.26,2024-09-13,No,0,0,67.57
TXN9136,BNPL5019,Regular User,2024-12-25,2024-12,Afterpay,"Fast Fashion (Shein, Temu, ASOS)",57.53,6,9.59,2025-03-19,No,0,0,57.53
TXN9137,BNPL5019,Regular User,2024-04-01,2024-04,Paidy,Home and Furniture,373.88,4,93.47,2024-05-27,No,0,0,373.88
TXN9138,BNPL5019,Regular User,2024-11-10,2024-11,Klarna,"Fast Fashion (Shein, Temu, ASOS)",58.18,4,14.54,2025-01-05,No,0,0,58.18
TXN9139,BNPL5020,Regular User,2024-11-25,2024-11,Klarna,Electronics and Tech,278.8,4,69.7,2025-01-20,No,0,0,278.8
TXN9140,BNPL5020,Regular User,2024-07-22,2024-07,PayBright,Electronics and Tech,250.82,4,62.7,2024-09-16,Yes,2,16.0,266.82
TXN9141,BNPL5020,Regular User,2024-06-17,2024-06,Sezzle,Electronics and Tech,130.98,4,32.74,2024-08-12,No,0,0,130.98
TXN9142,BNPL5020,Regular User,2024-03-16,2024-03,Afterpay,Electronics and Tech,295.23,4,73.81,2024-05-11,No,0,0,295.23
TXN9143,BNPL5020,Regular User,2024-10-20,2024-10,PayBright,"Fast Fashion (Shein, Temu, ASOS)",56.03,4,14.01,2024-12-15,No,0,0,56.03
TXN9144,BNPL5021,Regular User,2024-12-04,2024-12,Klarna,"Fast Fashion (Shein, Temu, ASOS)",40.81,4,10.2,2025-01-29,No,0,0,40.81
TXN9145,BNPL5021,Regular User,2024-09-16,2024-09,Klarna,Home and Furniture,328.81,4,82.2,2024-11-11,No,0,0,328.81
TXN9146,BNPL5021,Regular User,2024-01-26,2024-01,Afterpay,Electronics and Tech,407.7,4,101.92,2024-03-22,Yes,2,16.0,423.7
TXN9147,BNPL5021,Regular User,2024-09-21,2024-09,Afterpay,Footwear,148.48,4,37.12,2024-11-16,No,0,0,148.48
TXN9148,BNPL5021,Regular User,2024-11-04,2024-11,Klarna,Electronics and Tech,251.53,4,62.88,2024-12-30,No,0,0,251.53
TXN9149,BNPL5021,Regular User,2024-10-17,2024-10,Sezzle,Beauty and Skincare,87.28,3,29.09,2024-11-28,No,0,0,87.28
TXN9150,BNPL5022,Occasional User,2024-09-07,2024-09,Afterpay,"Fast Fashion (Shein, Temu, ASOS)",67.69,4,16.92,2024-11-02,No,0,0,67.69
TXN9151,BNPL5022,Occasional User,2024-06-24,2024-06,Afterpay,"Fast Fashion (Shein, Temu, ASOS)",77.65,4,19.41,2024-08-19,No,0,0,77.65
TXN9152,BNPL5023,Regular User,2024-06-15,2024-06,Klarna,"Fast Fashion (Shein, Temu, ASOS)",39.8,3,13.27,2024-07-27,No,0,0,39.8
TXN9153,BNPL5023,Regular User,2024-01-15,2024-01,Afterpay,Footwear,86.98,4,21.75,2024-03-11,No,0,0,86.98
TXN9154,BNPL5023,Regular User,2024-09-16,2024-09,Afterpay,Beauty and Skincare,61.29,4,15.32,2024-11-11,No,0,0,61.29
TXN9155,BNPL5023,Regular User,2024-05-31,2024-05,PayBright,"Fast Fashion (Shein, Temu, ASOS)",59.32,4,14.83,2024-07-26,No,0,0,59.32
TXN9156,BNPL5023,Regular User,2024-10-19,2024-10,Sezzle,"Fast Fashion (Shein, Temu, ASOS)",71.9,6,11.98,2025-01-11,No,0,0,71.9
TXN9157,BNPL5023,Regular User,2024-06-18,2024-06,Afterpay,Beauty and Skincare,56.47,4,14.12,2024-08-13,No,0,0,56.47
TXN9158,BNPL5023,Regular User,2024-02-28,2024-02,Sezzle,"Fast Fashion (Shein, Temu, ASOS)",42.35,4,10.59,2024-04-24,No,0,0,42.35
TXN9159,BNPL5024,High Exposure User,2024-08-12,2024-08,Sezzle,Footwear,95.24,4,23.81,2024-10-07,Yes,2,16.0,111.24
TXN9160,BNPL5024,High Exposure User,2024-11-07,2024-11,Afterpay,Beauty and Skincare,56.36,6,9.39,2025-01-30,No,0,0,56.36
TXN9161,BNPL5024,High Exposure User,2024-11-28,2024-11,Afterpay,Beauty and Skincare,122.41,4,30.6,2025-01-23,No,0,0,122.41
TXN9162,BNPL5024,High Exposure User,2024-12-29,2024-12,Klarna,Electronics and Tech,232.84,6,38.81,2025-03-23,Yes,1,8.0,240.84
TXN9163,BNPL5024,High Exposure User,2024-12-05,2024-12,Klarna,Sporting Goods,232.36,4,58.09,2025-01-30,Yes,2,16.0,248.36
TXN9164,BNPL5024,High Exposure User,2024-06-19,2024-06,Sezzle,Home and Furniture,318.52,4,79.63,2024-08-14,No,0,0,318.52
TXN9165,BNPL5024,High Exposure User,2024-07-11,2024-07,Klarna,Footwear,100.5,6,16.75,2024-10-03,Yes,1,8.0,108.5
TXN9166,BNPL5024,High Exposure User,2024-12-23,2024-12,Klarna,"Fast Fashion (Shein, Temu, ASOS)",52.73,4,13.18,2025-02-17,No,0,0,52.73
TXN9167,BNPL5024,High Exposure User,2024-07-23,2024-07,Afterpay,Beauty and Skincare,59.15,3,19.72,2024-09-03,No,0,0,59.15
TXN9168,BNPL5024,High Exposure User,2024-05-23,2024-05,Klarna,Home and Furniture,344.79,4,86.2,2024-07-18,Yes,1,8.0,352.79
TXN9169,BNPL5024,High Exposure User,2024-02-08,2024-02,Sezzle,Footwear,92.09,4,23.02,2024-04-04,No,0,0,92.09
TXN9170,BNPL5024,High Exposure User,2024-11-18,2024-11,PayBright,"Fast Fashion (Shein, Temu, ASOS)",65.76,4,16.44,2025-01-13,No,0,0,65.76
TXN9171,BNPL5024,High Exposure User,2024-12-09,2024-12,Klarna,"Fast Fashion (Shein, Temu, ASOS)",49.25,4,12.31,2025-02-03,No,0,0,49.25
TXN9172,BNPL5024,High Exposure User,2024-03-10,2024-03,Klarna,Sporting Goods,158.71,6,26.45,2024-06-02,No,0,0,158.71
TXN9173,BNPL5024,High Exposure User,2024-01-01,2024-01,Sezzle,Footwear,46.74,4,11.69,2024-02-26,No,0,0,46.74
TXN9174,BNPL5024,High Exposure User,2024-12-05,2024-12,Klarna,"Fast Fashion (Shein, Temu, ASOS)",59.9,6,9.98,2025-02-27,No,0,0,59.9
TXN9175,BNPL5025,Regular User,2024-09-07,2024-09,PayBright,"Fast Fashion (Shein, Temu, ASOS)",69.51,6,11.59,2024-11-30,No,0,0,69.51
TXN9176,BNPL5025,Regular User,2024-07-28,2024-07,Sezzle,"Fast Fashion (Shein, Temu, ASOS)",69.63,3,23.21,2024-09-08,Yes,2,16.0,85.63
TXN9177,BNPL5025,Regular User,2024-06-20,2024-06,Klarna,Electronics and Tech,359.37,4,89.84,2024-08-15,No,0,0,359.37
TXN9178,BNPL5025,Regular User,2024-09-22,2024-09,Klarna,"Fast Fashion (Shein, Temu, ASOS)",84.93,4,21.23,2024-11-17,No,0,0,84.93
TXN9179,BNPL5026,Regular User,2024-07-12,2024-07,Afterpay,"Fast Fashion (Shein, Temu, ASOS)",53.06,4,13.27,2024-09-06,No,0,0,53.06
TXN9180,BNPL5026,Regular User,2024-11-19,2024-11,PayBright,Beauty and Skincare,35.97,4,8.99,2025-01-14,No,0,0,35.97
TXN9181,BNPL5026,Regular User,2024-04-29,2024-04,Afterpay,"Fast Fashion (Shein, Temu, ASOS)",69.77,6,11.63,2024-07-22,No,0,0,69.77
TXN9182,BNPL5026,Regular User,2024-02-26,2024-02,Afterpay,"Fast Fashion (Shein, Temu, ASOS)",76.6,6,12.77,2024-05-20,No,0,0,76.6
TXN9183,BNPL5026,Regular User,2024-10-29,2024-10,Afterpay,"Fast Fashion (Shein, Temu, ASOS)",63.84,4,15.96,2024-12-24,No,0,0,63.84
TXN9184,BNPL5026,Regular User,2024-03-12,2024-03,Afterpay,"Fast Fashion (Shein, Temu, ASOS)",82.3,6,13.72,2024-06-04,No,0,0,82.3
TXN9185,BNPL5026,Regular User,2024-10-09,2024-10,Sezzle,Electronics and Tech,259.9,3,86.63,2024-11-20,No,0,0,259.9
TXN9186,BNPL5027,High Exposure User,2024-04-20,2024-04,Sezzle,"Fast Fashion (Shein, Temu, ASOS)",67.65,4,16.91,2024-06-15,No,0,0,67.65
TXN9187,BNPL5027,High Exposure User,2024-03-29,2024-03,Sezzle,Beauty and Skincare,64.99,3,21.66,2024-05-10,Yes,2,16.0,80.99
TXN9188,BNPL5027,High Exposure User,2024-04-21,2024-04,PayBright,Home and Furniture,370.78,6,61.8,2024-07-14,No,0,0,370.78
TXN9189,BNPL5027,High Exposure User,2024-11-28,2024-11,Paidy,Sporting Goods,209.91,4,52.48,2025-01-23,No,0,0,209.91
TXN9190,BNPL5027,High Exposure User,2024-10-22,2024-10,Sezzle,Home and Furniture,298.29,6,49.72,2025-01-14,No,0,0,298.29
TXN9191,BNPL5027,High Exposure User,2024-08-19,2024-08,Afterpay,Electronics and Tech,251.23,3,83.74,2024-09-30,No,0,0,251.23
TXN9192,BNPL5027,High Exposure User,2024-06-19,2024-06,Afterpay,Home and Furniture,394.49,4,98.62,2024-08-14,Yes,1,8.0,402.49
TXN9193,BNPL5027,High Exposure User,2024-01-22,2024-01,Afterpay,Home and Furniture,308.24,3,102.75,2024-03-04,No,0,0,308.24
TXN9194,BNPL5027,High Exposure User,2024-09-04,2024-09,Klarna,"Fast Fashion (Shein, Temu, ASOS)",44.91,4,11.23,2024-10-30,No,0,0,44.91
TXN9195,BNPL5027,High Exposure User,2024-02-20,2024-02,Sezzle,Electronics and Tech,357.65,4,89.41,2024-04-16,No,0,0,357.65
TXN9196,BNPL5027,High Exposure User,2024-01-22,2024-01,Afterpay,Footwear,153.11,3,51.04,2024-03-04,No,0,0,153.11
TXN9197,BNPL5027,High Exposure User,2024-09-14,2024-09,Sezzle,Electronics and Tech,326.84,4,81.71,2024-11-09,No,0,0,326.84
TXN9198,BNPL5027,High Exposure User,2024-04-18,2024-04,PayBright,"Fast Fashion (Shein, Temu, ASOS)",48.4,3,16.13,2024-05-30,No,0,0,48.4
TXN9199,BNPL5027,High Exposure User,2024-05-13,2024-05,Klarna,"Fast Fashion (Shein, Temu, ASOS)",77.45,4,19.36,2024-07-08,No,0,0,77.45
TXN9200,BNPL5027,High Exposure User,2024-11-10,2024-11,Sezzle,"Fast Fashion (Shein, Temu, ASOS)",69.37,3,23.12,2024-12-22,No,0,0,69.37
TXN9201,BNPL5027,High Exposure User,2024-08-27,2024-08,Afterpay,Home and Furniture,229.57,4,57.39,2024-10-22,No,0,0,229.57
TXN9202,BNPL5027,High Exposure User,2024-06-14,2024-06,Afterpay,"Fast Fashion (Shein, Temu, ASOS)",47.27,4,11.82,2024-08-09,No,0,0,47.27
TXN9203,BNPL5027,High Exposure User,2024-02-29,2024-02,Paidy,Footwear,135.23,4,33.81,2024-04-25,No,0,0,135.23
TXN9204,BNPL5028,Regular User,2024-07-21,2024-07,Klarna,Beauty and Skincare,45.07,4,11.27,2024-09-15,No,0,0,45.07
TXN9205,BNPL5028,Regular User,2024-11-09,2024-11,Afterpay,Home and Furniture,430.77,4,107.69,2025-01-04,No,0,0,430.77
TXN9206,BNPL5028,Regular User,2024-07-15,2024-07,Sezzle,Footwear,189.68,3,63.23,2024-08-26,No,0,0,189.68
TXN9207,BNPL5028,Regular User,2024-05-30,2024-05,Sezzle,"Fast Fashion (Shein, Temu, ASOS)",59.25,4,14.81,2024-07-25,No,0,0,59.25
TXN9208,BNPL5028,Regular User,2024-07-22,2024-07,Klarna,"Fast Fashion (Shein, Temu, ASOS)",41.71,4,10.43,2024-09-16,No,0,0,41.71
TXN9209,BNPL5028,Regular User,2024-08-16,2024-08,Sezzle,Electronics and Tech,196.66,6,32.78,2024-11-08,No,0,0,196.66
TXN9210,BNPL5028,Regular User,2024-09-13,2024-09,Klarna,"Fast Fashion (Shein, Temu, ASOS)",75.5,3,25.17,2024-10-25,No,0,0,75.5
TXN9211,BNPL5029,Occasional User,2024-04-13,2024-04,PayBright,Beauty and Skincare,92.96,4,23.24,2024-06-08,No,0,0,92.96
TXN9212,BNPL5029,Occasional User,2024-01-09,2024-01,Sezzle,"Fast Fashion (Shein, Temu, ASOS)",45.78,4,11.45,2024-03-05,No,0,0,45.78
TXN9213,BNPL5030,Occasional User,2024-07-31,2024-07,Afterpay,"Fast Fashion (Shein, Temu, ASOS)",69.37,6,11.56,2024-10-23,No,0,0,69.37
TXN9214,BNPL5030,Occasional User,2024-05-22,2024-05,Sezzle,Footwear,145.09,4,36.27,2024-07-17,No,0,0,145.09
TXN9215,BNPL5031,Occasional User,2024-01-18,2024-01,Sezzle,Footwear,102.38,4,25.59,2024-03-14,No,0,0,102.38
TXN9216,BNPL5031,Occasional User,2024-01-27,2024-01,Klarna,Electronics and Tech,182.31,4,45.58,2024-03-23,No,0,0,182.31
TXN9217,BNPL5032,Regular User,2024-08-16,2024-08,Paidy,"Fast Fashion (Shein, Temu, ASOS)",40.23,4,10.06,2024-10-11,No,0,0,40.23
TXN9218,BNPL5032,Regular User,2024-12-28,2024-12,Sezzle,Electronics and Tech,311.13,4,77.78,2025-02-22,No,0,0,311.13
TXN9219,BNPL5032,Regular User,2024-11-09,2024-11,Sezzle,Footwear,128.95,4,32.24,2025-01-04,No,0,0,128.95
TXN9220,BNPL5032,Regular User,2024-06-04,2024-06,Klarna,Sporting Goods,184.04,3,61.35,2024-07-16,No,0,0,184.04
TXN9221,BNPL5032,Regular User,2024-02-11,2024-02,Afterpay,Electronics and Tech,346.96,3,115.65,2024-03-24,No,0,0,346.96
TXN9222,BNPL5032,Regular User,2024-12-29,2024-12,Sezzle,"Fast Fashion (Shein, Temu, ASOS)",46.24,4,11.56,2025-02-23,No,0,0,46.24
TXN9223,BNPL5032,Regular User,2024-04-03,2024-04,PayBright,Electronics and Tech,312.36,4,78.09,2024-05-29,No,0,0,312.36
TXN9224,BNPL5032,Regular User,2024-05-05,2024-05,Afterpay,"Fast Fashion (Shein, Temu, ASOS)",59.02,6,9.84,2024-07-28,No,0,0,59.02
TXN9225,BNPL5033,Occasional User,2024-08-11,2024-08,Klarna,Sporting Goods,259.13,4,64.78,2024-10-06,No,0,0,259.13
TXN9226,BNPL5034,Regular User,2024-02-12,2024-02,Klarna,Home and Furniture,240.22,4,60.05,2024-04-08,No,0,0,240.22
TXN9227,BNPL5034,Regular User,2024-04-27,2024-04,Sezzle,Sporting Goods,202.15,4,50.54,2024-06-22,No,0,0,202.15
TXN9228,BNPL5034,Regular User,2024-05-05,2024-05,Afterpay,Sporting Goods,281.27,3,93.76,2024-06-16,No,0,0,281.27
TXN9229,BNPL5034,Regular User,2024-06-30,2024-06,Afterpay,Beauty and Skincare,25.12,4,6.28,2024-08-25,No,0,0,25.12
TXN9230,BNPL5034,Regular User,2024-10-14,2024-10,Afterpay,"Fast Fashion (Shein, Temu, ASOS)",98.83,4,24.71,2024-12-09,No,0,0,98.83
TXN9231,BNPL5034,Regular User,2024-05-09,2024-05,Klarna,Beauty and Skincare,28.99,6,4.83,2024-08-01,No,0,0,28.99
TXN9232,BNPL5035,High Exposure User,2024-05-19,2024-05,Sezzle,"Fast Fashion (Shein, Temu, ASOS)",41.84,4,10.46,2024-07-14,No,0,0,41.84
TXN9233,BNPL5035,High Exposure User,2024-04-09,2024-04,Paidy,Footwear,119.98,4,30.0,2024-06-04,Yes,2,16.0,135.98
TXN9234,BNPL5035,High Exposure User,2024-07-24,2024-07,Klarna,Electronics and Tech,183.81,6,30.64,2024-10-16,Yes,2,16.0,199.81
TXN9235,BNPL5035,High Exposure User,2024-11-12,2024-11,Klarna,Beauty and Skincare,81.97,4,20.49,2025-01-07,No,0,0,81.97
TXN9236,BNPL5035,High Exposure User,2024-11-14,2024-11,Klarna,"Fast Fashion (Shein, Temu, ASOS)",70.45,4,17.61,2025-01-09,No,0,0,70.45
TXN9237,BNPL5035,High Exposure User,2024-11-26,2024-11,Afterpay,Footwear,113.33,4,28.33,2025-01-21,Yes,1,8.0,121.33
TXN9238,BNPL5035,High Exposure User,2024-01-29,2024-01,Klarna,"Fast Fashion (Shein, Temu, ASOS)",40.31,3,13.44,2024-03-11,No,0,0,40.31
TXN9239,BNPL5035,High Exposure User,2024-01-18,2024-01,Afterpay,"Fast Fashion (Shein, Temu, ASOS)",46.47,3,15.49,2024-02-29,No,0,0,46.47
TXN9240,BNPL5035,High Exposure User,2024-07-19,2024-07,Afterpay,Electronics and Tech,194.91,4,48.73,2024-09-13,No,0,0,194.91
TXN9241,BNPL5035,High Exposure User,2024-03-11,2024-03,Klarna,Electronics and Tech,325.68,3,108.56,2024-04-22,No,0,0,325.68
TXN9242,BNPL5035,High Exposure User,2024-09-21,2024-09,Klarna,"Fast Fashion (Shein, Temu, ASOS)",78.04,4,19.51,2024-11-16,No,0,0,78.04
TXN9243,BNPL5035,High Exposure User,2024-05-09,2024-05,Klarna,Electronics and Tech,340.08,4,85.02,2024-07-04,Yes,1,8.0,348.08
TXN9244,BNPL5036,High Exposure User,2024-10-04,2024-10,Afterpay,"Fast Fashion (Shein, Temu, ASOS)",46.14,4,11.54,2024-11-29,No,0,0,46.14
TXN9245,BNPL5036,High Exposure User,2024-02-07,2024-02,Afterpay,Beauty and Skincare,94.14,6,15.69,2024-05-01,No,0,0,94.14
TXN9246,BNPL5036,High Exposure User,2024-07-24,2024-07,Afterpay,Home and Furniture,254.49,3,84.83,2024-09-04,No,0,0,254.49
TXN9247,BNPL5036,High Exposure User,2024-05-26,2024-05,Klarna,"Fast Fashion (Shein, Temu, ASOS)",63.38,4,15.85,2024-07-21,No,0,0,63.38
TXN9248,BNPL5036,High Exposure User,2024-09-11,2024-09,Klarna,Footwear,71.87,4,17.97,2024-11-06,Yes,1,8.0,79.87
TXN9249,BNPL5036,High Exposure User,2024-08-09,2024-08,PayBright,Footwear,29.95,6,4.99,2024-11-01,Yes,2,16.0,45.95
TXN9250,BNPL5036,High Exposure User,2024-06-24,2024-06,Klarna,Home and Furniture,305.31,4,76.33,2024-08-19,Yes,2,16.0,321.31
TXN9251,BNPL5036,High Exposure User,2024-05-25,2024-05,Klarna,"Fast Fashion (Shein, Temu, ASOS)",44.74,4,11.19,2024-07-20,Yes,2,16.0,60.74
TXN9252,BNPL5036,High Exposure User,2024-05-24,2024-05,Afterpay,Electronics and Tech,293.68,4,73.42,2024-07-19,No,0,0,293.68
TXN9253,BNPL5036,High Exposure User,2024-06-23,2024-06,Klarna,Beauty and Skincare,78.01,4,19.5,2024-08-18,No,0,0,78.01
TXN9254,BNPL5036,High Exposure User,2024-01-05,2024-01,PayBright,"Fast Fashion (Shein, Temu, ASOS)",51.99,6,8.67,2024-03-29,No,0,0,51.99
TXN9255,BNPL5036,High Exposure User,2024-03-23,2024-03,Afterpay,Electronics and Tech,259.83,6,43.3,2024-06-15,No,0,0,259.83
TXN9256,BNPL5036,High Exposure User,2024-11-06,2024-11,Sezzle,"Fast Fashion (Shein, Temu, ASOS)",40.81,4,10.2,2025-01-01,No,0,0,40.81
TXN9257,BNPL5036,High Exposure User,2024-05-09,2024-05,Klarna,Beauty and Skincare,113.01,3,37.67,2024-06-20,Yes,1,8.0,121.01
TXN9258,BNPL5036,High Exposure User,2024-06-01,2024-06,Afterpay,"Fast Fashion (Shein, Temu, ASOS)",52.63,4,13.16,2024-07-27,No,0,0,52.63
TXN9259,BNPL5036,High Exposure User,2024-07-02,2024-07,Sezzle,Beauty and Skincare,54.2,4,13.55,2024-08-27,No,0,0,54.2
TXN9260,BNPL5037,Occasional User,2024-03-26,2024-03,Paidy,Footwear,120.66,4,30.16,2024-05-21,No,0,0,120.66
TXN9261,BNPL5038,High Exposure User,2024-11-23,2024-11,Afterpay,"Fast Fashion (Shein, Temu, ASOS)",66.83,4,16.71,2025-01-18,No,0,0,66.83
TXN9262,BNPL5038,High Exposure User,2024-10-21,2024-10,Sezzle,"Fast Fashion (Shein, Temu, ASOS)",66.25,3,22.08,2024-12-02,No,0,0,66.25
TXN9263,BNPL5038,High Exposure User,2024-07-15,2024-07,Klarna,Footwear,99.74,4,24.93,2024-09-09,No,0,0,99.74
TXN9264,BNPL5038,High Exposure User,2024-02-24,2024-02,Klarna,Beauty and Skincare,91.81,6,15.3,2024-05-18,Yes,2,16.0,107.81
TXN9265,BNPL5038,High Exposure User,2024-07-22,2024-07,Paidy,Sporting Goods,233.37,4,58.34,2024-09-16,Yes,2,16.0,249.37
TXN9266,BNPL5038,High Exposure User,2024-01-29,2024-01,Sezzle,Electronics and Tech,257.88,4,64.47,2024-03-25,No,0,0,257.88
TXN9267,BNPL5038,High Exposure User,2024-04-06,2024-04,Sezzle,Footwear,119.47,4,29.87,2024-06-01,No,0,0,119.47
TXN9268,BNPL5038,High Exposure User,2024-06-14,2024-06,Afterpay,Footwear,139.42,4,34.85,2024-08-09,No,0,0,139.42
TXN9269,BNPL5038,High Exposure User,2024-09-24,2024-09,Afterpay,"Fast Fashion (Shein, Temu, ASOS)",60.9,4,15.22,2024-11-19,Yes,1,8.0,68.9
TXN9270,BNPL5038,High Exposure User,2024-04-21,2024-04,Paidy,Footwear,107.63,4,26.91,2024-06-16,Yes,1,8.0,115.63
TXN9271,BNPL5038,High Exposure User,2024-08-11,2024-08,Afterpay,"Fast Fashion (Shein, Temu, ASOS)",59.87,4,14.97,2024-10-06,Yes,1,8.0,67.87
TXN9272,BNPL5038,High Exposure User,2024-08-02,2024-08,Klarna,Beauty and Skincare,75.05,6,12.51,2024-10-25,No,0,0,75.05
TXN9273,BNPL5039,Occasional User,2024-11-30,2024-11,Klarna,Electronics and Tech,359.48,3,119.83,2025-01-11,No,0,0,359.48
TXN9274,BNPL5040,Regular User,2024-09-22,2024-09,Paidy,Beauty and Skincare,79.9,4,19.98,2024-11-17,No,0,0,79.9
TXN9275,BNPL5040,Regular User,2024-07-17,2024-07,Afterpay,Beauty and Skincare,52.03,3,17.34,2024-08-28,No,0,0,52.03
TXN9276,BNPL5040,Regular User,2024-05-14,2024-05,Afterpay,"Fast Fashion (Shein, Temu, ASOS)",45.77,3,15.26,2024-06-25,No,0,0,45.77
TXN9277,BNPL5040,Regular User,2024-01-02,2024-01,Afterpay,"Fast Fashion (Shein, Temu, ASOS)",39.59,3,13.2,2024-02-13,No,0,0,39.59
TXN9278,BNPL5040,Regular User,2024-01-22,2024-01,PayBright,Footwear,79.08,4,19.77,2024-03-18,No,0,0,79.08
TXN9279,BNPL5040,Regular User,2024-05-26,2024-05,Sezzle,Electronics and Tech,354.74,4,88.69,2024-07-21,No,0,0,354.74
TXN9280,BNPL5041,Occasional User,2024-07-06,2024-07,PayBright,Sporting Goods,181.34,4,45.34,2024-08-31,No,0,0,181.34
TXN9281,BNPL5041,Occasional User,2024-12-19,2024-12,Klarna,Beauty and Skincare,69.88,6,11.65,2025-03-13,No,0,0,69.88
TXN9282,BNPL5042,Regular User,2024-02-22,2024-02,Afterpay,"Fast Fashion (Shein, Temu, ASOS)",44.99,4,11.25,2024-04-18,No,0,0,44.99
TXN9283,BNPL5042,Regular User,2024-08-23,2024-08,Paidy,"Fast Fashion (Shein, Temu, ASOS)",28.16,6,4.69,2024-11-15,No,0,0,28.16
TXN9284,BNPL5042,Regular User,2024-07-28,2024-07,Afterpay,Footwear,112.85,6,18.81,2024-10-20,No,0,0,112.85
TXN9285,BNPL5042,Regular User,2024-10-05,2024-10,Klarna,"Fast Fashion (Shein, Temu, ASOS)",72.57,4,18.14,2024-11-30,No,0,0,72.57
TXN9286,BNPL5042,Regular User,2024-03-05,2024-03,PayBright,"Fast Fashion (Shein, Temu, ASOS)",44.2,4,11.05,2024-04-30,No,0,0,44.2
TXN9287,BNPL5042,Regular User,2024-10-02,2024-10,Klarna,Sporting Goods,181.27,4,45.32,2024-11-27,No,0,0,181.27
TXN9288,BNPL5042,Regular User,2024-10-13,2024-10,Afterpay,"Fast Fashion (Shein, Temu, ASOS)",64.84,4,16.21,2024-12-08,No,0,0,64.84
TXN9289,BNPL5043,Regular User,2024-08-01,2024-08,Afterpay,Home and Furniture,447.58,4,111.89,2024-09-26,No,0,0,447.58
TXN9290,BNPL5043,Regular User,2024-07-28,2024-07,Afterpay,"Fast Fashion (Shein, Temu, ASOS)",64.51,3,21.5,2024-09-08,No,0,0,64.51
TXN9291,BNPL5043,Regular User,2024-04-15,2024-04,Klarna,Beauty and Skincare,75.37,3,25.12,2024-05-27,No,0,0,75.37
TXN9292,BNPL5043,Regular User,2024-08-04,2024-08,Afterpay,"Fast Fashion (Shein, Temu, ASOS)",67.07,4,16.77,2024-09-29,No,0,0,67.07
TXN9293,BNPL5044,Regular User,2024-10-18,2024-10,Klarna,Electronics and Tech,358.83,4,89.71,2024-12-13,No,0,0,358.83
TXN9294,BNPL5044,Regular User,2024-06-26,2024-06,Afterpay,Electronics and Tech,377.5,4,94.38,2024-08-21,No,0,0,377.5
TXN9295,BNPL5044,Regular User,2024-12-28,2024-12,Sezzle,Electronics and Tech,326.6,6,54.43,2025-03-22,Yes,2,16.0,342.6
TXN9296,BNPL5044,Regular User,2024-05-15,2024-05,Klarna,"Fast Fashion (Shein, Temu, ASOS)",69.12,4,17.28,2024-07-10,No,0,0,69.12
TXN9297,BNPL5044,Regular User,2024-04-09,2024-04,Klarna,"Fast Fashion (Shein, Temu, ASOS)",79.18,4,19.8,2024-06-04,No,0,0,79.18
TXN9298,BNPL5044,Regular User,2024-07-30,2024-07,Sezzle,Home and Furniture,269.36,6,44.89,2024-10-22,No,0,0,269.36
TXN9299,BNPL5044,Regular User,2024-02-07,2024-02,PayBright,Beauty and Skincare,59.5,6,9.92,2024-05-01,No,0,0,59.5
TXN9300,BNPL5044,Regular User,2024-04-29,2024-04,Klarna,Footwear,119.89,3,39.96,2024-06-10,No,0,0,119.89
TXN9301,BNPL5044,Regular User,2024-03-31,2024-03,Afterpay,Footwear,148.73,4,37.18,2024-05-26,No,0,0,148.73
TXN9302,BNPL5044,Regular User,2024-03-13,2024-03,PayBright,Sporting Goods,137.9,6,22.98,2024-06-05,No,0,0,137.9
TXN9303,BNPL5045,High Exposure User,2024-02-21,2024-02,Afterpay,"Fast Fashion (Shein, Temu, ASOS)",54.64,4,13.66,2024-04-17,No,0,0,54.64
TXN9304,BNPL5045,High Exposure User,2024-11-12,2024-11,Afterpay,Sporting Goods,238.62,4,59.66,2025-01-07,Yes,2,16.0,254.62
TXN9305,BNPL5045,High Exposure User,2024-05-12,2024-05,Afterpay,"Fast Fashion (Shein, Temu, ASOS)",38.77,4,9.69,2024-07-07,No,0,0,38.77
TXN9306,BNPL5045,High Exposure User,2024-07-30,2024-07,Klarna,Sporting Goods,206.07,4,51.52,2024-09-24,Yes,1,8.0,214.07
TXN9307,BNPL5045,High Exposure User,2024-03-26,2024-03,Sezzle,Electronics and Tech,219.32,4,54.83,2024-05-21,No,0,0,219.32
TXN9308,BNPL5045,High Exposure User,2024-01-03,2024-01,Sezzle,"Fast Fashion (Shein, Temu, ASOS)",35.82,4,8.96,2024-02-28,No,0,0,35.82
TXN9309,BNPL5045,High Exposure User,2024-05-25,2024-05,Afterpay,Footwear,157.31,4,39.33,2024-07-20,No,0,0,157.31
TXN9310,BNPL5045,High Exposure User,2024-01-29,2024-01,Klarna,Sporting Goods,107.59,4,26.9,2024-03-25,Yes,1,8.0,115.59
TXN9311,BNPL5045,High Exposure User,2024-12-09,2024-12,Sezzle,Beauty and Skincare,85.81,4,21.45,2025-02-03,No,0,0,85.81
TXN9312,BNPL5045,High Exposure User,2024-02-25,2024-02,Afterpay,"Fast Fashion (Shein, Temu, ASOS)",45.53,4,11.38,2024-04-21,No,0,0,45.53
TXN9313,BNPL5045,High Exposure User,2024-11-24,2024-11,Klarna,Beauty and Skincare,69.56,4,17.39,2025-01-19,No,0,0,69.56
TXN9314,BNPL5045,High Exposure User,2024-06-28,2024-06,Sezzle,"Fast Fashion (Shein, Temu, ASOS)",59.6,3,19.87,2024-08-09,Yes,1,8.0,67.6
TXN9315,BNPL5045,High Exposure User,2024-06-01,2024-06,Afterpay,Sporting Goods,148.75,4,37.19,2024-07-27,No,0,0,148.75
TXN9316,BNPL5045,High Exposure User,2024-04-13,2024-04,Afterpay,Home and Furniture,330.75,3,110.25,2024-05-25,No,0,0,330.75
TXN9317,BNPL5045,High Exposure User,2024-05-12,2024-05,Paidy,Electronics and Tech,157.16,4,39.29,2024-07-07,No,0,0,157.16
TXN9318,BNPL5046,Regular User,2024-12-10,2024-12,Sezzle,Footwear,77.27,4,19.32,2025-02-04,No,0,0,77.27
TXN9319,BNPL5046,Regular User,2024-07-27,2024-07,Sezzle,Home and Furniture,297.43,4,74.36,2024-09-21,No,0,0,297.43
TXN9320,BNPL5046,Regular User,2024-11-24,2024-11,Afterpay,Footwear,130.68,4,32.67,2025-01-19,No,0,0,130.68
TXN9321,BNPL5046,Regular User,2024-12-22,2024-12,Afterpay,"Fast Fashion (Shein, Temu, ASOS)",57.18,4,14.29,2025-02-16,No,0,0,57.18
TXN9322,BNPL5046,Regular User,2024-05-16,2024-05,Sezzle,Footwear,149.46,4,37.37,2024-07-11,Yes,1,8.0,157.46
TXN9323,BNPL5046,Regular User,2024-05-11,2024-05,Klarna,"Fast Fashion (Shein, Temu, ASOS)",68.02,4,17.0,2024-07-06,No,0,0,68.02
TXN9324,BNPL5046,Regular User,2024-06-21,2024-06,Afterpay,Beauty and Skincare,64.89,6,10.81,2024-09-13,No,0,0,64.89
TXN9325,BNPL5046,Regular User,2024-02-06,2024-02,Paidy,Footwear,176.56,4,44.14,2024-04-02,No,0,0,176.56
TXN9326,BNPL5046,Regular User,2024-01-09,2024-01,Klarna,"Fast Fashion (Shein, Temu, ASOS)",75.36,4,18.84,2024-03-05,No,0,0,75.36
TXN9327,BNPL5046,Regular User,2024-11-11,2024-11,Sezzle,"Fast Fashion (Shein, Temu, ASOS)",57.1,4,14.28,2025-01-06,No,0,0,57.1
TXN9328,BNPL5047,High Exposure User,2024-06-23,2024-06,Klarna,"Fast Fashion (Shein, Temu, ASOS)",70.31,4,17.58,2024-08-18,No,0,0,70.31
TXN9329,BNPL5047,High Exposure User,2024-09-13,2024-09,Klarna,"Fast Fashion (Shein, Temu, ASOS)",25.72,6,4.29,2024-12-06,No,0,0,25.72
TXN9330,BNPL5047,High Exposure User,2024-12-09,2024-12,PayBright,"Fast Fashion (Shein, Temu, ASOS)",65.21,6,10.87,2025-03-03,No,0,0,65.21
TXN9331,BNPL5047,High Exposure User,2024-09-01,2024-09,Paidy,"Fast Fashion (Shein, Temu, ASOS)",46.72,4,11.68,2024-10-27,No,0,0,46.72
TXN9332,BNPL5047,High Exposure User,2024-03-25,2024-03,Klarna,"Fast Fashion (Shein, Temu, ASOS)",65.84,4,16.46,2024-05-20,No,0,0,65.84
TXN9333,BNPL5047,High Exposure User,2024-10-26,2024-10,Afterpay,"Fast Fashion (Shein, Temu, ASOS)",76.15,3,25.38,2024-12-07,No,0,0,76.15
TXN9334,BNPL5047,High Exposure User,2024-09-23,2024-09,Sezzle,Footwear,100.88,4,25.22,2024-11-18,Yes,2,16.0,116.88
TXN9335,BNPL5047,High Exposure User,2024-06-08,2024-06,Sezzle,Home and Furniture,377.35,3,125.78,2024-07-20,Yes,1,8.0,385.35
TXN9336,BNPL5047,High Exposure User,2024-02-23,2024-02,Paidy,"Fast Fashion (Shein, Temu, ASOS)",83.76,4,20.94,2024-04-19,No,0,0,83.76
TXN9337,BNPL5047,High Exposure User,2024-04-25,2024-04,Klarna,Sporting Goods,242.4,3,80.8,2024-06-06,Yes,1,8.0,250.4
TXN9338,BNPL5047,High Exposure User,2024-07-02,2024-07,Klarna,Electronics and Tech,263.46,4,65.86,2024-08-27,No,0,0,263.46
TXN9339,BNPL5047,High Exposure User,2024-07-29,2024-07,Klarna,Electronics and Tech,310.57,3,103.52,2024-09-09,No,0,0,310.57
TXN9340,BNPL5047,High Exposure User,2024-07-11,2024-07,Sezzle,Beauty and Skincare,41.58,4,10.39,2024-09-05,Yes,2,16.0,57.58
TXN9341,BNPL5047,High Exposure User,2024-03-28,2024-03,Klarna,"Fast Fashion (Shein, Temu, ASOS)",78.49,3,26.16,2024-05-09,No,0,0,78.49
TXN9342,BNPL5047,High Exposure User,2024-01-09,2024-01,Afterpay,Sporting Goods,266.39,4,66.6,2024-03-05,No,0,0,266.39
TXN9343,BNPL5047,High Exposure User,2024-01-06,2024-01,Paidy,Beauty and Skincare,64.05,6,10.67,2024-03-30,No,0,0,64.05
TXN9344,BNPL5047,High Exposure User,2024-08-23,2024-08,Sezzle,"Fast Fashion (Shein, Temu, ASOS)",64.87,4,16.22,2024-10-18,Yes,2,16.0,80.87
TXN9345,BNPL5047,High Exposure User,2024-06-12,2024-06,Afterpay,Electronics and Tech,169.77,3,56.59,2024-07-24,Yes,2,16.0,185.77
TXN9346,BNPL5047,High Exposure User,2024-01-04,2024-01,Klarna,"Fast Fashion (Shein, Temu, ASOS)",45.79,4,11.45,2024-02-29,No,0,0,45.79
TXN9347,BNPL5048,Regular User,2024-03-23,2024-03,PayBright,Electronics and Tech,290.12,6,48.35,2024-06-15,No,0,0,290.12
TXN9348,BNPL5048,Regular User,2024-04-28,2024-04,Sezzle,"Fast Fashion (Shein, Temu, ASOS)",49.32,4,12.33,2024-06-23,No,0,0,49.32
TXN9349,BNPL5048,Regular User,2024-07-22,2024-07,PayBright,Sporting Goods,165.4,4,41.35,2024-09-16,No,0,0,165.4
TXN9350,BNPL5048,Regular User,2024-03-01,2024-03,Afterpay,Sporting Goods,192.58,3,64.19,2024-04-12,No,0,0,192.58
TXN9351,BNPL5048,Regular User,2024-04-25,2024-04,PayBright,Beauty and Skincare,81.42,6,13.57,2024-07-18,No,0,0,81.42
TXN9352,BNPL5048,Regular User,2024-09-26,2024-09,Sezzle,Sporting Goods,214.78,3,71.59,2024-11-07,No,0,0,214.78
TXN9353,BNPL5048,Regular User,2024-04-11,2024-04,Afterpay,Footwear,84.82,6,14.14,2024-07-04,No,0,0,84.82
TXN9354,BNPL5049,Regular User,2024-01-16,2024-01,Afterpay,Sporting Goods,162.36,4,40.59,2024-03-12,No,0,0,162.36
TXN9355,BNPL5049,Regular User,2024-03-08,2024-03,Klarna,Electronics and Tech,157.95,4,39.49,2024-05-03,No,0,0,157.95
TXN9356,BNPL5049,Regular User,2024-07-13,2024-07,Afterpay,Home and Furniture,341.59,4,85.4,2024-09-07,Yes,1,8.0,349.59
TXN9357,BNPL5049,Regular User,2024-05-06,2024-05,Sezzle,"Fast Fashion (Shein, Temu, ASOS)",50.37,4,12.59,2024-07-01,No,0,0,50.37
TXN9358,BNPL5049,Regular User,2024-07-17,2024-07,Afterpay,Beauty and Skincare,98.6,4,24.65,2024-09-11,No,0,0,98.6
TXN9359,BNPL5049,Regular User,2024-05-06,2024-05,Paidy,Footwear,115.6,4,28.9,2024-07-01,No,0,0,115.6
TXN9360,BNPL5049,Regular User,2024-09-30,2024-09,Klarna,Beauty and Skincare,43.08,6,7.18,2024-12-23,No,0,0,43.08
TXN9361,BNPL5049,Regular User,2024-03-20,2024-03,Sezzle,"Fast Fashion (Shein, Temu, ASOS)",44.15,4,11.04,2024-05-15,Yes,2,16.0,60.15
TXN9362,BNPL5050,High Exposure User,2024-03-29,2024-03,PayBright,"Fast Fashion (Shein, Temu, ASOS)",35.63,4,8.91,2024-05-24,Yes,2,16.0,51.63
TXN9363,BNPL5050,High Exposure User,2024-12-19,2024-12,Klarna,Beauty and Skincare,92.73,3,30.91,2025-01-30,No,0,0,92.73
TXN9364,BNPL5050,High Exposure User,2024-08-31,2024-08,PayBright,Electronics and Tech,244.99,4,61.25,2024-10-26,No,0,0,244.99
TXN9365,BNPL5050,High Exposure User,2024-05-17,2024-05,Afterpay,Footwear,149.48,4,37.37,2024-07-12,No,0,0,149.48
TXN9366,BNPL5050,High Exposure User,2024-09-10,2024-09,Klarna,Home and Furniture,222.49,6,37.08,2024-12-03,No,0,0,222.49
TXN9367,BNPL5050,High Exposure User,2024-01-13,2024-01,Afterpay,Electronics and Tech,298.41,4,74.6,2024-03-09,No,0,0,298.41
TXN9368,BNPL5050,High Exposure User,2024-03-20,2024-03,Klarna,Sporting Goods,255.84,4,63.96,2024-05-15,No,0,0,255.84
TXN9369,BNPL5050,High Exposure User,2024-04-07,2024-04,Afterpay,Electronics and Tech,258.99,4,64.75,2024-06-02,Yes,2,16.0,274.99
TXN9370,BNPL5050,High Exposure User,2024-04-03,2024-04,PayBright,"Fast Fashion (Shein, Temu, ASOS)",79.82,6,13.3,2024-06-26,No,0,0,79.82
TXN9371,BNPL5051,High Exposure User,2024-02-04,2024-02,Paidy,Electronics and Tech,154.92,6,25.82,2024-04-28,Yes,2,16.0,170.92
TXN9372,BNPL5051,High Exposure User,2024-06-29,2024-06,Afterpay,Footwear,114.07,4,28.52,2024-08-24,Yes,2,16.0,130.07
TXN9373,BNPL5051,High Exposure User,2024-08-20,2024-08,Klarna,Home and Furniture,379.34,4,94.83,2024-10-15,Yes,1,8.0,387.34
TXN9374,BNPL5051,High Exposure User,2024-09-23,2024-09,Afterpay,"Fast Fashion (Shein, Temu, ASOS)",47.02,6,7.84,2024-12-16,No,0,0,47.02
TXN9375,BNPL5051,High Exposure User,2024-12-24,2024-12,Sezzle,"Fast Fashion (Shein, Temu, ASOS)",52.46,4,13.12,2025-02-18,Yes,1,8.0,60.46
TXN9376,BNPL5051,High Exposure User,2024-10-11,2024-10,Afterpay,"Fast Fashion (Shein, Temu, ASOS)",38.31,4,9.58,2024-12-06,No,0,0,38.31
TXN9377,BNPL5052,Regular User,2024-06-20,2024-06,Afterpay,"Fast Fashion (Shein, Temu, ASOS)",64.19,4,16.05,2024-08-15,No,0,0,64.19
TXN9378,BNPL5052,Regular User,2024-09-30,2024-09,Klarna,Footwear,49.64,3,16.55,2024-11-11,No,0,0,49.64
TXN9379,BNPL5052,Regular User,2024-06-16,2024-06,Klarna,Home and Furniture,431.85,4,107.96,2024-08-11,Yes,1,8.0,439.85
TXN9380,BNPL5052,Regular User,2024-03-18,2024-03,Klarna,"Fast Fashion (Shein, Temu, ASOS)",78.32,4,19.58,2024-05-13,No,0,0,78.32
TXN9381,BNPL5052,Regular User,2024-10-03,2024-10,Afterpay,"Fast Fashion (Shein, Temu, ASOS)",69.12,3,23.04,2024-11-14,Yes,1,8.0,77.12
TXN9382,BNPL5052,Regular User,2024-03-23,2024-03,PayBright,Home and Furniture,229.66,4,57.41,2024-05-18,No,0,0,229.66
TXN9383,BNPL5053,Regular User,2024-08-06,2024-08,Sezzle,Electronics and Tech,279.4,6,46.57,2024-10-29,No,0,0,279.4
TXN9384,BNPL5053,Regular User,2024-05-22,2024-05,Sezzle,Footwear,82.69,6,13.78,2024-08-14,No,0,0,82.69
TXN9385,BNPL5053,Regular User,2024-03-27,2024-03,Afterpay,"Fast Fashion (Shein, Temu, ASOS)",53.82,4,13.46,2024-05-22,No,0,0,53.82
TXN9386,BNPL5053,Regular User,2024-02-09,2024-02,Afterpay,Footwear,144.32,4,36.08,2024-04-05,No,0,0,144.32
TXN9387,BNPL5053,Regular User,2024-04-12,2024-04,Afterpay,Footwear,113.21,3,37.74,2024-05-24,No,0,0,113.21
TXN9388,BNPL5053,Regular User,2024-01-15,2024-01,Afterpay,Beauty and Skincare,60.95,4,15.24,2024-03-11,No,0,0,60.95
TXN9389,BNPL5053,Regular User,2024-01-23,2024-01,Sezzle,Electronics and Tech,220.7,4,55.17,2024-03-19,No,0,0,220.7
TXN9390,BNPL5053,Regular User,2024-09-06,2024-09,Klarna,Electronics and Tech,330.81,3,110.27,2024-10-18,No,0,0,330.81
TXN9391,BNPL5054,High Exposure User,2024-08-24,2024-08,Afterpay,"Fast Fashion (Shein, Temu, ASOS)",50.61,4,12.65,2024-10-19,No,0,0,50.61
TXN9392,BNPL5054,High Exposure User,2024-12-22,2024-12,Sezzle,"Fast Fashion (Shein, Temu, ASOS)",53.68,4,13.42,2025-02-16,No,0,0,53.68
TXN9393,BNPL5054,High Exposure User,2024-11-09,2024-11,Afterpay,Footwear,143.19,6,23.86,2025-02-01,No,0,0,143.19
TXN9394,BNPL5054,High Exposure User,2024-04-29,2024-04,Klarna,Footwear,111.36,6,18.56,2024-07-22,No,0,0,111.36
TXN9395,BNPL5054,High Exposure User,2024-09-17,2024-09,Afterpay,Electronics and Tech,243.08,4,60.77,2024-11-12,No,0,0,243.08
TXN9396,BNPL5054,High Exposure User,2024-12-13,2024-12,Afterpay,Footwear,103.79,4,25.95,2025-02-07,No,0,0,103.79
TXN9397,BNPL5054,High Exposure User,2024-10-20,2024-10,PayBright,"Fast Fashion (Shein, Temu, ASOS)",59.21,4,14.8,2024-12-15,No,0,0,59.21
TXN9398,BNPL5054,High Exposure User,2024-11-27,2024-11,Paidy,Electronics and Tech,298.21,4,74.55,2025-01-22,No,0,0,298.21
TXN9399,BNPL5054,High Exposure User,2024-07-20,2024-07,Afterpay,"Fast Fashion (Shein, Temu, ASOS)",25,4,6.25,2024-09-14,No,0,0,25
TXN9400,BNPL5054,High Exposure User,2024-11-07,2024-11,Sezzle,Beauty and Skincare,115.1,6,19.18,2025-01-30,No,0,0,115.1
TXN9401,BNPL5054,High Exposure User,2024-08-29,2024-08,Afterpay,Footwear,142.73,3,47.58,2024-10-10,No,0,0,142.73
TXN9402,BNPL5054,High Exposure User,2024-04-14,2024-04,Afterpay,Sporting Goods,207.36,3,69.12,2024-05-26,No,0,0,207.36
TXN9403,BNPL5054,High Exposure User,2024-03-13,2024-03,Afterpay,Electronics and Tech,351.19,4,87.8,2024-05-08,No,0,0,351.19
TXN9404,BNPL5054,High Exposure User,2024-01-07,2024-01,PayBright,Beauty and Skincare,103.11,6,17.18,2024-03-31,No,0,0,103.11
TXN9405,BNPL5055,Occasional User,2024-09-12,2024-09,Afterpay,Electronics and Tech,408.8,4,102.2,2024-11-07,No,0,0,408.8
TXN9406,BNPL5056,Regular User,2024-07-01,2024-07,PayBright,Electronics and Tech,340.93,4,85.23,2024-08-26,No,0,0,340.93
TXN9407,BNPL5056,Regular User,2024-07-28,2024-07,Afterpay,Sporting Goods,172.17,6,28.69,2024-10-20,No,0,0,172.17
TXN9408,BNPL5056,Regular User,2024-01-25,2024-01,PayBright,"Fast Fashion (Shein, Temu, ASOS)",29.74,6,4.96,2024-04-18,No,0,0,29.74
TXN9409,BNPL5056,Regular User,2024-11-14,2024-11,Afterpay,Footwear,121.0,4,30.25,2025-01-09,No,0,0,121.0
TXN9410,BNPL5056,Regular User,2024-06-08,2024-06,Sezzle,Home and Furniture,251.56,4,62.89,2024-08-03,No,0,0,251.56
TXN9411,BNPL5056,Regular User,2024-12-09,2024-12,Klarna,"Fast Fashion (Shein, Temu, ASOS)",60.57,6,10.1,2025-03-03,No,0,0,60.57
TXN9412,BNPL5056,Regular User,2024-03-21,2024-03,Klarna,Home and Furniture,484.62,4,121.16,2024-05-16,No,0,0,484.62
TXN9413,BNPL5056,Regular User,2024-12-22,2024-12,Paidy,Beauty and Skincare,95.15,3,31.72,2025-02-02,No,0,0,95.15
TXN9414,BNPL5057,Regular User,2024-10-12,2024-10,Sezzle,"Fast Fashion (Shein, Temu, ASOS)",47.17,4,11.79,2024-12-07,No,0,0,47.17
TXN9415,BNPL5057,Regular User,2024-04-22,2024-04,Sezzle,Home and Furniture,318.64,4,79.66,2024-06-17,No,0,0,318.64
TXN9416,BNPL5057,Regular User,2024-08-23,2024-08,Paidy,Footwear,106.33,4,26.58,2024-10-18,No,0,0,106.33
TXN9417,BNPL5057,Regular User,2024-07-24,2024-07,Klarna,Sporting Goods,185.34,4,46.34,2024-09-18,No,0,0,185.34
TXN9418,BNPL5057,Regular User,2024-10-05,2024-10,Afterpay,Beauty and Skincare,62.84,3,20.95,2024-11-16,No,0,0,62.84
TXN9419,BNPL5058,Occasional User,2024-01-21,2024-01,Afterpay,Sporting Goods,245.16,4,61.29,2024-03-17,No,0,0,245.16
TXN9420,BNPL5059,Occasional User,2024-07-26,2024-07,Sezzle,Beauty and Skincare,80.48,6,13.41,2024-10-18,No,0,0,80.48
TXN9421,BNPL5059,Occasional User,2024-08-29,2024-08,Afterpay,Footwear,143.63,6,23.94,2024-11-21,No,0,0,143.63
TXN9422,BNPL5060,Occasional User,2024-08-14,2024-08,Sezzle,Footwear,164.45,6,27.41,2024-11-06,No,0,0,164.45
TXN9423,BNPL5061,High Exposure User,2024-06-28,2024-06,Afterpay,Home and Furniture,333.87,6,55.65,2024-09-20,No,0,0,333.87
TXN9424,BNPL5061,High Exposure User,2024-02-12,2024-02,Afterpay,Footwear,122.96,4,30.74,2024-04-08,No,0,0,122.96
TXN9425,BNPL5061,High Exposure User,2024-04-05,2024-04,PayBright,Electronics and Tech,207.41,4,51.85,2024-05-31,No,0,0,207.41
TXN9426,BNPL5061,High Exposure User,2024-05-05,2024-05,Klarna,Electronics and Tech,313.27,6,52.21,2024-07-28,Yes,1,8.0,321.27
TXN9427,BNPL5061,High Exposure User,2024-10-06,2024-10,Afterpay,Electronics and Tech,251.92,4,62.98,2024-12-01,No,0,0,251.92
TXN9428,BNPL5061,High Exposure User,2024-04-02,2024-04,Sezzle,Electronics and Tech,290.24,4,72.56,2024-05-28,Yes,1,8.0,298.24
TXN9429,BNPL5061,High Exposure User,2024-01-26,2024-01,Klarna,"Fast Fashion (Shein, Temu, ASOS)",78.88,4,19.72,2024-03-22,Yes,2,16.0,94.88
TXN9430,BNPL5061,High Exposure User,2024-11-23,2024-11,Klarna,Home and Furniture,411.59,4,102.9,2025-01-18,No,0,0,411.59
TXN9431,BNPL5061,High Exposure User,2024-04-19,2024-04,Sezzle,Beauty and Skincare,47.16,6,7.86,2024-07-12,No,0,0,47.16
TXN9432,BNPL5061,High Exposure User,2024-08-15,2024-08,Klarna,Sporting Goods,209.47,3,69.82,2024-09-26,No,0,0,209.47
TXN9433,BNPL5061,High Exposure User,2024-04-19,2024-04,Afterpay,Footwear,120.07,4,30.02,2024-06-14,No,0,0,120.07
TXN9434,BNPL5061,High Exposure User,2024-01-14,2024-01,Afterpay,Home and Furniture,344.43,6,57.41,2024-04-07,No,0,0,344.43
TXN9435,BNPL5061,High Exposure User,2024-08-05,2024-08,PayBright,"Fast Fashion (Shein, Temu, ASOS)",61.8,4,15.45,2024-09-30,No,0,0,61.8
TXN9436,BNPL5061,High Exposure User,2024-06-17,2024-06,Klarna,"Fast Fashion (Shein, Temu, ASOS)",65.47,4,16.37,2024-08-12,No,0,0,65.47
TXN9437,BNPL5061,High Exposure User,2024-02-11,2024-02,Sezzle,"Fast Fashion (Shein, Temu, ASOS)",46.58,6,7.76,2024-05-05,No,0,0,46.58
TXN9438,BNPL5061,High Exposure User,2024-01-30,2024-01,Sezzle,Home and Furniture,358.95,6,59.82,2024-04-23,No,0,0,358.95
TXN9439,BNPL5062,High Exposure User,2024-07-30,2024-07,Paidy,Beauty and Skincare,48.85,3,16.28,2024-09-10,Yes,1,8.0,56.85
TXN9440,BNPL5062,High Exposure User,2024-01-04,2024-01,Afterpay,Beauty and Skincare,97.87,4,24.47,2024-02-29,No,0,0,97.87
TXN9441,BNPL5062,High Exposure User,2024-11-27,2024-11,Sezzle,Electronics and Tech,295.0,4,73.75,2025-01-22,No,0,0,295.0
TXN9442,BNPL5062,High Exposure User,2024-03-06,2024-03,Klarna,Footwear,192.76,3,64.25,2024-04-17,Yes,1,8.0,200.76
TXN9443,BNPL5062,High Exposure User,2024-09-01,2024-09,Klarna,Beauty and Skincare,89.41,4,22.35,2024-10-27,No,0,0,89.41
TXN9444,BNPL5062,High Exposure User,2024-06-14,2024-06,Sezzle,"Fast Fashion (Shein, Temu, ASOS)",42.84,4,10.71,2024-08-09,No,0,0,42.84
TXN9445,BNPL5062,High Exposure User,2024-03-02,2024-03,Klarna,Home and Furniture,394.66,3,131.55,2024-04-13,No,0,0,394.66
TXN9446,BNPL5062,High Exposure User,2024-07-08,2024-07,Afterpay,Electronics and Tech,248.41,4,62.1,2024-09-02,Yes,1,8.0,256.41
TXN9447,BNPL5062,High Exposure User,2024-07-16,2024-07,Paidy,Home and Furniture,380.46,6,63.41,2024-10-08,No,0,0,380.46
TXN9448,BNPL5062,High Exposure User,2024-02-09,2024-02,Sezzle,Footwear,183.14,4,45.78,2024-04-05,Yes,2,16.0,199.14
TXN9449,BNPL5062,High Exposure User,2024-09-17,2024-09,Klarna,Beauty and Skincare,89.6,4,22.4,2024-11-12,No,0,0,89.6
TXN9450,BNPL5062,High Exposure User,2024-01-16,2024-01,Afterpay,Beauty and Skincare,83.91,4,20.98,2024-03-12,No,0,0,83.91
TXN9451,BNPL5062,High Exposure User,2024-07-11,2024-07,Klarna,Electronics and Tech,329.2,4,82.3,2024-09-05,No,0,0,329.2
TXN9452,BNPL5062,High Exposure User,2024-07-13,2024-07,Afterpay,Sporting Goods,181.23,3,60.41,2024-08-24,No,0,0,181.23
TXN9453,BNPL5063,High Exposure User,2024-12-14,2024-12,Sezzle,Footwear,97.34,4,24.34,2025-02-08,No,0,0,97.34
TXN9454,BNPL5063,High Exposure User,2024-06-26,2024-06,Afterpay,"Fast Fashion (Shein, Temu, ASOS)",68.31,4,17.08,2024-08-21,Yes,2,16.0,84.31
TXN9455,BNPL5063,High Exposure User,2024-05-23,2024-05,Paidy,"Fast Fashion (Shein, Temu, ASOS)",46.92,4,11.73,2024-07-18,No,0,0,46.92
TXN9456,BNPL5063,High Exposure User,2024-07-26,2024-07,PayBright,Sporting Goods,221.26,6,36.88,2024-10-18,No,0,0,221.26
TXN9457,BNPL5063,High Exposure User,2024-01-31,2024-01,Sezzle,Beauty and Skincare,98.25,4,24.56,2024-03-27,Yes,2,16.0,114.25
TXN9458,BNPL5063,High Exposure User,2024-12-25,2024-12,Klarna,Home and Furniture,379.13,4,94.78,2025-02-19,No,0,0,379.13
TXN9459,BNPL5063,High Exposure User,2024-08-16,2024-08,Afterpay,Footwear,117.99,4,29.5,2024-10-11,No,0,0,117.99
TXN9460,BNPL5063,High Exposure User,2024-12-02,2024-12,Klarna,"Fast Fashion (Shein, Temu, ASOS)",56.44,3,18.81,2025-01-13,Yes,1,8.0,64.44
TXN9461,BNPL5063,High Exposure User,2024-11-15,2024-11,Sezzle,"Fast Fashion (Shein, Temu, ASOS)",65.43,4,16.36,2025-01-10,Yes,1,8.0,73.43
TXN9462,BNPL5063,High Exposure User,2024-09-04,2024-09,PayBright,"Fast Fashion (Shein, Temu, ASOS)",79.73,6,13.29,2024-11-27,No,0,0,79.73
TXN9463,BNPL5063,High Exposure User,2024-06-13,2024-06,Klarna,Footwear,100.19,6,16.7,2024-09-05,No,0,0,100.19
TXN9464,BNPL5063,High Exposure User,2024-09-15,2024-09,Afterpay,"Fast Fashion (Shein, Temu, ASOS)",77.65,4,19.41,2024-11-10,Yes,1,8.0,85.65
TXN9465,BNPL5063,High Exposure User,2024-01-26,2024-01,Klarna,"Fast Fashion (Shein, Temu, ASOS)",76.52,6,12.75,2024-04-19,No,0,0,76.52
TXN9466,BNPL5063,High Exposure User,2024-07-20,2024-07,Sezzle,Home and Furniture,455.62,6,75.94,2024-10-12,Yes,1,8.0,463.62
TXN9467,BNPL5063,High Exposure User,2024-08-04,2024-08,Paidy,"Fast Fashion (Shein, Temu, ASOS)",81.67,6,13.61,2024-10-27,Yes,1,8.0,89.67
TXN9468,BNPL5064,Occasional User,2024-06-02,2024-06,Klarna,"Fast Fashion (Shein, Temu, ASOS)",65.08,4,16.27,2024-07-28,No,0,0,65.08
TXN9469,BNPL5065,Occasional User,2024-12-30,2024-12,Klarna,Beauty and Skincare,81.95,4,20.49,2025-02-24,No,0,0,81.95
TXN9470,BNPL5066,Occasional User,2024-11-02,2024-11,Afterpay,Footwear,84.99,3,28.33,2024-12-14,No,0,0,84.99
TXN9471,BNPL5067,Occasional User,2024-11-04,2024-11,Klarna,"Fast Fashion (Shein, Temu, ASOS)",77.65,4,19.41,2024-12-30,No,0,0,77.65
TXN9472,BNPL5068,Occasional User,2024-02-27,2024-02,Sezzle,Beauty and Skincare,53.23,4,13.31,2024-04-23,No,0,0,53.23
TXN9473,BNPL5068,Occasional User,2024-10-16,2024-10,Sezzle,Electronics and Tech,456.78,6,76.13,2025-01-08,No,0,0,456.78
TXN9474,BNPL5069,Regular User,2024-08-05,2024-08,Klarna,"Fast Fashion (Shein, Temu, ASOS)",31.39,4,7.85,2024-09-30,No,0,0,31.39
TXN9475,BNPL5069,Regular User,2024-09-30,2024-09,Sezzle,Footwear,187.42,6,31.24,2024-12-23,No,0,0,187.42
TXN9476,BNPL5069,Regular User,2024-08-04,2024-08,Klarna,Beauty and Skincare,68.72,4,17.18,2024-09-29,No,0,0,68.72
TXN9477,BNPL5069,Regular User,2024-11-11,2024-11,PayBright,"Fast Fashion (Shein, Temu, ASOS)",74.26,6,12.38,2025-02-03,No,0,0,74.26
TXN9478,BNPL5069,Regular User,2024-04-16,2024-04,Sezzle,"Fast Fashion (Shein, Temu, ASOS)",68.68,3,22.89,2024-05-28,No,0,0,68.68
TXN9479,BNPL5069,Regular User,2024-04-23,2024-04,Afterpay,"Fast Fashion (Shein, Temu, ASOS)",45.67,6,7.61,2024-07-16,No,0,0,45.67
TXN9480,BNPL5069,Regular User,2024-06-09,2024-06,Sezzle,Electronics and Tech,338.8,4,84.7,2024-08-04,Yes,2,16.0,354.8
TXN9481,BNPL5070,Regular User,2024-01-27,2024-01,PayBright,Beauty and Skincare,66.32,4,16.58,2024-03-23,Yes,2,16.0,82.32
TXN9482,BNPL5070,Regular User,2024-11-15,2024-11,Klarna,"Fast Fashion (Shein, Temu, ASOS)",59.28,4,14.82,2025-01-10,No,0,0,59.28
TXN9483,BNPL5070,Regular User,2024-07-16,2024-07,Afterpay,"Fast Fashion (Shein, Temu, ASOS)",49.67,4,12.42,2024-09-10,No,0,0,49.67
TXN9484,BNPL5070,Regular User,2024-05-29,2024-05,Sezzle,Electronics and Tech,340.2,4,85.05,2024-07-24,No,0,0,340.2
TXN9485,BNPL5071,Regular User,2024-07-13,2024-07,Afterpay,"Fast Fashion (Shein, Temu, ASOS)",79.63,3,26.54,2024-08-24,Yes,2,16.0,95.63
TXN9486,BNPL5071,Regular User,2024-07-22,2024-07,Afterpay,"Fast Fashion (Shein, Temu, ASOS)",62.02,4,15.51,2024-09-16,No,0,0,62.02
TXN9487,BNPL5071,Regular User,2024-11-22,2024-11,Sezzle,Electronics and Tech,421.55,4,105.39,2025-01-17,No,0,0,421.55
TXN9488,BNPL5071,Regular User,2024-03-30,2024-03,Sezzle,Sporting Goods,142.9,3,47.63,2024-05-11,No,0,0,142.9
TXN9489,BNPL5071,Regular User,2024-07-31,2024-07,Klarna,Footwear,140.13,3,46.71,2024-09-11,No,0,0,140.13
TXN9490,BNPL5071,Regular User,2024-12-27,2024-12,Sezzle,"Fast Fashion (Shein, Temu, ASOS)",66.72,4,16.68,2025-02-21,No,0,0,66.72
TXN9491,BNPL5072,Regular User,2024-07-19,2024-07,Afterpay,"Fast Fashion (Shein, Temu, ASOS)",82.04,4,20.51,2024-09-13,Yes,1,8.0,90.04
TXN9492,BNPL5072,Regular User,2024-05-16,2024-05,Klarna,"Fast Fashion (Shein, Temu, ASOS)",72.53,3,24.18,2024-06-27,No,0,0,72.53
TXN9493,BNPL5072,Regular User,2024-08-31,2024-08,Klarna,Sporting Goods,245.71,4,61.43,2024-10-26,No,0,0,245.71
TXN9494,BNPL5072,Regular User,2024-02-13,2024-02,PayBright,Beauty and Skincare,60.38,4,15.1,2024-04-09,No,0,0,60.38
TXN9495,BNPL5072,Regular User,2024-12-24,2024-12,Klarna,Beauty and Skincare,83.01,3,27.67,2025-02-04,No,0,0,83.01
TXN9496,BNPL5072,Regular User,2024-12-06,2024-12,PayBright,Footwear,119.8,4,29.95,2025-01-31,No,0,0,119.8
TXN9497,BNPL5073,Regular User,2024-10-27,2024-10,PayBright,"Fast Fashion (Shein, Temu, ASOS)",54.46,4,13.62,2024-12-22,No,0,0,54.46
TXN9498,BNPL5073,Regular User,2024-08-12,2024-08,Klarna,Electronics and Tech,293.51,4,73.38,2024-10-07,Yes,1,8.0,301.51
TXN9499,BNPL5074,Regular User,2024-06-14,2024-06,Afterpay,Beauty and Skincare,68.31,6,11.38,2024-09-06,No,0,0,68.31
TXN9500,BNPL5074,Regular User,2024-08-15,2024-08,Afterpay,Electronics and Tech,275.15,4,68.79,2024-10-10,No,0,0,275.15
TXN9501,BNPL5074,Regular User,2024-03-05,2024-03,Sezzle,"Fast Fashion (Shein, Temu, ASOS)",45.27,4,11.32,2024-04-30,No,0,0,45.27
TXN9502,BNPL5074,Regular User,2024-08-16,2024-08,Afterpay,"Fast Fashion (Shein, Temu, ASOS)",31.11,3,10.37,2024-09-27,No,0,0,31.11
TXN9503,BNPL5074,Regular User,2024-07-11,2024-07,Klarna,"Fast Fashion (Shein, Temu, ASOS)",39.86,6,6.64,2024-10-03,No,0,0,39.86
TXN9504,BNPL5074,Regular User,2024-02-18,2024-02,Afterpay,Home and Furniture,261.95,6,43.66,2024-05-12,No,0,0,261.95
TXN9505,BNPL5074,Regular User,2024-02-05,2024-02,Klarna,Beauty and Skincare,38.79,3,12.93,2024-03-18,No,0,0,38.79
TXN9506,BNPL5074,Regular User,2024-12-27,2024-12,Sezzle,"Fast Fashion (Shein, Temu, ASOS)",36.09,4,9.02,2025-02-21,No,0,0,36.09
TXN9507,BNPL5075,Regular User,2024-02-27,2024-02,PayBright,"Fast Fashion (Shein, Temu, ASOS)",25,6,4.17,2024-05-21,No,0,0,25
TXN9508,BNPL5075,Regular User,2024-09-14,2024-09,Afterpay,Footwear,112.33,4,28.08,2024-11-09,No,0,0,112.33
TXN9509,BNPL5075,Regular User,2024-07-20,2024-07,Sezzle,Footwear,118.39,4,29.6,2024-09-14,No,0,0,118.39
TXN9510,BNPL5075,Regular User,2024-11-18,2024-11,Afterpay,Home and Furniture,191.48,4,47.87,2025-01-13,No,0,0,191.48
TXN9511,BNPL5075,Regular User,2024-05-21,2024-05,Sezzle,Footwear,100.31,3,33.44,2024-07-02,No,0,0,100.31
TXN9512,BNPL5075,Regular User,2024-02-20,2024-02,Afterpay,Beauty and Skincare,80.42,4,20.11,2024-04-16,Yes,2,16.0,96.42
TXN9513,BNPL5075,Regular User,2024-04-28,2024-04,PayBright,"Fast Fashion (Shein, Temu, ASOS)",54.58,4,13.64,2024-06-23,No,0,0,54.58
TXN9514,BNPL5075,Regular User,2024-01-17,2024-01,PayBright,Electronics and Tech,334.15,4,83.54,2024-03-13,No,0,0,334.15
TXN9515,BNPL5075,Regular User,2024-01-27,2024-01,Afterpay,Home and Furniture,309.77,6,51.63,2024-04-20,No,0,0,309.77
TXN9516,BNPL5076,Occasional User,2024-11-18,2024-11,Sezzle,Sporting Goods,168.28,4,42.07,2025-01-13,No,0,0,168.28
TXN9517,BNPL5076,Occasional User,2024-02-26,2024-02,Afterpay,"Fast Fashion (Shein, Temu, ASOS)",42.76,6,7.13,2024-05-20,No,0,0,42.76
TXN9518,BNPL5077,Occasional User,2024-05-22,2024-05,Sezzle,"Fast Fashion (Shein, Temu, ASOS)",57.51,3,19.17,2024-07-03,No,0,0,57.51
TXN9519,BNPL5077,Occasional User,2024-03-02,2024-03,Sezzle,Electronics and Tech,318.92,4,79.73,2024-04-27,No,0,0,318.92
TXN9520,BNPL5078,Regular User,2024-12-02,2024-12,PayBright,Electronics and Tech,267.31,4,66.83,2025-01-27,No,0,0,267.31
TXN9521,BNPL5078,Regular User,2024-01-31,2024-01,Klarna,"Fast Fashion (Shein, Temu, ASOS)",38.82,4,9.71,2024-03-27,No,0,0,38.82
TXN9522,BNPL5078,Regular User,2024-09-24,2024-09,PayBright,Footwear,111.13,6,18.52,2024-12-17,No,0,0,111.13
TXN9523,BNPL5078,Regular User,2024-06-28,2024-06,Klarna,"Fast Fashion (Shein, Temu, ASOS)",65.23,6,10.87,2024-09-20,No,0,0,65.23
TXN9524,BNPL5078,Regular User,2024-12-13,2024-12,Sezzle,"Fast Fashion (Shein, Temu, ASOS)",25,4,6.25,2025-02-07,No,0,0,25
TXN9525,BNPL5079,Regular User,2024-05-03,2024-05,Sezzle,Footwear,186.63,6,31.11,2024-07-26,Yes,1,8.0,194.63
TXN9526,BNPL5079,Regular User,2024-01-11,2024-01,Klarna,"Fast Fashion (Shein, Temu, ASOS)",71.26,6,11.88,2024-04-04,No,0,0,71.26
TXN9527,BNPL5079,Regular User,2024-10-17,2024-10,Klarna,Home and Furniture,284.27,3,94.76,2024-11-28,Yes,1,8.0,292.27
TXN9528,BNPL5079,Regular User,2024-08-22,2024-08,Klarna,Footwear,81.94,4,20.48,2024-10-17,No,0,0,81.94
TXN9529,BNPL5079,Regular User,2024-07-04,2024-07,Paidy,"Fast Fashion (Shein, Temu, ASOS)",69.08,6,11.51,2024-09-26,No,0,0,69.08
TXN9530,BNPL5079,Regular User,2024-05-10,2024-05,Afterpay,Footwear,71.43,6,11.91,2024-08-02,Yes,2,16.0,87.43
TXN9531,BNPL5080,Regular User,2024-07-26,2024-07,Sezzle,Beauty and Skincare,55.9,4,13.97,2024-09-20,No,0,0,55.9
TXN9532,BNPL5080,Regular User,2024-05-17,2024-05,Klarna,Beauty and Skincare,80.03,4,20.01,2024-07-12,No,0,0,80.03
TXN9533,BNPL5081,Occasional User,2024-10-06,2024-10,Paidy,Beauty and Skincare,54.41,3,18.14,2024-11-17,No,0,0,54.41
TXN9534,BNPL5081,Occasional User,2024-06-29,2024-06,Klarna,Electronics and Tech,253.83,4,63.46,2024-08-24,No,0,0,253.83
TXN9535,BNPL5082,Regular User,2024-05-03,2024-05,Klarna,"Fast Fashion (Shein, Temu, ASOS)",58.44,4,14.61,2024-06-28,No,0,0,58.44
TXN9536,BNPL5082,Regular User,2024-08-28,2024-08,Klarna,Footwear,138.64,3,46.21,2024-10-09,No,0,0,138.64
TXN9537,BNPL5082,Regular User,2024-08-13,2024-08,PayBright,"Fast Fashion (Shein, Temu, ASOS)",45.85,4,11.46,2024-10-08,Yes,1,8.0,53.85
TXN9538,BNPL5082,Regular User,2024-09-30,2024-09,Sezzle,Electronics and Tech,373.69,4,93.42,2024-11-25,No,0,0,373.69
TXN9539,BNPL5082,Regular User,2024-10-01,2024-10,PayBright,Electronics and Tech,445.1,3,148.37,2024-11-12,No,0,0,445.1
TXN9540,BNPL5082,Regular User,2024-12-26,2024-12,Paidy,"Fast Fashion (Shein, Temu, ASOS)",45.85,3,15.28,2025-02-06,Yes,1,8.0,53.85
TXN9541,BNPL5082,Regular User,2024-09-18,2024-09,Sezzle,Sporting Goods,174.97,4,43.74,2024-11-13,No,0,0,174.97
TXN9542,BNPL5083,Regular User,2024-03-22,2024-03,Klarna,Electronics and Tech,153.5,4,38.38,2024-05-17,Yes,1,8.0,161.5
TXN9543,BNPL5083,Regular User,2024-04-21,2024-04,PayBright,Beauty and Skincare,109.09,4,27.27,2024-06-16,No,0,0,109.09
TXN9544,BNPL5083,Regular User,2024-02-06,2024-02,Paidy,Home and Furniture,285.15,4,71.29,2024-04-02,No,0,0,285.15
TXN9545,BNPL5083,Regular User,2024-07-06,2024-07,Sezzle,Beauty and Skincare,73.45,4,18.36,2024-08-31,No,0,0,73.45
TXN9546,BNPL5083,Regular User,2024-11-26,2024-11,Afterpay,Footwear,138.71,4,34.68,2025-01-21,No,0,0,138.71
TXN9547,BNPL5084,Regular User,2024-03-29,2024-03,Afterpay,Footwear,139.9,4,34.98,2024-05-24,No,0,0,139.9
TXN9548,BNPL5084,Regular User,2024-02-25,2024-02,Sezzle,Beauty and Skincare,63.53,6,10.59,2024-05-19,No,0,0,63.53
TXN9549,BNPL5084,Regular User,2024-09-06,2024-09,Klarna,"Fast Fashion (Shein, Temu, ASOS)",48.26,3,16.09,2024-10-18,No,0,0,48.26
TXN9550,BNPL5084,Regular User,2024-03-22,2024-03,Afterpay,"Fast Fashion (Shein, Temu, ASOS)",55.26,4,13.81,2024-05-17,Yes,2,16.0,71.26
TXN9551,BNPL5084,Regular User,2024-05-02,2024-05,Klarna,"Fast Fashion (Shein, Temu, ASOS)",68.13,4,17.03,2024-06-27,No,0,0,68.13
TXN9552,BNPL5084,Regular User,2024-10-09,2024-10,Klarna,"Fast Fashion (Shein, Temu, ASOS)",68.53,3,22.84,2024-11-20,No,0,0,68.53
TXN9553,BNPL5084,Regular User,2024-06-02,2024-06,Sezzle,"Fast Fashion (Shein, Temu, ASOS)",62.88,4,15.72,2024-07-28,No,0,0,62.88
TXN9554,BNPL5085,Regular User,2024-12-20,2024-12,Paidy,Beauty and Skincare,84.94,3,28.31,2025-01-31,No,0,0,84.94
TXN9555,BNPL5085,Regular User,2024-12-26,2024-12,Afterpay,Sporting Goods,195.31,3,65.1,2025-02-06,No,0,0,195.31
TXN9556,BNPL5085,Regular User,2024-02-20,2024-02,Paidy,"Fast Fashion (Shein, Temu, ASOS)",63.31,6,10.55,2024-05-14,No,0,0,63.31
TXN9557,BNPL5085,Regular User,2024-01-09,2024-01,PayBright,Home and Furniture,465.99,4,116.5,2024-03-05,Yes,2,16.0,481.99
TXN9558,BNPL5085,Regular User,2024-11-24,2024-11,Afterpay,Home and Furniture,159.28,4,39.82,2025-01-19,No,0,0,159.28
TXN9559,BNPL5085,Regular User,2024-09-10,2024-09,PayBright,Home and Furniture,345.57,4,86.39,2024-11-05,No,0,0,345.57
TXN9560,BNPL5085,Regular User,2024-06-12,2024-06,Klarna,Home and Furniture,316.36,4,79.09,2024-08-07,No,0,0,316.36
TXN9561,BNPL5086,Occasional User,2024-01-11,2024-01,Sezzle,Electronics and Tech,231.05,3,77.02,2024-02-22,No,0,0,231.05
TXN9562,BNPL5086,Occasional User,2024-01-01,2024-01,Afterpay,"Fast Fashion (Shein, Temu, ASOS)",66.06,6,11.01,2024-03-25,No,0,0,66.06
TXN9563,BNPL5087,Regular User,2024-07-13,2024-07,Sezzle,Beauty and Skincare,89.32,4,22.33,2024-09-07,Yes,2,16.0,105.32
TXN9564,BNPL5087,Regular User,2024-09-02,2024-09,Afterpay,"Fast Fashion (Shein, Temu, ASOS)",67.61,3,22.54,2024-10-14,Yes,2,16.0,83.61
TXN9565,BNPL5087,Regular User,2024-04-26,2024-04,PayBright,Electronics and Tech,272.43,3,90.81,2024-06-07,No,0,0,272.43
TXN9566,BNPL5087,Regular User,2024-04-21,2024-04,Afterpay,Footwear,140.61,4,35.15,2024-06-16,No,0,0,140.61
TXN9567,BNPL5087,Regular User,2024-12-10,2024-12,Afterpay,Home and Furniture,402.9,4,100.72,2025-02-04,No,0,0,402.9
TXN9568,BNPL5088,Regular User,2024-03-21,2024-03,Klarna,"Fast Fashion (Shein, Temu, ASOS)",41.34,4,10.34,2024-05-16,No,0,0,41.34
TXN9569,BNPL5088,Regular User,2024-05-17,2024-05,PayBright,"Fast Fashion (Shein, Temu, ASOS)",54.62,4,13.65,2024-07-12,No,0,0,54.62
TXN9570,BNPL5088,Regular User,2024-09-21,2024-09,Afterpay,Sporting Goods,104.67,4,26.17,2024-11-16,No,0,0,104.67
TXN9571,BNPL5088,Regular User,2024-09-19,2024-09,Afterpay,Beauty and Skincare,107.75,6,17.96,2024-12-12,No,0,0,107.75
TXN9572,BNPL5088,Regular User,2024-02-29,2024-02,Klarna,Electronics and Tech,299.61,4,74.9,2024-04-25,No,0,0,299.61
TXN9573,BNPL5088,Regular User,2024-05-24,2024-05,Paidy,Footwear,87.66,4,21.91,2024-07-19,Yes,1,8.0,95.66
TXN9574,BNPL5088,Regular User,2024-02-09,2024-02,Klarna,"Fast Fashion (Shein, Temu, ASOS)",81.94,3,27.31,2024-03-22,No,0,0,81.94
TXN9575,BNPL5088,Regular User,2024-06-10,2024-06,Klarna,Electronics and Tech,266.88,4,66.72,2024-08-05,No,0,0,266.88
TXN9576,BNPL5089,Occasional User,2024-12-24,2024-12,Sezzle,"Fast Fashion (Shein, Temu, ASOS)",46.85,4,11.71,2025-02-18,No,0,0,46.85
TXN9577,BNPL5090,Regular User,2024-02-28,2024-02,Klarna,"Fast Fashion (Shein, Temu, ASOS)",93.22,6,15.54,2024-05-22,No,0,0,93.22
TXN9578,BNPL5090,Regular User,2024-06-06,2024-06,Afterpay,Beauty and Skincare,55.7,4,13.93,2024-08-01,No,0,0,55.7
TXN9579,BNPL5090,Regular User,2024-01-22,2024-01,Afterpay,Footwear,90.42,3,30.14,2024-03-04,No,0,0,90.42
TXN9580,BNPL5090,Regular User,2024-03-25,2024-03,Afterpay,Beauty and Skincare,61.42,6,10.24,2024-06-17,No,0,0,61.42
TXN9581,BNPL5090,Regular User,2024-04-27,2024-04,Sezzle,Sporting Goods,237.35,4,59.34,2024-06-22,Yes,2,16.0,253.35
TXN9582,BNPL5090,Regular User,2024-08-08,2024-08,Klarna,Electronics and Tech,249.75,3,83.25,2024-09-19,No,0,0,249.75
TXN9583,BNPL5091,High Exposure User,2024-12-06,2024-12,Sezzle,"Fast Fashion (Shein, Temu, ASOS)",49.75,4,12.44,2025-01-31,Yes,1,8.0,57.75
TXN9584,BNPL5091,High Exposure User,2024-05-02,2024-05,Sezzle,"Fast Fashion (Shein, Temu, ASOS)",68.94,4,17.23,2024-06-27,No,0,0,68.94
TXN9585,BNPL5091,High Exposure User,2024-01-08,2024-01,PayBright,"Fast Fashion (Shein, Temu, ASOS)",44.04,6,7.34,2024-04-01,No,0,0,44.04
TXN9586,BNPL5091,High Exposure User,2024-11-24,2024-11,Afterpay,Beauty and Skincare,84.88,3,28.29,2025-01-05,Yes,2,16.0,100.88
TXN9587,BNPL5091,High Exposure User,2024-02-17,2024-02,Afterpay,Electronics and Tech,291.5,3,97.17,2024-03-30,No,0,0,291.5
TXN9588,BNPL5091,High Exposure User,2024-08-11,2024-08,Klarna,"Fast Fashion (Shein, Temu, ASOS)",64.33,6,10.72,2024-11-03,Yes,1,8.0,72.33
TXN9589,BNPL5091,High Exposure User,2024-04-15,2024-04,Paidy,Home and Furniture,370.92,4,92.73,2024-06-10,No,0,0,370.92
TXN9590,BNPL5092,Regular User,2024-02-06,2024-02,Sezzle,"Fast Fashion (Shein, Temu, ASOS)",60.01,4,15.0,2024-04-02,No,0,0,60.01
TXN9591,BNPL5092,Regular User,2024-05-08,2024-05,Klarna,Footwear,130.65,4,32.66,2024-07-03,No,0,0,130.65
TXN9592,BNPL5092,Regular User,2024-08-22,2024-08,Afterpay,Home and Furniture,235.91,4,58.98,2024-10-17,No,0,0,235.91
TXN9593,BNPL5092,Regular User,2024-08-20,2024-08,Afterpay,Electronics and Tech,217.53,3,72.51,2024-10-01,No,0,0,217.53
TXN9594,BNPL5092,Regular User,2024-04-26,2024-04,Sezzle,"Fast Fashion (Shein, Temu, ASOS)",25.82,4,6.46,2024-06-21,No,0,0,25.82
TXN9595,BNPL5092,Regular User,2024-01-25,2024-01,Klarna,"Fast Fashion (Shein, Temu, ASOS)",47.66,4,11.91,2024-03-21,Yes,2,16.0,63.66
TXN9596,BNPL5092,Regular User,2024-11-07,2024-11,Klarna,Home and Furniture,271.29,4,67.82,2025-01-02,No,0,0,271.29
TXN9597,BNPL5092,Regular User,2024-04-03,2024-04,Klarna,Electronics and Tech,297.53,4,74.38,2024-05-29,No,0,0,297.53
TXN9598,BNPL5093,Occasional User,2024-11-18,2024-11,PayBright,"Fast Fashion (Shein, Temu, ASOS)",57.53,3,19.18,2024-12-30,No,0,0,57.53
TXN9599,BNPL5093,Occasional User,2024-04-05,2024-04,PayBright,Home and Furniture,237.98,4,59.49,2024-05-31,No,0,0,237.98
TXN9600,BNPL5094,Occasional User,2024-12-22,2024-12,PayBright,Footwear,128.25,4,32.06,2025-02-16,Yes,1,8.0,136.25
TXN9601,BNPL5094,Occasional User,2024-11-18,2024-11,Klarna,Electronics and Tech,456.54,4,114.14,2025-01-13,No,0,0,456.54
TXN9602,BNPL5095,High Exposure User,2024-05-16,2024-05,PayBright,Beauty and Skincare,75.64,4,18.91,2024-07-11,Yes,1,8.0,83.64
TXN9603,BNPL5095,High Exposure User,2024-02-22,2024-02,Klarna,Beauty and Skincare,110.46,3,36.82,2024-04-04,No,0,0,110.46
TXN9604,BNPL5095,High Exposure User,2024-12-26,2024-12,Klarna,"Fast Fashion (Shein, Temu, ASOS)",61.14,6,10.19,2025-03-20,Yes,2,16.0,77.14
TXN9605,BNPL5095,High Exposure User,2024-12-29,2024-12,Afterpay,Electronics and Tech,226.54,4,56.63,2025-02-23,Yes,1,8.0,234.54
TXN9606,BNPL5095,High Exposure User,2024-02-12,2024-02,Afterpay,Beauty and Skincare,104.56,4,26.14,2024-04-08,No,0,0,104.56
TXN9607,BNPL5095,High Exposure User,2024-03-07,2024-03,Afterpay,"Fast Fashion (Shein, Temu, ASOS)",76.17,4,19.04,2024-05-02,No,0,0,76.17
TXN9608,BNPL5095,High Exposure User,2024-07-04,2024-07,Afterpay,Beauty and Skincare,85.43,6,14.24,2024-09-26,No,0,0,85.43
TXN9609,BNPL5095,High Exposure User,2024-09-16,2024-09,Klarna,Beauty and Skincare,74.54,4,18.64,2024-11-11,No,0,0,74.54
TXN9610,BNPL5095,High Exposure User,2024-06-26,2024-06,Sezzle,Beauty and Skincare,84.36,3,28.12,2024-08-07,No,0,0,84.36
TXN9611,BNPL5095,High Exposure User,2024-06-11,2024-06,Klarna,Electronics and Tech,320.49,4,80.12,2024-08-06,No,0,0,320.49
TXN9612,BNPL5095,High Exposure User,2024-07-18,2024-07,Klarna,Beauty and Skincare,100.98,3,33.66,2024-08-29,No,0,0,100.98
TXN9613,BNPL5096,Occasional User,2024-03-08,2024-03,PayBright,"Fast Fashion (Shein, Temu, ASOS)",55.41,4,13.85,2024-05-03,No,0,0,55.41
TXN9614,BNPL5096,Occasional User,2024-04-03,2024-04,Klarna,"Fast Fashion (Shein, Temu, ASOS)",74.49,3,24.83,2024-05-15,No,0,0,74.49
TXN9615,BNPL5097,Regular User,2024-09-30,2024-09,Afterpay,"Fast Fashion (Shein, Temu, ASOS)",65.22,4,16.3,2024-11-25,No,0,0,65.22
TXN9616,BNPL5097,Regular User,2024-11-01,2024-11,Afterpay,Beauty and Skincare,27.07,4,6.77,2024-12-27,No,0,0,27.07
TXN9617,BNPL5097,Regular User,2024-04-21,2024-04,Klarna,Sporting Goods,203.7,6,33.95,2024-07-14,No,0,0,203.7
TXN9618,BNPL5097,Regular User,2024-01-27,2024-01,Sezzle,"Fast Fashion (Shein, Temu, ASOS)",61.03,6,10.17,2024-04-20,No,0,0,61.03
TXN9619,BNPL5098,Regular User,2024-01-21,2024-01,PayBright,Beauty and Skincare,64.99,6,10.83,2024-04-14,No,0,0,64.99
TXN9620,BNPL5098,Regular User,2024-09-22,2024-09,Sezzle,Beauty and Skincare,83.29,6,13.88,2024-12-15,No,0,0,83.29
TXN9621,BNPL5098,Regular User,2024-04-03,2024-04,Afterpay,"Fast Fashion (Shein, Temu, ASOS)",46.93,3,15.64,2024-05-15,No,0,0,46.93
TXN9622,BNPL5098,Regular User,2024-08-24,2024-08,Paidy,Footwear,154.38,6,25.73,2024-11-16,No,0,0,154.38
TXN9623,BNPL5098,Regular User,2024-06-08,2024-06,Klarna,"Fast Fashion (Shein, Temu, ASOS)",71.74,3,23.91,2024-07-20,No,0,0,71.74
TXN9624,BNPL5098,Regular User,2024-04-05,2024-04,Afterpay,Beauty and Skincare,83.27,4,20.82,2024-05-31,No,0,0,83.27
TXN9625,BNPL5099,Regular User,2024-06-17,2024-06,Klarna,Footwear,92.55,4,23.14,2024-08-12,No,0,0,92.55
TXN9626,BNPL5099,Regular User,2024-06-06,2024-06,Afterpay,"Fast Fashion (Shein, Temu, ASOS)",59.15,4,14.79,2024-08-01,No,0,0,59.15
TXN9627,BNPL5099,Regular User,2024-09-17,2024-09,Sezzle,Footwear,123.53,4,30.88,2024-11-12,No,0,0,123.53
TXN9628,BNPL5099,Regular User,2024-07-08,2024-07,Klarna,Home and Furniture,198.57,3,66.19,2024-08-19,No,0,0,198.57
TXN9629,BNPL5099,Regular User,2024-02-19,2024-02,Klarna,Footwear,145.81,4,36.45,2024-04-15,No,0,0,145.81
TXN9630,BNPL5099,Regular User,2024-05-14,2024-05,Sezzle,"Fast Fashion (Shein, Temu, ASOS)",59.05,4,14.76,2024-07-09,No,0,0,59.05
TXN9631,BNPL5099,Regular User,2024-12-27,2024-12,Afterpay,Beauty and Skincare,67.09,4,16.77,2025-02-21,Yes,2,16.0,83.09
TXN9632,BNPL5100,Occasional User,2024-07-17,2024-07,Afterpay,"Fast Fashion (Shein, Temu, ASOS)",57.68,4,14.42,2024-09-11,No,0,0,57.68
TXN9633,BNPL5101,Occasional User,2024-03-20,2024-03,Afterpay,Electronics and Tech,329.64,3,109.88,2024-05-01,No,0,0,329.64
TXN9634,BNPL5101,Occasional User,2024-10-20,2024-10,Afterpay,Electronics and Tech,256.32,4,64.08,2024-12-15,No,0,0,256.32
TXN9635,BNPL5101,Occasional User,2024-03-21,2024-03,Sezzle,Beauty and Skincare,56.83,3,18.94,2024-05-02,Yes,2,16.0,72.83
TXN9636,BNPL5102,Regular User,2024-06-05,2024-06,Afterpay,Home and Furniture,333.15,3,111.05,2024-07-17,No,0,0,333.15
TXN9637,BNPL5102,Regular User,2024-09-22,2024-09,Sezzle,"Fast Fashion (Shein, Temu, ASOS)",80.42,4,20.11,2024-11-17,No,0,0,80.42
TXN9638,BNPL5102,Regular User,2024-01-25,2024-01,Afterpay,"Fast Fashion (Shein, Temu, ASOS)",74.77,6,12.46,2024-04-18,No,0,0,74.77
TXN9639,BNPL5102,Regular User,2024-01-14,2024-01,PayBright,"Fast Fashion (Shein, Temu, ASOS)",25,3,8.33,2024-02-25,No,0,0,25
TXN9640,BNPL5102,Regular User,2024-07-18,2024-07,Klarna,"Fast Fashion (Shein, Temu, ASOS)",44.37,6,7.39,2024-10-10,No,0,0,44.37
TXN9641,BNPL5103,High Exposure User,2024-09-28,2024-09,PayBright,"Fast Fashion (Shein, Temu, ASOS)",65.5,3,21.83,2024-11-09,No,0,0,65.5
TXN9642,BNPL5103,High Exposure User,2024-03-27,2024-03,Afterpay,"Fast Fashion (Shein, Temu, ASOS)",63.7,4,15.93,2024-05-22,No,0,0,63.7
TXN9643,BNPL5103,High Exposure User,2024-07-11,2024-07,Klarna,Sporting Goods,202.37,3,67.46,2024-08-22,Yes,1,8.0,210.37
TXN9644,BNPL5103,High Exposure User,2024-03-15,2024-03,Sezzle,Sporting Goods,104.82,4,26.2,2024-05-10,Yes,2,16.0,120.82
TXN9645,BNPL5103,High Exposure User,2024-03-08,2024-03,Sezzle,Footwear,97.84,4,24.46,2024-05-03,Yes,2,16.0,113.84
TXN9646,BNPL5103,High Exposure User,2024-03-20,2024-03,Klarna,Home and Furniture,254.75,4,63.69,2024-05-15,Yes,2,16.0,270.75
TXN9647,BNPL5103,High Exposure User,2024-08-14,2024-08,Sezzle,"Fast Fashion (Shein, Temu, ASOS)",105.2,6,17.53,2024-11-06,Yes,2,16.0,121.2
TXN9648,BNPL5103,High Exposure User,2024-01-26,2024-01,Klarna,Electronics and Tech,435.89,3,145.3,2024-03-08,No,0,0,435.89
TXN9649,BNPL5103,High Exposure User,2024-07-10,2024-07,Afterpay,"Fast Fashion (Shein, Temu, ASOS)",45.98,4,11.49,2024-09-04,Yes,1,8.0,53.98
TXN9650,BNPL5103,High Exposure User,2024-01-12,2024-01,Sezzle,Footwear,135.77,3,45.26,2024-02-23,No,0,0,135.77
TXN9651,BNPL5104,Regular User,2024-04-29,2024-04,Klarna,Beauty and Skincare,68.61,4,17.15,2024-06-24,No,0,0,68.61
TXN9652,BNPL5104,Regular User,2024-10-14,2024-10,Afterpay,Home and Furniture,291.54,4,72.89,2024-12-09,No,0,0,291.54
TXN9653,BNPL5104,Regular User,2024-09-06,2024-09,Afterpay,"Fast Fashion (Shein, Temu, ASOS)",60.94,4,15.23,2024-11-01,No,0,0,60.94
TXN9654,BNPL5104,Regular User,2024-04-01,2024-04,Afterpay,Sporting Goods,293.75,4,73.44,2024-05-27,No,0,0,293.75
TXN9655,BNPL5104,Regular User,2024-11-20,2024-11,Sezzle,Sporting Goods,163.67,3,54.56,2025-01-01,No,0,0,163.67
TXN9656,BNPL5104,Regular User,2024-01-10,2024-01,Klarna,"Fast Fashion (Shein, Temu, ASOS)",60.5,4,15.12,2024-03-06,No,0,0,60.5
TXN9657,BNPL5104,Regular User,2024-09-06,2024-09,PayBright,Beauty and Skincare,89.64,4,22.41,2024-11-01,No,0,0,89.64
TXN9658,BNPL5104,Regular User,2024-07-29,2024-07,Klarna,Electronics and Tech,387.43,3,129.14,2024-09-09,No,0,0,387.43
TXN9659,BNPL5104,Regular User,2024-02-10,2024-02,PayBright,"Fast Fashion (Shein, Temu, ASOS)",52.92,6,8.82,2024-05-04,No,0,0,52.92
TXN9660,BNPL5105,Regular User,2024-12-13,2024-12,Afterpay,"Fast Fashion (Shein, Temu, ASOS)",49.69,4,12.42,2025-02-07,No,0,0,49.69
TXN9661,BNPL5105,Regular User,2024-07-15,2024-07,Afterpay,"Fast Fashion (Shein, Temu, ASOS)",61.86,4,15.46,2024-09-09,No,0,0,61.86
TXN9662,BNPL5105,Regular User,2024-12-18,2024-12,Afterpay,Footwear,107.8,6,17.97,2025-03-12,No,0,0,107.8
TXN9663,BNPL5105,Regular User,2024-01-19,2024-01,Sezzle,Beauty and Skincare,88.75,6,14.79,2024-04-12,No,0,0,88.75
TXN9664,BNPL5106,High Exposure User,2024-07-15,2024-07,Klarna,Home and Furniture,433.76,4,108.44,2024-09-09,No,0,0,433.76
TXN9665,BNPL5106,High Exposure User,2024-09-19,2024-09,Sezzle,Electronics and Tech,342.36,3,114.12,2024-10-31,Yes,2,16.0,358.36
TXN9666,BNPL5106,High Exposure User,2024-12-16,2024-12,Sezzle,Sporting Goods,164.43,4,41.11,2025-02-10,No,0,0,164.43
TXN9667,BNPL5106,High Exposure User,2024-05-09,2024-05,Sezzle,Sporting Goods,169.74,4,42.44,2024-07-04,No,0,0,169.74
TXN9668,BNPL5106,High Exposure User,2024-12-26,2024-12,PayBright,"Fast Fashion (Shein, Temu, ASOS)",61.67,6,10.28,2025-03-20,Yes,1,8.0,69.67
TXN9669,BNPL5106,High Exposure User,2024-05-26,2024-05,Klarna,Footwear,230.16,4,57.54,2024-07-21,No,0,0,230.16
TXN9670,BNPL5106,High Exposure User,2024-03-11,2024-03,Klarna,Beauty and Skincare,93.2,4,23.3,2024-05-06,No,0,0,93.2
TXN9671,BNPL5106,High Exposure User,2024-02-19,2024-02,Afterpay,"Fast Fashion (Shein, Temu, ASOS)",71.24,6,11.87,2024-05-13,Yes,2,16.0,87.24
TXN9672,BNPL5106,High Exposure User,2024-09-08,2024-09,Afterpay,Beauty and Skincare,70.87,4,17.72,2024-11-03,No,0,0,70.87
TXN9673,BNPL5106,High Exposure User,2024-02-04,2024-02,Klarna,Electronics and Tech,346.76,3,115.59,2024-03-17,Yes,1,8.0,354.76
TXN9674,BNPL5106,High Exposure User,2024-12-02,2024-12,Afterpay,Sporting Goods,216.43,3,72.14,2025-01-13,No,0,0,216.43
TXN9675,BNPL5106,High Exposure User,2024-10-04,2024-10,PayBright,Home and Furniture,326.65,4,81.66,2024-11-29,Yes,1,8.0,334.65
TXN9676,BNPL5106,High Exposure User,2024-08-31,2024-08,Sezzle,Beauty and Skincare,98.11,6,16.35,2024-11-23,Yes,2,16.0,114.11
TXN9677,BNPL5106,High Exposure User,2024-11-06,2024-11,Afterpay,Home and Furniture,275.02,3,91.67,2024-12-18,No,0,0,275.02
TXN9678,BNPL5106,High Exposure User,2024-11-16,2024-11,PayBright,Electronics and Tech,303.31,4,75.83,2025-01-11,No,0,0,303.31
TXN9679,BNPL5107,Occasional User,2024-08-18,2024-08,Afterpay,Electronics and Tech,395.95,4,98.99,2024-10-13,No,0,0,395.95
TXN9680,BNPL5108,High Exposure User,2024-05-25,2024-05,Sezzle,"Fast Fashion (Shein, Temu, ASOS)",44.14,6,7.36,2024-08-17,No,0,0,44.14
TXN9681,BNPL5108,High Exposure User,2024-07-02,2024-07,Afterpay,Footwear,75.42,3,25.14,2024-08-13,No,0,0,75.42
TXN9682,BNPL5108,High Exposure User,2024-03-05,2024-03,Klarna,"Fast Fashion (Shein, Temu, ASOS)",30.89,6,5.15,2024-05-28,No,0,0,30.89
TXN9683,BNPL5108,High Exposure User,2024-12-17,2024-12,PayBright,Electronics and Tech,375.01,4,93.75,2025-02-11,Yes,1,8.0,383.01
TXN9684,BNPL5108,High Exposure User,2024-02-12,2024-02,Paidy,Sporting Goods,132.3,4,33.08,2024-04-08,No,0,0,132.3
TXN9685,BNPL5108,High Exposure User,2024-03-05,2024-03,Klarna,"Fast Fashion (Shein, Temu, ASOS)",64.05,4,16.01,2024-04-30,No,0,0,64.05
TXN9686,BNPL5108,High Exposure User,2024-10-16,2024-10,Klarna,"Fast Fashion (Shein, Temu, ASOS)",83.9,4,20.98,2024-12-11,No,0,0,83.9
TXN9687,BNPL5108,High Exposure User,2024-05-16,2024-05,Klarna,Footwear,135.44,4,33.86,2024-07-11,No,0,0,135.44
TXN9688,BNPL5108,High Exposure User,2024-02-28,2024-02,Klarna,Beauty and Skincare,60.42,6,10.07,2024-05-22,No,0,0,60.42
TXN9689,BNPL5108,High Exposure User,2024-03-03,2024-03,Paidy,Electronics and Tech,212.04,4,53.01,2024-04-28,Yes,2,16.0,228.04
TXN9690,BNPL5108,High Exposure User,2024-04-21,2024-04,Klarna,Footwear,107.55,4,26.89,2024-06-16,No,0,0,107.55
TXN9691,BNPL5108,High Exposure User,2024-12-17,2024-12,Klarna,Home and Furniture,284.67,3,94.89,2025-01-28,No,0,0,284.67
TXN9692,BNPL5108,High Exposure User,2024-01-23,2024-01,Afterpay,Beauty and Skincare,102.33,4,25.58,2024-03-19,Yes,1,8.0,110.33
TXN9693,BNPL5108,High Exposure User,2024-06-08,2024-06,Afterpay,"Fast Fashion (Shein, Temu, ASOS)",45.85,4,11.46,2024-08-03,No,0,0,45.85
TXN9694,BNPL5109,Occasional User,2024-07-04,2024-07,Afterpay,"Fast Fashion (Shein, Temu, ASOS)",48.19,4,12.05,2024-08-29,No,0,0,48.19
TXN9695,BNPL5110,Regular User,2024-03-12,2024-03,Afterpay,Footwear,108.57,4,27.14,2024-05-07,No,0,0,108.57
TXN9696,BNPL5110,Regular User,2024-07-08,2024-07,Paidy,Sporting Goods,219.18,4,54.8,2024-09-02,Yes,1,8.0,227.18
TXN9697,BNPL5110,Regular User,2024-06-11,2024-06,Klarna,Footwear,154.62,4,38.66,2024-08-06,No,0,0,154.62
TXN9698,BNPL5110,Regular User,2024-03-11,2024-03,Klarna,Home and Furniture,447.62,6,74.6,2024-06-03,No,0,0,447.62
TXN9699,BNPL5110,Regular User,2024-01-11,2024-01,Afterpay,Home and Furniture,266.8,3,88.93,2024-02-22,No,0,0,266.8
TXN9700,BNPL5110,Regular User,2024-10-27,2024-10,Afterpay,Sporting Goods,171.08,4,42.77,2024-12-22,No,0,0,171.08
TXN9701,BNPL5110,Regular User,2024-09-09,2024-09,Klarna,"Fast Fashion (Shein, Temu, ASOS)",78.67,3,26.22,2024-10-21,No,0,0,78.67
TXN9702,BNPL5111,Occasional User,2024-10-26,2024-10,Afterpay,"Fast Fashion (Shein, Temu, ASOS)",62.4,4,15.6,2024-12-21,No,0,0,62.4
TXN9703,BNPL5111,Occasional User,2024-01-18,2024-01,Sezzle,Beauty and Skincare,60.94,4,15.23,2024-03-14,No,0,0,60.94
TXN9704,BNPL5111,Occasional User,2024-01-07,2024-01,Klarna,Beauty and Skincare,26.92,3,8.97,2024-02-18,No,0,0,26.92
TXN9705,BNPL5112,High Exposure User,2024-09-01,2024-09,Klarna,"Fast Fashion (Shein, Temu, ASOS)",53.43,4,13.36,2024-10-27,No,0,0,53.43
TXN9706,BNPL5112,High Exposure User,2024-10-20,2024-10,PayBright,Footwear,116.87,4,29.22,2024-12-15,No,0,0,116.87
TXN9707,BNPL5112,High Exposure User,2024-04-24,2024-04,Afterpay,"Fast Fashion (Shein, Temu, ASOS)",72.01,3,24.0,2024-06-05,Yes,2,16.0,88.01
TXN9708,BNPL5112,High Exposure User,2024-02-10,2024-02,Klarna,Sporting Goods,285.59,3,95.2,2024-03-23,No,0,0,285.59
TXN9709,BNPL5112,High Exposure User,2024-09-19,2024-09,Sezzle,"Fast Fashion (Shein, Temu, ASOS)",43.61,3,14.54,2024-10-31,No,0,0,43.61
TXN9710,BNPL5112,High Exposure User,2024-11-22,2024-11,Afterpay,Beauty and Skincare,79.27,4,19.82,2025-01-17,Yes,1,8.0,87.27
TXN9711,BNPL5112,High Exposure User,2024-04-26,2024-04,Klarna,Beauty and Skincare,46.58,6,7.76,2024-07-19,No,0,0,46.58
TXN9712,BNPL5112,High Exposure User,2024-02-12,2024-02,Klarna,"Fast Fashion (Shein, Temu, ASOS)",54.69,4,13.67,2024-04-08,No,0,0,54.69
TXN9713,BNPL5112,High Exposure User,2024-12-19,2024-12,Klarna,Beauty and Skincare,94.93,4,23.73,2025-02-13,No,0,0,94.93
TXN9714,BNPL5113,Regular User,2024-03-11,2024-03,Paidy,Sporting Goods,202.05,4,50.51,2024-05-06,No,0,0,202.05
TXN9715,BNPL5113,Regular User,2024-07-14,2024-07,Sezzle,Home and Furniture,415.71,6,69.28,2024-10-06,No,0,0,415.71
TXN9716,BNPL5113,Regular User,2024-05-13,2024-05,Afterpay,Footwear,163.64,6,27.27,2024-08-05,Yes,2,16.0,179.64
TXN9717,BNPL5113,Regular User,2024-06-25,2024-06,Klarna,"Fast Fashion (Shein, Temu, ASOS)",50.68,4,12.67,2024-08-20,No,0,0,50.68
TXN9718,BNPL5113,Regular User,2024-08-05,2024-08,Afterpay,"Fast Fashion (Shein, Temu, ASOS)",61.08,4,15.27,2024-09-30,Yes,2,16.0,77.08
TXN9719,BNPL5114,High Exposure User,2024-05-11,2024-05,Afterpay,Footwear,110.54,6,18.42,2024-08-03,Yes,2,16.0,126.54
TXN9720,BNPL5114,High Exposure User,2024-08-29,2024-08,Afterpay,Sporting Goods,191.07,6,31.84,2024-11-21,Yes,1,8.0,199.07
TXN9721,BNPL5114,High Exposure User,2024-06-25,2024-06,Sezzle,"Fast Fashion (Shein, Temu, ASOS)",72.18,4,18.05,2024-08-20,No,0,0,72.18
TXN9722,BNPL5114,High Exposure User,2024-02-28,2024-02,Afterpay,Home and Furniture,345.77,6,57.63,2024-05-22,Yes,2,16.0,361.77
TXN9723,BNPL5114,High Exposure User,2024-08-27,2024-08,Sezzle,Footwear,139.77,4,34.94,2024-10-22,No,0,0,139.77
TXN9724,BNPL5114,High Exposure User,2024-01-03,2024-01,Afterpay,Home and Furniture,559.72,4,139.93,2024-02-28,No,0,0,559.72
TXN9725,BNPL5115,Regular User,2024-03-13,2024-03,Sezzle,Beauty and Skincare,65.58,6,10.93,2024-06-05,No,0,0,65.58
TXN9726,BNPL5115,Regular User,2024-05-06,2024-05,Klarna,"Fast Fashion (Shein, Temu, ASOS)",67.6,3,22.53,2024-06-17,No,0,0,67.6
TXN9727,BNPL5115,Regular User,2024-01-07,2024-01,Klarna,Electronics and Tech,321.58,4,80.39,2024-03-03,No,0,0,321.58
TXN9728,BNPL5115,Regular User,2024-02-02,2024-02,Sezzle,Footwear,81.92,4,20.48,2024-03-29,No,0,0,81.92
TXN9729,BNPL5116,Occasional User,2024-12-29,2024-12,Sezzle,"Fast Fashion (Shein, Temu, ASOS)",36.57,3,12.19,2025-02-09,No,0,0,36.57
TXN9730,BNPL5116,Occasional User,2024-01-23,2024-01,Klarna,Beauty and Skincare,67.67,3,22.56,2024-03-05,No,0,0,67.67
TXN9731,BNPL5116,Occasional User,2024-10-04,2024-10,Sezzle,Home and Furniture,309.95,6,51.66,2024-12-27,No,0,0,309.95
TXN9732,BNPL5117,High Exposure User,2024-06-27,2024-06,Afterpay,"Fast Fashion (Shein, Temu, ASOS)",51.58,4,12.89,2024-08-22,No,0,0,51.58
TXN9733,BNPL5117,High Exposure User,2024-06-21,2024-06,Paidy,"Fast Fashion (Shein, Temu, ASOS)",65.55,4,16.39,2024-08-16,No,0,0,65.55
TXN9734,BNPL5117,High Exposure User,2024-05-27,2024-05,Klarna,"Fast Fashion (Shein, Temu, ASOS)",50.31,4,12.58,2024-07-22,No,0,0,50.31
TXN9735,BNPL5117,High Exposure User,2024-02-04,2024-02,Sezzle,Beauty and Skincare,69.73,4,17.43,2024-03-31,Yes,1,8.0,77.73
TXN9736,BNPL5117,High Exposure User,2024-01-29,2024-01,Afterpay,Footwear,96.69,6,16.11,2024-04-22,No,0,0,96.69
TXN9737,BNPL5117,High Exposure User,2024-01-08,2024-01,Afterpay,"Fast Fashion (Shein, Temu, ASOS)",39.79,3,13.26,2024-02-19,No,0,0,39.79
TXN9738,BNPL5117,High Exposure User,2024-12-27,2024-12,Afterpay,"Fast Fashion (Shein, Temu, ASOS)",91.95,4,22.99,2025-02-21,No,0,0,91.95
TXN9739,BNPL5117,High Exposure User,2024-09-15,2024-09,PayBright,"Fast Fashion (Shein, Temu, ASOS)",53.22,4,13.3,2024-11-10,No,0,0,53.22
TXN9740,BNPL5117,High Exposure User,2024-06-30,2024-06,Sezzle,Beauty and Skincare,63.4,6,10.57,2024-09-22,Yes,1,8.0,71.4
TXN9741,BNPL5117,High Exposure User,2024-11-17,2024-11,Sezzle,"Fast Fashion (Shein, Temu, ASOS)",55.15,4,13.79,2025-01-12,No,0,0,55.15
TXN9742,BNPL5118,Occasional User,2024-11-28,2024-11,Sezzle,Sporting Goods,201.42,3,67.14,2025-01-09,No,0,0,201.42
TXN9743,BNPL5119,High Exposure User,2024-12-15,2024-12,Paidy,Electronics and Tech,345.6,3,115.2,2025-01-26,Yes,2,16.0,361.6
TXN9744,BNPL5119,High Exposure User,2024-11-02,2024-11,Sezzle,"Fast Fashion (Shein, Temu, ASOS)",53.81,3,17.94,2024-12-14,No,0,0,53.81
TXN9745,BNPL5119,High Exposure User,2024-10-30,2024-10,Sezzle,Footwear,67.64,4,16.91,2024-12-25,No,0,0,67.64
TXN9746,BNPL5119,High Exposure User,2024-09-28,2024-09,Afterpay,Electronics and Tech,299.46,4,74.86,2024-11-23,No,0,0,299.46
TXN9747,BNPL5119,High Exposure User,2024-06-21,2024-06,Afterpay,Home and Furniture,315.87,4,78.97,2024-08-16,No,0,0,315.87
TXN9748,BNPL5119,High Exposure User,2024-12-08,2024-12,Sezzle,Footwear,95.13,4,23.78,2025-02-02,No,0,0,95.13
TXN9749,BNPL5119,High Exposure User,2024-04-14,2024-04,Klarna,"Fast Fashion (Shein, Temu, ASOS)",56.07,4,14.02,2024-06-09,No,0,0,56.07
TXN9750,BNPL5119,High Exposure User,2024-12-09,2024-12,Afterpay,Sporting Goods,172.71,3,57.57,2025-01-20,No,0,0,172.71
TXN9751,BNPL5119,High Exposure User,2024-03-23,2024-03,Sezzle,Footwear,140.79,4,35.2,2024-05-18,No,0,0,140.79
TXN9752,BNPL5119,High Exposure User,2024-03-22,2024-03,PayBright,Beauty and Skincare,57.03,4,14.26,2024-05-17,Yes,1,8.0,65.03
TXN9753,BNPL5119,High Exposure User,2024-06-05,2024-06,Klarna,"Fast Fashion (Shein, Temu, ASOS)",64.29,4,16.07,2024-07-31,No,0,0,64.29
TXN9754,BNPL5119,High Exposure User,2024-03-16,2024-03,Afterpay,Electronics and Tech,234.96,6,39.16,2024-06-08,No,0,0,234.96
TXN9755,BNPL5119,High Exposure User,2024-02-21,2024-02,Afterpay,Home and Furniture,431.52,4,107.88,2024-04-17,No,0,0,431.52
TXN9756,BNPL5120,Regular User,2024-01-22,2024-01,Afterpay,Footwear,133.0,4,33.25,2024-03-18,No,0,0,133.0
TXN9757,BNPL5120,Regular User,2024-12-25,2024-12,Sezzle,Electronics and Tech,232.96,4,58.24,2025-02-19,No,0,0,232.96
TXN9758,BNPL5120,Regular User,2024-11-30,2024-11,PayBright,Footwear,206.44,4,51.61,2025-01-25,No,0,0,206.44
TXN9759,BNPL5120,Regular User,2024-08-08,2024-08,Sezzle,Home and Furniture,252.23,3,84.08,2024-09-19,No,0,0,252.23
TXN9760,BNPL5120,Regular User,2024-05-14,2024-05,Paidy,"Fast Fashion (Shein, Temu, ASOS)",58.3,4,14.57,2024-07-09,Yes,1,8.0,66.3
TXN9761,BNPL5120,Regular User,2024-07-23,2024-07,Afterpay,"Fast Fashion (Shein, Temu, ASOS)",68.84,4,17.21,2024-09-17,No,0,0,68.84
TXN9762,BNPL5121,High Exposure User,2024-02-23,2024-02,PayBright,"Fast Fashion (Shein, Temu, ASOS)",68.75,6,11.46,2024-05-17,No,0,0,68.75
TXN9763,BNPL5121,High Exposure User,2024-11-21,2024-11,Afterpay,"Fast Fashion (Shein, Temu, ASOS)",51.28,4,12.82,2025-01-16,No,0,0,51.28
TXN9764,BNPL5121,High Exposure User,2024-04-09,2024-04,Paidy,Beauty and Skincare,80.63,4,20.16,2024-06-04,No,0,0,80.63
TXN9765,BNPL5121,High Exposure User,2024-12-11,2024-12,Klarna,"Fast Fashion (Shein, Temu, ASOS)",61.06,4,15.27,2025-02-05,No,0,0,61.06
TXN9766,BNPL5121,High Exposure User,2024-11-15,2024-11,Afterpay,"Fast Fashion (Shein, Temu, ASOS)",41.03,3,13.68,2024-12-27,No,0,0,41.03
TXN9767,BNPL5121,High Exposure User,2024-01-03,2024-01,Klarna,"Fast Fashion (Shein, Temu, ASOS)",37.49,3,12.5,2024-02-14,No,0,0,37.49
TXN9768,BNPL5121,High Exposure User,2024-03-23,2024-03,PayBright,"Fast Fashion (Shein, Temu, ASOS)",44.99,4,11.25,2024-05-18,No,0,0,44.99
TXN9769,BNPL5121,High Exposure User,2024-03-30,2024-03,Klarna,"Fast Fashion (Shein, Temu, ASOS)",54.92,6,9.15,2024-06-22,No,0,0,54.92
TXN9770,BNPL5121,High Exposure User,2024-01-01,2024-01,PayBright,"Fast Fashion (Shein, Temu, ASOS)",52.14,6,8.69,2024-03-25,Yes,1,8.0,60.14
TXN9771,BNPL5121,High Exposure User,2024-07-14,2024-07,Afterpay,Sporting Goods,213.4,6,35.57,2024-10-06,No,0,0,213.4
TXN9772,BNPL5121,High Exposure User,2024-08-02,2024-08,PayBright,"Fast Fashion (Shein, Temu, ASOS)",52.07,4,13.02,2024-09-27,No,0,0,52.07
TXN9773,BNPL5121,High Exposure User,2024-06-11,2024-06,Paidy,"Fast Fashion (Shein, Temu, ASOS)",65.44,6,10.91,2024-09-03,No,0,0,65.44
TXN9774,BNPL5121,High Exposure User,2024-08-26,2024-08,Afterpay,Home and Furniture,471.44,6,78.57,2024-11-18,Yes,1,8.0,479.44
TXN9775,BNPL5121,High Exposure User,2024-03-29,2024-03,PayBright,Footwear,76.93,4,19.23,2024-05-24,No,0,0,76.93
TXN9776,BNPL5121,High Exposure User,2024-01-08,2024-01,Afterpay,Home and Furniture,211.78,4,52.95,2024-03-04,No,0,0,211.78
TXN9777,BNPL5122,High Exposure User,2024-07-29,2024-07,Klarna,"Fast Fashion (Shein, Temu, ASOS)",61.96,4,15.49,2024-09-23,No,0,0,61.96
TXN9778,BNPL5122,High Exposure User,2024-06-23,2024-06,Afterpay,"Fast Fashion (Shein, Temu, ASOS)",62.0,3,20.67,2024-08-04,No,0,0,62.0
TXN9779,BNPL5122,High Exposure User,2024-09-19,2024-09,Sezzle,Sporting Goods,220.53,6,36.76,2024-12-12,No,0,0,220.53
TXN9780,BNPL5122,High Exposure User,2024-09-15,2024-09,Afterpay,Electronics and Tech,347.86,6,57.98,2024-12-08,No,0,0,347.86
TXN9781,BNPL5122,High Exposure User,2024-02-07,2024-02,PayBright,"Fast Fashion (Shein, Temu, ASOS)",44.6,4,11.15,2024-04-03,Yes,2,16.0,60.6
TXN9782,BNPL5122,High Exposure User,2024-11-03,2024-11,Klarna,Sporting Goods,258.97,6,43.16,2025-01-26,No,0,0,258.97
TXN9783,BNPL5122,High Exposure User,2024-10-13,2024-10,Klarna,Footwear,140.7,4,35.17,2024-12-08,Yes,2,16.0,156.7
TXN9784,BNPL5122,High Exposure User,2024-08-08,2024-08,Klarna,"Fast Fashion (Shein, Temu, ASOS)",42.83,6,7.14,2024-10-31,No,0,0,42.83
TXN9785,BNPL5122,High Exposure User,2024-07-05,2024-07,Sezzle,Sporting Goods,185.94,3,61.98,2024-08-16,No,0,0,185.94
TXN9786,BNPL5122,High Exposure User,2024-10-01,2024-10,Sezzle,Electronics and Tech,334.89,4,83.72,2024-11-26,No,0,0,334.89
TXN9787,BNPL5122,High Exposure User,2024-02-09,2024-02,Afterpay,Beauty and Skincare,72.43,6,12.07,2024-05-03,No,0,0,72.43
TXN9788,BNPL5122,High Exposure User,2024-05-03,2024-05,Klarna,"Fast Fashion (Shein, Temu, ASOS)",109.29,4,27.32,2024-06-28,No,0,0,109.29
TXN9789,BNPL5122,High Exposure User,2024-06-28,2024-06,Klarna,Footwear,100.56,4,25.14,2024-08-23,No,0,0,100.56
TXN9790,BNPL5123,High Exposure User,2024-10-02,2024-10,Sezzle,Home and Furniture,405.71,4,101.43,2024-11-27,No,0,0,405.71
TXN9791,BNPL5123,High Exposure User,2024-11-27,2024-11,Klarna,Sporting Goods,183.76,4,45.94,2025-01-22,No,0,0,183.76
TXN9792,BNPL5123,High Exposure User,2024-12-29,2024-12,Paidy,"Fast Fashion (Shein, Temu, ASOS)",66.89,4,16.72,2025-02-23,No,0,0,66.89
TXN9793,BNPL5123,High Exposure User,2024-04-09,2024-04,Afterpay,Sporting Goods,199.03,4,49.76,2024-06-04,No,0,0,199.03
TXN9794,BNPL5123,High Exposure User,2024-10-23,2024-10,Afterpay,"Fast Fashion (Shein, Temu, ASOS)",76.79,3,25.6,2024-12-04,Yes,2,16.0,92.79
TXN9795,BNPL5123,High Exposure User,2024-11-10,2024-11,PayBright,Home and Furniture,386.97,4,96.74,2025-01-05,No,0,0,386.97
TXN9796,BNPL5123,High Exposure User,2024-06-20,2024-06,Afterpay,"Fast Fashion (Shein, Temu, ASOS)",35.64,4,8.91,2024-08-15,No,0,0,35.64
TXN9797,BNPL5123,High Exposure User,2024-03-04,2024-03,Afterpay,Beauty and Skincare,73.56,4,18.39,2024-04-29,Yes,1,8.0,81.56
TXN9798,BNPL5123,High Exposure User,2024-06-19,2024-06,Afterpay,Beauty and Skincare,87.07,6,14.51,2024-09-11,No,0,0,87.07
TXN9799,BNPL5123,High Exposure User,2024-01-22,2024-01,Klarna,Home and Furniture,439.11,4,109.78,2024-03-18,No,0,0,439.11
TXN9800,BNPL5123,High Exposure User,2024-10-04,2024-10,Sezzle,"Fast Fashion (Shein, Temu, ASOS)",42.98,4,10.74,2024-11-29,No,0,0,42.98
TXN9801,BNPL5123,High Exposure User,2024-09-19,2024-09,Afterpay,"Fast Fashion (Shein, Temu, ASOS)",52.13,3,17.38,2024-10-31,No,0,0,52.13
TXN9802,BNPL5123,High Exposure User,2024-08-17,2024-08,Afterpay,"Fast Fashion (Shein, Temu, ASOS)",44.7,6,7.45,2024-11-09,Yes,2,16.0,60.7
TXN9803,BNPL5123,High Exposure User,2024-08-08,2024-08,Afterpay,"Fast Fashion (Shein, Temu, ASOS)",58.03,6,9.67,2024-10-31,No,0,0,58.03
TXN9804,BNPL5123,High Exposure User,2024-07-02,2024-07,Afterpay,Footwear,123.44,4,30.86,2024-08-27,No,0,0,123.44
TXN9805,BNPL5123,High Exposure User,2024-04-15,2024-04,Afterpay,Beauty and Skincare,63.53,4,15.88,2024-06-10,No,0,0,63.53
TXN9806,BNPL5123,High Exposure User,2024-05-14,2024-05,Afterpay,Home and Furniture,402.63,6,67.11,2024-08-06,No,0,0,402.63
TXN9807,BNPL5123,High Exposure User,2024-09-12,2024-09,Klarna,Beauty and Skincare,25,4,6.25,2024-11-07,No,0,0,25
TXN9808,BNPL5123,High Exposure User,2024-11-18,2024-11,Sezzle,"Fast Fashion (Shein, Temu, ASOS)",66.5,6,11.08,2025-02-10,Yes,1,8.0,74.5
TXN9809,BNPL5124,Regular User,2024-11-21,2024-11,Afterpay,"Fast Fashion (Shein, Temu, ASOS)",50.19,6,8.37,2025-02-13,No,0,0,50.19
TXN9810,BNPL5124,Regular User,2024-07-19,2024-07,Klarna,"Fast Fashion (Shein, Temu, ASOS)",61.99,4,15.5,2024-09-13,Yes,2,16.0,77.99
TXN9811,BNPL5124,Regular User,2024-08-18,2024-08,Klarna,Footwear,152.15,3,50.72,2024-09-29,No,0,0,152.15
TXN9812,BNPL5124,Regular User,2024-03-22,2024-03,Afterpay,Home and Furniture,416.03,4,104.01,2024-05-17,No,0,0,416.03
TXN9813,BNPL5124,Regular User,2024-08-22,2024-08,Klarna,"Fast Fashion (Shein, Temu, ASOS)",61.67,3,20.56,2024-10-03,No,0,0,61.67
TXN9814,BNPL5124,Regular User,2024-02-02,2024-02,Klarna,Footwear,131.64,3,43.88,2024-03-15,No,0,0,131.64
TXN9815,BNPL5124,Regular User,2024-06-10,2024-06,Afterpay,Footwear,80.93,4,20.23,2024-08-05,No,0,0,80.93
TXN9816,BNPL5124,Regular User,2024-02-27,2024-02,Klarna,Electronics and Tech,112.73,3,37.58,2024-04-09,No,0,0,112.73
TXN9817,BNPL5125,Occasional User,2024-05-19,2024-05,Klarna,"Fast Fashion (Shein, Temu, ASOS)",64.13,6,10.69,2024-08-11,No,0,0,64.13
TXN9818,BNPL5126,High Exposure User,2024-06-21,2024-06,Afterpay,Sporting Goods,216.04,6,36.01,2024-09-13,No,0,0,216.04
TXN9819,BNPL5126,High Exposure User,2024-10-10,2024-10,PayBright,Sporting Goods,222.89,3,74.3,2024-11-21,No,0,0,222.89
TXN9820,BNPL5126,High Exposure User,2024-12-17,2024-12,Klarna,Beauty and Skincare,111.8,6,18.63,2025-03-11,No,0,0,111.8
TXN9821,BNPL5126,High Exposure User,2024-08-18,2024-08,Afterpay,Home and Furniture,354.87,6,59.15,2024-11-10,Yes,1,8.0,362.87
TXN9822,BNPL5126,High Exposure User,2024-08-14,2024-08,Sezzle,Beauty and Skincare,68.71,4,17.18,2024-10-09,No,0,0,68.71
TXN9823,BNPL5126,High Exposure User,2024-10-28,2024-10,PayBright,Beauty and Skincare,45.94,4,11.48,2024-12-23,Yes,2,16.0,61.94
TXN9824,BNPL5126,High Exposure User,2024-08-29,2024-08,Afterpay,"Fast Fashion (Shein, Temu, ASOS)",70.6,4,17.65,2024-10-24,No,0,0,70.6
TXN9825,BNPL5126,High Exposure User,2024-04-15,2024-04,Afterpay,"Fast Fashion (Shein, Temu, ASOS)",77.96,6,12.99,2024-07-08,No,0,0,77.96
TXN9826,BNPL5126,High Exposure User,2024-05-03,2024-05,Klarna,Beauty and Skincare,45.07,4,11.27,2024-06-28,No,0,0,45.07
TXN9827,BNPL5126,High Exposure User,2024-03-22,2024-03,Paidy,Home and Furniture,370.26,4,92.56,2024-05-17,No,0,0,370.26
TXN9828,BNPL5126,High Exposure User,2024-02-22,2024-02,Klarna,Electronics and Tech,131.47,4,32.87,2024-04-18,No,0,0,131.47
TXN9829,BNPL5126,High Exposure User,2024-11-23,2024-11,Klarna,Footwear,140.48,4,35.12,2025-01-18,Yes,2,16.0,156.48
TXN9830,BNPL5126,High Exposure User,2024-04-28,2024-04,Afterpay,"Fast Fashion (Shein, Temu, ASOS)",68.5,4,17.12,2024-06-23,Yes,2,16.0,84.5
TXN9831,BNPL5126,High Exposure User,2024-03-31,2024-03,Afterpay,"Fast Fashion (Shein, Temu, ASOS)",35.08,4,8.77,2024-05-26,No,0,0,35.08
TXN9832,BNPL5126,High Exposure User,2024-01-29,2024-01,Klarna,Beauty and Skincare,49.44,4,12.36,2024-03-25,No,0,0,49.44
TXN9833,BNPL5127,High Exposure User,2024-03-25,2024-03,Afterpay,Electronics and Tech,223.5,3,74.5,2024-05-06,No,0,0,223.5
TXN9834,BNPL5127,High Exposure User,2024-10-31,2024-10,Afterpay,Footwear,109.58,3,36.53,2024-12-12,No,0,0,109.58
TXN9835,BNPL5127,High Exposure User,2024-05-30,2024-05,Paidy,Footwear,106.6,4,26.65,2024-07-25,No,0,0,106.6
TXN9836,BNPL5127,High Exposure User,2024-01-18,2024-01,Klarna,Beauty and Skincare,60.43,4,15.11,2024-03-14,No,0,0,60.43
TXN9837,BNPL5127,High Exposure User,2024-04-29,2024-04,Klarna,"Fast Fashion (Shein, Temu, ASOS)",32.02,6,5.34,2024-07-22,Yes,1,8.0,40.02
TXN9838,BNPL5127,High Exposure User,2024-05-05,2024-05,Klarna,Beauty and Skincare,62.63,4,15.66,2024-06-30,Yes,1,8.0,70.63
TXN9839,BNPL5127,High Exposure User,2024-06-07,2024-06,PayBright,Footwear,95.85,4,23.96,2024-08-02,No,0,0,95.85
TXN9840,BNPL5127,High Exposure User,2024-04-08,2024-04,Klarna,Home and Furniture,365.3,3,121.77,2024-05-20,No,0,0,365.3
TXN9841,BNPL5127,High Exposure User,2024-11-29,2024-11,PayBright,Home and Furniture,393.03,4,98.26,2025-01-24,No,0,0,393.03
TXN9842,BNPL5127,High Exposure User,2024-08-16,2024-08,Sezzle,Sporting Goods,182.22,4,45.55,2024-10-11,No,0,0,182.22
TXN9843,BNPL5127,High Exposure User,2024-06-08,2024-06,PayBright,Sporting Goods,201.88,4,50.47,2024-08-03,No,0,0,201.88
TXN9844,BNPL5128,High Exposure User,2024-03-02,2024-03,Afterpay,"Fast Fashion (Shein, Temu, ASOS)",73.05,6,12.17,2024-05-25,No,0,0,73.05
TXN9845,BNPL5128,High Exposure User,2024-12-24,2024-12,Afterpay,Footwear,156.11,6,26.02,2025-03-18,No,0,0,156.11
TXN9846,BNPL5128,High Exposure User,2024-04-15,2024-04,Klarna,"Fast Fashion (Shein, Temu, ASOS)",62.73,4,15.68,2024-06-10,No,0,0,62.73
TXN9847,BNPL5128,High Exposure User,2024-11-09,2024-11,Afterpay,Sporting Goods,215.76,4,53.94,2025-01-04,No,0,0,215.76
TXN9848,BNPL5128,High Exposure User,2024-11-20,2024-11,Sezzle,"Fast Fashion (Shein, Temu, ASOS)",63.1,4,15.78,2025-01-15,No,0,0,63.1
TXN9849,BNPL5128,High Exposure User,2024-02-16,2024-02,Paidy,Electronics and Tech,241.27,4,60.32,2024-04-12,No,0,0,241.27
TXN9850,BNPL5128,High Exposure User,2024-02-23,2024-02,Afterpay,Footwear,170.65,6,28.44,2024-05-17,Yes,1,8.0,178.65
TXN9851,BNPL5128,High Exposure User,2024-02-04,2024-02,PayBright,Footwear,116.31,3,38.77,2024-03-17,Yes,2,16.0,132.31
TXN9852,BNPL5128,High Exposure User,2024-04-03,2024-04,PayBright,"Fast Fashion (Shein, Temu, ASOS)",63.3,4,15.82,2024-05-29,No,0,0,63.3
TXN9853,BNPL5128,High Exposure User,2024-07-21,2024-07,Afterpay,Electronics and Tech,227.61,3,75.87,2024-09-01,No,0,0,227.61
TXN9854,BNPL5128,High Exposure User,2024-02-21,2024-02,Klarna,Beauty and Skincare,90.13,6,15.02,2024-05-15,No,0,0,90.13
TXN9855,BNPL5128,High Exposure User,2024-12-25,2024-12,Paidy,Beauty and Skincare,80.75,4,20.19,2025-02-19,Yes,2,16.0,96.75
TXN9856,BNPL5128,High Exposure User,2024-05-12,2024-05,Afterpay,"Fast Fashion (Shein, Temu, ASOS)",49.66,3,16.55,2024-06-23,No,0,0,49.66
TXN9857,BNPL5128,High Exposure User,2024-10-25,2024-10,Afterpay,Sporting Goods,275.33,3,91.78,2024-12-06,No,0,0,275.33
TXN9858,BNPL5128,High Exposure User,2024-11-08,2024-11,Afterpay,Beauty and Skincare,67.11,3,22.37,2024-12-20,No,0,0,67.11
TXN9859,BNPL5129,Occasional User,2024-02-06,2024-02,PayBright,Footwear,145.28,6,24.21,2024-04-30,No,0,0,145.28
TXN9860,BNPL5130,Occasional User,2024-10-09,2024-10,Klarna,"Fast Fashion (Shein, Temu, ASOS)",62.03,3,20.68,2024-11-20,No,0,0,62.03
TXN9861,BNPL5131,Regular User,2024-06-02,2024-06,Sezzle,Sporting Goods,287.75,6,47.96,2024-08-25,No,0,0,287.75
TXN9862,BNPL5131,Regular User,2024-09-25,2024-09,Sezzle,Sporting Goods,204.97,4,51.24,2024-11-20,No,0,0,204.97
TXN9863,BNPL5131,Regular User,2024-09-16,2024-09,Afterpay,"Fast Fashion (Shein, Temu, ASOS)",67.84,4,16.96,2024-11-11,No,0,0,67.84
TXN9864,BNPL5131,Regular User,2024-10-21,2024-10,Sezzle,Electronics and Tech,276.32,4,69.08,2024-12-16,No,0,0,276.32
TXN9865,BNPL5131,Regular User,2024-04-24,2024-04,PayBright,"Fast Fashion (Shein, Temu, ASOS)",58.44,4,14.61,2024-06-19,No,0,0,58.44
TXN9866,BNPL5131,Regular User,2024-06-21,2024-06,Afterpay,Electronics and Tech,185.52,4,46.38,2024-08-16,No,0,0,185.52
TXN9867,BNPL5131,Regular User,2024-05-03,2024-05,Afterpay,"Fast Fashion (Shein, Temu, ASOS)",74.44,6,12.41,2024-07-26,No,0,0,74.44
TXN9868,BNPL5131,Regular User,2024-12-21,2024-12,PayBright,Electronics and Tech,286.9,4,71.72,2025-02-15,No,0,0,286.9
TXN9869,BNPL5131,Regular User,2024-03-12,2024-03,PayBright,Footwear,108.41,3,36.14,2024-04-23,No,0,0,108.41
TXN9870,BNPL5131,Regular User,2024-07-30,2024-07,Klarna,"Fast Fashion (Shein, Temu, ASOS)",66.59,4,16.65,2024-09-24,No,0,0,66.59
TXN9871,BNPL5132,Occasional User,2024-01-23,2024-01,Afterpay,"Fast Fashion (Shein, Temu, ASOS)",48.46,4,12.12,2024-03-19,No,0,0,48.46
TXN9872,BNPL5132,Occasional User,2024-08-05,2024-08,Klarna,"Fast Fashion (Shein, Temu, ASOS)",45.91,4,11.48,2024-09-30,No,0,0,45.91
TXN9873,BNPL5133,Occasional User,2024-05-24,2024-05,Paidy,Beauty and Skincare,93.79,4,23.45,2024-07-19,No,0,0,93.79
TXN9874,BNPL5133,Occasional User,2024-11-21,2024-11,Klarna,"Fast Fashion (Shein, Temu, ASOS)",59.84,4,14.96,2025-01-16,No,0,0,59.84
TXN9875,BNPL5133,Occasional User,2024-12-19,2024-12,Sezzle,"Fast Fashion (Shein, Temu, ASOS)",36.78,4,9.2,2025-02-13,No,0,0,36.78
TXN9876,BNPL5134,Regular User,2024-02-13,2024-02,Afterpay,"Fast Fashion (Shein, Temu, ASOS)",25,6,4.17,2024-05-07,Yes,1,8.0,33.0
TXN9877,BNPL5134,Regular User,2024-07-18,2024-07,Klarna,"Fast Fashion (Shein, Temu, ASOS)",62.3,4,15.57,2024-09-12,Yes,1,8.0,70.3
TXN9878,BNPL5134,Regular User,2024-12-14,2024-12,Afterpay,"Fast Fashion (Shein, Temu, ASOS)",79.76,4,19.94,2025-02-08,No,0,0,79.76
TXN9879,BNPL5134,Regular User,2024-02-07,2024-02,Paidy,Footwear,143.2,4,35.8,2024-04-03,No,0,0,143.2
TXN9880,BNPL5134,Regular User,2024-01-15,2024-01,Afterpay,Footwear,202.06,3,67.35,2024-02-26,No,0,0,202.06
TXN9881,BNPL5134,Regular User,2024-07-20,2024-07,Paidy,Beauty and Skincare,48.94,4,12.23,2024-09-14,No,0,0,48.94
TXN9882,BNPL5134,Regular User,2024-08-18,2024-08,PayBright,Beauty and Skincare,95.76,6,15.96,2024-11-10,Yes,2,16.0,111.76
TXN9883,BNPL5134,Regular User,2024-05-23,2024-05,Afterpay,Electronics and Tech,292.27,4,73.07,2024-07-18,No,0,0,292.27
TXN9884,BNPL5134,Regular User,2024-02-10,2024-02,Paidy,Beauty and Skincare,43.12,4,10.78,2024-04-06,No,0,0,43.12
TXN9885,BNPL5134,Regular User,2024-02-25,2024-02,Afterpay,Electronics and Tech,360.69,6,60.12,2024-05-19,No,0,0,360.69
TXN9886,BNPL5135,High Exposure User,2024-03-05,2024-03,Afterpay,"Fast Fashion (Shein, Temu, ASOS)",79.81,4,19.95,2024-04-30,No,0,0,79.81
TXN9887,BNPL5135,High Exposure User,2024-08-22,2024-08,Sezzle,Electronics and Tech,235.96,4,58.99,2024-10-17,No,0,0,235.96
TXN9888,BNPL5135,High Exposure User,2024-12-16,2024-12,Klarna,Beauty and Skincare,81.32,4,20.33,2025-02-10,Yes,2,16.0,97.32
TXN9889,BNPL5135,High Exposure User,2024-08-20,2024-08,PayBright,Footwear,164.33,4,41.08,2024-10-15,Yes,2,16.0,180.33
TXN9890,BNPL5135,High Exposure User,2024-06-13,2024-06,Klarna,Sporting Goods,242.68,4,60.67,2024-08-08,No,0,0,242.68
TXN9891,BNPL5135,High Exposure User,2024-05-24,2024-05,Klarna,Home and Furniture,344.22,4,86.06,2024-07-19,Yes,2,16.0,360.22
TXN9892,BNPL5135,High Exposure User,2024-12-06,2024-12,Afterpay,"Fast Fashion (Shein, Temu, ASOS)",80.21,4,20.05,2025-01-31,No,0,0,80.21
TXN9893,BNPL5135,High Exposure User,2024-12-28,2024-12,PayBright,"Fast Fashion (Shein, Temu, ASOS)",90.83,6,15.14,2025-03-22,No,0,0,90.83
TXN9894,BNPL5135,High Exposure User,2024-09-07,2024-09,Afterpay,Beauty and Skincare,82.26,4,20.57,2024-11-02,No,0,0,82.26
TXN9895,BNPL5135,High Exposure User,2024-06-28,2024-06,Paidy,"Fast Fashion (Shein, Temu, ASOS)",38.37,4,9.59,2024-08-23,Yes,2,16.0,54.37
TXN9896,BNPL5135,High Exposure User,2024-07-07,2024-07,Afterpay,Sporting Goods,193.54,4,48.38,2024-09-01,No,0,0,193.54
TXN9897,BNPL5135,High Exposure User,2024-03-06,2024-03,Afterpay,Footwear,139.32,4,34.83,2024-05-01,No,0,0,139.32
TXN9898,BNPL5135,High Exposure User,2024-08-16,2024-08,Sezzle,Beauty and Skincare,78.01,4,19.5,2024-10-11,Yes,2,16.0,94.01
TXN9899,BNPL5135,High Exposure User,2024-03-21,2024-03,Klarna,Home and Furniture,169.82,4,42.45,2024-05-16,No,0,0,169.82
TXN9900,BNPL5135,High Exposure User,2024-03-27,2024-03,Afterpay,Electronics and Tech,279.33,4,69.83,2024-05-22,No,0,0,279.33
TXN9901,BNPL5136,Occasional User,2024-07-26,2024-07,Klarna,"Fast Fashion (Shein, Temu, ASOS)",47.12,3,15.71,2024-09-06,No,0,0,47.12
TXN9902,BNPL5136,Occasional User,2024-03-07,2024-03,Klarna,"Fast Fashion (Shein, Temu, ASOS)",28.95,4,7.24,2024-05-02,No,0,0,28.95
TXN9903,BNPL5137,High Exposure User,2024-05-14,2024-05,Afterpay,"Fast Fashion (Shein, Temu, ASOS)",57.17,4,14.29,2024-07-09,No,0,0,57.17
TXN9904,BNPL5137,High Exposure User,2024-10-16,2024-10,Sezzle,Footwear,76.73,3,25.58,2024-11-27,No,0,0,76.73
TXN9905,BNPL5137,High Exposure User,2024-04-13,2024-04,Klarna,Sporting Goods,210.46,3,70.15,2024-05-25,No,0,0,210.46
TXN9906,BNPL5137,High Exposure User,2024-01-05,2024-01,Sezzle,"Fast Fashion (Shein, Temu, ASOS)",49.66,4,12.41,2024-03-01,No,0,0,49.66
TXN9907,BNPL5137,High Exposure User,2024-03-16,2024-03,PayBright,Beauty and Skincare,84.0,6,14.0,2024-06-08,Yes,2,16.0,100.0
TXN9908,BNPL5137,High Exposure User,2024-04-14,2024-04,PayBright,Home and Furniture,177.07,4,44.27,2024-06-09,No,0,0,177.07
TXN9909,BNPL5137,High Exposure User,2024-06-26,2024-06,Sezzle,"Fast Fashion (Shein, Temu, ASOS)",81.93,4,20.48,2024-08-21,No,0,0,81.93
TXN9910,BNPL5137,High Exposure User,2024-08-08,2024-08,Klarna,"Fast Fashion (Shein, Temu, ASOS)",59.66,4,14.91,2024-10-03,No,0,0,59.66
TXN9911,BNPL5137,High Exposure User,2024-10-26,2024-10,Afterpay,"Fast Fashion (Shein, Temu, ASOS)",44.02,4,11.01,2024-12-21,No,0,0,44.02
TXN9912,BNPL5137,High Exposure User,2024-05-06,2024-05,Afterpay,Home and Furniture,365.54,4,91.39,2024-07-01,No,0,0,365.54
TXN9913,BNPL5137,High Exposure User,2024-06-12,2024-06,Klarna,Sporting Goods,234.3,4,58.58,2024-08-07,No,0,0,234.3
TXN9914,BNPL5137,High Exposure User,2024-10-08,2024-10,Klarna,Beauty and Skincare,59.98,3,19.99,2024-11-19,No,0,0,59.98
TXN9915,BNPL5137,High Exposure User,2024-02-23,2024-02,Sezzle,Home and Furniture,274.76,4,68.69,2024-04-19,No,0,0,274.76
TXN9916,BNPL5138,Regular User,2024-12-17,2024-12,Afterpay,"Fast Fashion (Shein, Temu, ASOS)",54.82,3,18.27,2025-01-28,No,0,0,54.82
TXN9917,BNPL5138,Regular User,2024-07-04,2024-07,Afterpay,Electronics and Tech,300.0,4,75.0,2024-08-29,No,0,0,300.0
TXN9918,BNPL5138,Regular User,2024-09-27,2024-09,Sezzle,Footwear,133.27,4,33.32,2024-11-22,Yes,2,16.0,149.27
TXN9919,BNPL5138,Regular User,2024-11-09,2024-11,Sezzle,Footwear,144.69,4,36.17,2025-01-04,No,0,0,144.69
TXN9920,BNPL5138,Regular User,2024-09-26,2024-09,Klarna,Electronics and Tech,271.86,3,90.62,2024-11-07,No,0,0,271.86
TXN9921,BNPL5138,Regular User,2024-06-26,2024-06,Klarna,Beauty and Skincare,102.07,4,25.52,2024-08-21,No,0,0,102.07
TXN9922,BNPL5139,Occasional User,2024-10-11,2024-10,Klarna,Home and Furniture,283.11,6,47.19,2025-01-03,No,0,0,283.11
TXN9923,BNPL5139,Occasional User,2024-10-07,2024-10,Klarna,"Fast Fashion (Shein, Temu, ASOS)",47.5,4,11.88,2024-12-02,No,0,0,47.5
TXN9924,BNPL5140,Occasional User,2024-11-25,2024-11,Afterpay,Sporting Goods,117.36,4,29.34,2025-01-20,No,0,0,117.36
TXN9925,BNPL5141,Occasional User,2024-09-27,2024-09,Klarna,Beauty and Skincare,87.99,3,29.33,2024-11-08,No,0,0,87.99
TXN9926,BNPL5141,Occasional User,2024-03-10,2024-03,Sezzle,Home and Furniture,291.13,4,72.78,2024-05-05,No,0,0,291.13
TXN9927,BNPL5141,Occasional User,2024-09-07,2024-09,PayBright,Electronics and Tech,437.68,4,109.42,2024-11-02,No,0,0,437.68
TXN9928,BNPL5142,Regular User,2024-05-07,2024-05,Klarna,Home and Furniture,484.3,4,121.08,2024-07-02,No,0,0,484.3
TXN9929,BNPL5142,Regular User,2024-11-21,2024-11,Sezzle,"Fast Fashion (Shein, Temu, ASOS)",72.69,6,12.12,2025-02-13,No,0,0,72.69
TXN9930,BNPL5142,Regular User,2024-07-03,2024-07,Paidy,Footwear,100.87,6,16.81,2024-09-25,No,0,0,100.87
TXN9931,BNPL5142,Regular User,2024-05-26,2024-05,Sezzle,Footwear,112.78,4,28.2,2024-07-21,No,0,0,112.78
TXN9932,BNPL5142,Regular User,2024-09-10,2024-09,Klarna,Beauty and Skincare,67.09,4,16.77,2024-11-05,No,0,0,67.09
TXN9933,BNPL5143,High Exposure User,2024-06-06,2024-06,Klarna,"Fast Fashion (Shein, Temu, ASOS)",56.32,4,14.08,2024-08-01,Yes,1,8.0,64.32
TXN9934,BNPL5143,High Exposure User,2024-08-10,2024-08,PayBright,"Fast Fashion (Shein, Temu, ASOS)",44.37,6,7.39,2024-11-02,No,0,0,44.37
TXN9935,BNPL5143,High Exposure User,2024-07-07,2024-07,Klarna,Electronics and Tech,257.09,6,42.85,2024-09-29,No,0,0,257.09
TXN9936,BNPL5143,High Exposure User,2024-02-05,2024-02,Paidy,Electronics and Tech,196.02,4,49.01,2024-04-01,No,0,0,196.02
TXN9937,BNPL5143,High Exposure User,2024-01-15,2024-01,Klarna,Footwear,128.91,4,32.23,2024-03-11,Yes,1,8.0,136.91
TXN9938,BNPL5143,High Exposure User,2024-06-29,2024-06,PayBright,"Fast Fashion (Shein, Temu, ASOS)",41.28,4,10.32,2024-08-24,No,0,0,41.28
TXN9939,BNPL5143,High Exposure User,2024-10-30,2024-10,Afterpay,Electronics and Tech,234.84,4,58.71,2024-12-25,No,0,0,234.84
TXN9940,BNPL5143,High Exposure User,2024-03-05,2024-03,Afterpay,Beauty and Skincare,84.99,4,21.25,2024-04-30,No,0,0,84.99
TXN9941,BNPL5143,High Exposure User,2024-08-01,2024-08,Afterpay,Footwear,134.61,4,33.65,2024-09-26,No,0,0,134.61
TXN9942,BNPL5143,High Exposure User,2024-09-09,2024-09,Afterpay,Footwear,145.06,3,48.35,2024-10-21,No,0,0,145.06
TXN9943,BNPL5143,High Exposure User,2024-02-23,2024-02,Klarna,Sporting Goods,123.02,4,30.75,2024-04-19,Yes,2,16.0,139.02
TXN9944,BNPL5143,High Exposure User,2024-06-06,2024-06,Afterpay,Beauty and Skincare,111.6,4,27.9,2024-08-01,Yes,1,8.0,119.6
TXN9945,BNPL5143,High Exposure User,2024-10-06,2024-10,Paidy,"Fast Fashion (Shein, Temu, ASOS)",77.72,4,19.43,2024-12-01,No,0,0,77.72
TXN9946,BNPL5144,Regular User,2024-04-21,2024-04,Afterpay,Home and Furniture,334.6,4,83.65,2024-06-16,No,0,0,334.6
TXN9947,BNPL5144,Regular User,2024-06-22,2024-06,Klarna,Footwear,130.25,4,32.56,2024-08-17,No,0,0,130.25
TXN9948,BNPL5144,Regular User,2024-10-05,2024-10,Klarna,Electronics and Tech,308.36,3,102.79,2024-11-16,No,0,0,308.36
TXN9949,BNPL5144,Regular User,2024-12-20,2024-12,Klarna,Beauty and Skincare,96.47,4,24.12,2025-02-14,No,0,0,96.47
TXN9950,BNPL5144,Regular User,2024-06-08,2024-06,Paidy,"Fast Fashion (Shein, Temu, ASOS)",74.37,4,18.59,2024-08-03,No,0,0,74.37
TXN9951,BNPL5144,Regular User,2024-04-25,2024-04,Afterpay,Electronics and Tech,223.73,6,37.29,2024-07-18,No,0,0,223.73
TXN9952,BNPL5144,Regular User,2024-10-28,2024-10,Klarna,"Fast Fashion (Shein, Temu, ASOS)",55.48,4,13.87,2024-12-23,No,0,0,55.48
TXN9953,BNPL5144,Regular User,2024-12-13,2024-12,Afterpay,"Fast Fashion (Shein, Temu, ASOS)",71.92,4,17.98,2025-02-07,No,0,0,71.92
TXN9954,BNPL5144,Regular User,2024-02-19,2024-02,Klarna,Sporting Goods,110.59,4,27.65,2024-04-15,No,0,0,110.59
TXN9955,BNPL5145,Occasional User,2024-06-30,2024-06,Afterpay,Beauty and Skincare,93.07,6,15.51,2024-09-22,No,0,0,93.07
TXN9956,BNPL5146,Occasional User,2024-12-18,2024-12,Afterpay,Beauty and Skincare,87.94,3,29.31,2025-01-29,No,0,0,87.94
TXN9957,BNPL5146,Occasional User,2024-07-28,2024-07,Afterpay,"Fast Fashion (Shein, Temu, ASOS)",49.98,4,12.49,2024-09-22,No,0,0,49.98
TXN9958,BNPL5147,Regular User,2024-04-26,2024-04,Klarna,"Fast Fashion (Shein, Temu, ASOS)",67.65,6,11.28,2024-07-19,No,0,0,67.65
TXN9959,BNPL5147,Regular User,2024-06-11,2024-06,Afterpay,"Fast Fashion (Shein, Temu, ASOS)",29.85,3,9.95,2024-07-23,No,0,0,29.85
TXN9960,BNPL5147,Regular User,2024-08-16,2024-08,Paidy,"Fast Fashion (Shein, Temu, ASOS)",50.18,6,8.36,2024-11-08,Yes,1,8.0,58.18
TXN9961,BNPL5148,High Exposure User,2024-10-19,2024-10,Afterpay,Electronics and Tech,277.51,4,69.38,2024-12-14,No,0,0,277.51
TXN9962,BNPL5148,High Exposure User,2024-10-15,2024-10,Afterpay,"Fast Fashion (Shein, Temu, ASOS)",68.25,4,17.06,2024-12-10,No,0,0,68.25
TXN9963,BNPL5148,High Exposure User,2024-01-26,2024-01,Afterpay,"Fast Fashion (Shein, Temu, ASOS)",62.75,6,10.46,2024-04-19,No,0,0,62.75
TXN9964,BNPL5148,High Exposure User,2024-11-19,2024-11,PayBright,Beauty and Skincare,72.29,3,24.1,2024-12-31,No,0,0,72.29
TXN9965,BNPL5148,High Exposure User,2024-06-28,2024-06,Sezzle,"Fast Fashion (Shein, Temu, ASOS)",68.17,3,22.72,2024-08-09,No,0,0,68.17
TXN9966,BNPL5148,High Exposure User,2024-07-04,2024-07,Klarna,Footwear,107.23,6,17.87,2024-09-26,No,0,0,107.23
TXN9967,BNPL5148,High Exposure User,2024-04-16,2024-04,Paidy,Footwear,105.38,4,26.34,2024-06-11,No,0,0,105.38
TXN9968,BNPL5148,High Exposure User,2024-01-30,2024-01,Afterpay,Electronics and Tech,261.8,4,65.45,2024-03-26,No,0,0,261.8
TXN9969,BNPL5148,High Exposure User,2024-01-10,2024-01,Sezzle,"Fast Fashion (Shein, Temu, ASOS)",42.1,4,10.53,2024-03-06,Yes,2,16.0,58.1
TXN9970,BNPL5148,High Exposure User,2024-11-02,2024-11,Sezzle,Footwear,137.9,4,34.48,2024-12-28,No,0,0,137.9
TXN9971,BNPL5148,High Exposure User,2024-10-26,2024-10,Afterpay,Beauty and Skincare,82.76,4,20.69,2024-12-21,Yes,1,8.0,90.76
TXN9972,BNPL5148,High Exposure User,2024-01-09,2024-01,Klarna,Beauty and Skincare,63.35,6,10.56,2024-04-02,No,0,0,63.35
TXN9973,BNPL5148,High Exposure User,2024-09-13,2024-09,Sezzle,Electronics and Tech,347.67,4,86.92,2024-11-08,Yes,1,8.0,355.67
TXN9974,BNPL5148,High Exposure User,2024-01-21,2024-01,Klarna,Home and Furniture,242.37,6,40.4,2024-04-14,Yes,2,16.0,258.37
TXN9975,BNPL5148,High Exposure User,2024-02-13,2024-02,Afterpay,Electronics and Tech,211.41,4,52.85,2024-04-09,No,0,0,211.41
TXN9976,BNPL5148,High Exposure User,2024-11-20,2024-11,Afterpay,Beauty and Skincare,79.86,6,13.31,2025-02-12,Yes,2,16.0,95.86
TXN9977,BNPL5149,High Exposure User,2024-02-17,2024-02,Klarna,"Fast Fashion (Shein, Temu, ASOS)",70.59,6,11.77,2024-05-11,No,0,0,70.59
TXN9978,BNPL5149,High Exposure User,2024-09-11,2024-09,Afterpay,Sporting Goods,206.53,4,51.63,2024-11-06,Yes,2,16.0,222.53
TXN9979,BNPL5149,High Exposure User,2024-10-19,2024-10,Afterpay,Beauty and Skincare,63.63,4,15.91,2024-12-14,No,0,0,63.63
TXN9980,BNPL5149,High Exposure User,2024-06-13,2024-06,PayBright,Beauty and Skincare,83.37,4,20.84,2024-08-08,Yes,2,16.0,99.37
TXN9981,BNPL5149,High Exposure User,2024-03-26,2024-03,Klarna,Home and Furniture,187.96,4,46.99,2024-05-21,No,0,0,187.96
TXN9982,BNPL5149,High Exposure User,2024-02-23,2024-02,Klarna,"Fast Fashion (Shein, Temu, ASOS)",66.14,4,16.54,2024-04-19,No,0,0,66.14
TXN9983,BNPL5149,High Exposure User,2024-03-14,2024-03,Sezzle,"Fast Fashion (Shein, Temu, ASOS)",47.74,3,15.91,2024-04-25,No,0,0,47.74
TXN9984,BNPL5149,High Exposure User,2024-02-21,2024-02,PayBright,Beauty and Skincare,100.31,4,25.08,2024-04-17,Yes,1,8.0,108.31
TXN9985,BNPL5149,High Exposure User,2024-04-27,2024-04,Afterpay,Electronics and Tech,342.95,4,85.74,2024-06-22,No,0,0,342.95
TXN9986,BNPL5150,Occasional User,2024-07-13,2024-07,Afterpay,Beauty and Skincare,48.0,4,12.0,2024-09-07,No,0,0,48.0
TXN9987,BNPL5150,Occasional User,2024-07-21,2024-07,Afterpay,"Fast Fashion (Shein, Temu, ASOS)",54.58,4,13.64,2024-09-15,No,0,0,54.58
TXN9988,BNPL5151,Occasional User,2024-07-11,2024-07,PayBright,Beauty and Skincare,76.57,3,25.52,2024-08-22,No,0,0,76.57
TXN9989,BNPL5151,Occasional User,2024-07-25,2024-07,PayBright,Footwear,144.91,4,36.23,2024-09-19,No,0,0,144.91
TXN9990,BNPL5152,Regular User,2024-03-29,2024-03,Klarna,"Fast Fashion (Shein, Temu, ASOS)",32.06,4,8.02,2024-05-24,Yes,2,16.0,48.06
TXN9991,BNPL5152,Regular User,2024-02-26,2024-02,Afterpay,"Fast Fashion (Shein, Temu, ASOS)",61.6,4,15.4,2024-04-22,No,0,0,61.6
TXN9992,BNPL5152,Regular User,2024-07-28,2024-07,Afterpay,Footwear,177.39,3,59.13,2024-09-08,No,0,0,177.39
TXN9993,BNPL5152,Regular User,2024-07-22,2024-07,Sezzle,"Fast Fashion (Shein, Temu, ASOS)",34.96,4,8.74,2024-09-16,No,0,0,34.96
TXN9994,BNPL5152,Regular User,2024-02-21,2024-02,Sezzle,Beauty and Skincare,66.78,4,16.7,2024-04-17,No,0,0,66.78
TXN9995,BNPL5152,Regular User,2024-06-04,2024-06,Klarna,Home and Furniture,342.08,4,85.52,2024-07-30,No,0,0,342.08
TXN9996,BNPL5152,Regular User,2024-09-02,2024-09,PayBright,"Fast Fashion (Shein, Temu, ASOS)",79.87,3,26.62,2024-10-14,No,0,0,79.87
TXN9997,BNPL5152,Regular User,2024-12-15,2024-12,Klarna,"Fast Fashion (Shein, Temu, ASOS)",72.54,4,18.14,2025-02-09,Yes,1,8.0,80.54
TXN9998,BNPL5152,Regular User,2024-06-21,2024-06,Afterpay,Footwear,62.26,4,15.56,2024-08-16,No,0,0,62.26
TXN9999,BNPL5152,Regular User,2024-11-28,2024-11,PayBright,Footwear,105.75,6,17.62,2025-02-20,No,0,0,105.75
TXN10000,BNPL5153,Regular User,2024-04-10,2024-04,PayBright,"Fast Fashion (Shein, Temu, ASOS)",45.1,4,11.28,2024-06-05,No,0,0,45.1
TXN10001,BNPL5153,Regular User,2024-06-06,2024-06,Afterpay,"Fast Fashion (Shein, Temu, ASOS)",67.27,4,16.82,2024-08-01,No,0,0,67.27
TXN10002,BNPL5153,Regular User,2024-05-28,2024-05,Afterpay,"Fast Fashion (Shein, Temu, ASOS)",75.12,4,18.78,2024-07-23,No,0,0,75.12
TXN10003,BNPL5153,Regular User,2024-04-11,2024-04,Sezzle,Home and Furniture,312.13,4,78.03,2024-06-06,No,0,0,312.13
TXN10004,BNPL5153,Regular User,2024-05-29,2024-05,Sezzle,Beauty and Skincare,89.44,4,22.36,2024-07-24,No,0,0,89.44
TXN10005,BNPL5153,Regular User,2024-04-14,2024-04,Paidy,Electronics and Tech,305.91,3,101.97,2024-05-26,No,0,0,305.91
TXN10006,BNPL5153,Regular User,2024-11-13,2024-11,Afterpay,"Fast Fashion (Shein, Temu, ASOS)",39.24,4,9.81,2025-01-08,No,0,0,39.24
TXN10007,BNPL5154,High Exposure User,2024-05-05,2024-05,Klarna,Beauty and Skincare,79.46,4,19.86,2024-06-30,Yes,2,16.0,95.46
TXN10008,BNPL5154,High Exposure User,2024-11-08,2024-11,Afterpay,Beauty and Skincare,87.53,3,29.18,2024-12-20,No,0,0,87.53
TXN10009,BNPL5154,High Exposure User,2024-04-11,2024-04,Paidy,Sporting Goods,197.88,4,49.47,2024-06-06,Yes,1,8.0,205.88
TXN10010,BNPL5154,High Exposure User,2024-06-18,2024-06,Paidy,Home and Furniture,280.9,3,93.63,2024-07-30,No,0,0,280.9
TXN10011,BNPL5154,High Exposure User,2024-03-16,2024-03,Klarna,"Fast Fashion (Shein, Temu, ASOS)",75.98,4,19.0,2024-05-11,No,0,0,75.98
TXN10012,BNPL5155,Occasional User,2024-08-01,2024-08,Klarna,"Fast Fashion (Shein, Temu, ASOS)",79.87,4,19.97,2024-09-26,No,0,0,79.87
TXN10013,BNPL5156,High Exposure User,2024-05-05,2024-05,Sezzle,"Fast Fashion (Shein, Temu, ASOS)",57.9,4,14.47,2024-06-30,No,0,0,57.9
TXN10014,BNPL5156,High Exposure User,2024-07-06,2024-07,Afterpay,"Fast Fashion (Shein, Temu, ASOS)",48.79,3,16.26,2024-08-17,No,0,0,48.79
TXN10015,BNPL5156,High Exposure User,2024-10-23,2024-10,PayBright,Electronics and Tech,202.18,4,50.55,2024-12-18,No,0,0,202.18
TXN10016,BNPL5156,High Exposure User,2024-12-24,2024-12,Afterpay,Electronics and Tech,387.92,4,96.98,2025-02-18,No,0,0,387.92
TXN10017,BNPL5156,High Exposure User,2024-06-28,2024-06,Afterpay,"Fast Fashion (Shein, Temu, ASOS)",53.74,4,13.44,2024-08-23,No,0,0,53.74
TXN10018,BNPL5156,High Exposure User,2024-06-27,2024-06,Afterpay,Sporting Goods,253.78,4,63.45,2024-08-22,No,0,0,253.78
TXN10019,BNPL5156,High Exposure User,2024-03-25,2024-03,Klarna,Electronics and Tech,289.16,6,48.19,2024-06-17,No,0,0,289.16
TXN10020,BNPL5156,High Exposure User,2024-09-17,2024-09,Sezzle,Electronics and Tech,252.18,3,84.06,2024-10-29,No,0,0,252.18
TXN10021,BNPL5156,High Exposure User,2024-06-08,2024-06,Klarna,Footwear,189.19,4,47.3,2024-08-03,No,0,0,189.19
TXN10022,BNPL5156,High Exposure User,2024-04-09,2024-04,Paidy,Sporting Goods,200.64,4,50.16,2024-06-04,Yes,1,8.0,208.64
TXN10023,BNPL5156,High Exposure User,2024-10-11,2024-10,PayBright,"Fast Fashion (Shein, Temu, ASOS)",72.3,6,12.05,2025-01-03,No,0,0,72.3
TXN10024,BNPL5156,High Exposure User,2024-05-08,2024-05,Sezzle,Footwear,152.64,3,50.88,2024-06-19,No,0,0,152.64
TXN10025,BNPL5156,High Exposure User,2024-02-25,2024-02,Klarna,"Fast Fashion (Shein, Temu, ASOS)",49.81,4,12.45,2024-04-21,Yes,2,16.0,65.81
TXN10026,BNPL5156,High Exposure User,2024-02-07,2024-02,Afterpay,Footwear,89.57,6,14.93,2024-05-01,Yes,1,8.0,97.57
TXN10027,BNPL5156,High Exposure User,2024-10-28,2024-10,Afterpay,Home and Furniture,394.67,4,98.67,2024-12-23,No,0,0,394.67
TXN10028,BNPL5156,High Exposure User,2024-05-08,2024-05,PayBright,Electronics and Tech,230.05,4,57.51,2024-07-03,No,0,0,230.05
TXN10029,BNPL5156,High Exposure User,2024-04-11,2024-04,Klarna,Beauty and Skincare,94.9,4,23.73,2024-06-06,No,0,0,94.9
TXN10030,BNPL5156,High Exposure User,2024-04-13,2024-04,Klarna,Home and Furniture,293.6,3,97.87,2024-05-25,Yes,2,16.0,309.6
TXN10031,BNPL5157,Regular User,2024-02-28,2024-02,PayBright,Sporting Goods,45.8,4,11.45,2024-04-24,No,0,0,45.8
TXN10032,BNPL5157,Regular User,2024-04-15,2024-04,Afterpay,Electronics and Tech,223.04,4,55.76,2024-06-10,No,0,0,223.04
TXN10033,BNPL5157,Regular User,2024-04-21,2024-04,PayBright,"Fast Fashion (Shein, Temu, ASOS)",66.01,6,11.0,2024-07-14,No,0,0,66.01
TXN10034,BNPL5157,Regular User,2024-07-19,2024-07,PayBright,Sporting Goods,188.23,4,47.06,2024-09-13,No,0,0,188.23
TXN10035,BNPL5157,Regular User,2024-11-01,2024-11,Sezzle,Home and Furniture,345.21,6,57.53,2025-01-24,No,0,0,345.21
TXN10036,BNPL5157,Regular User,2024-01-01,2024-01,Afterpay,"Fast Fashion (Shein, Temu, ASOS)",67.66,6,11.28,2024-03-25,No,0,0,67.66
TXN10037,BNPL5158,Occasional User,2024-07-01,2024-07,Sezzle,Beauty and Skincare,95.97,6,15.99,2024-09-23,No,0,0,95.97
TXN10038,BNPL5158,Occasional User,2024-04-20,2024-04,Klarna,Home and Furniture,334.41,3,111.47,2024-06-01,Yes,1,8.0,342.41
TXN10039,BNPL5159,Occasional User,2024-12-17,2024-12,Afterpay,Electronics and Tech,296.87,3,98.96,2025-01-28,No,0,0,296.87
TXN10040,BNPL5159,Occasional User,2024-10-28,2024-10,Sezzle,Footwear,123.78,4,30.95,2024-12-23,No,0,0,123.78
TXN10041,BNPL5159,Occasional User,2024-08-22,2024-08,PayBright,Footwear,109.92,4,27.48,2024-10-17,No,0,0,109.92
TXN10042,BNPL5160,Regular User,2024-07-22,2024-07,Afterpay,Footwear,138.13,3,46.04,2024-09-02,No,0,0,138.13
TXN10043,BNPL5160,Regular User,2024-05-28,2024-05,Sezzle,Sporting Goods,112.17,4,28.04,2024-07-23,No,0,0,112.17
TXN10044,BNPL5160,Regular User,2024-11-09,2024-11,Klarna,Electronics and Tech,241.44,6,40.24,2025-02-01,No,0,0,241.44
TXN10045,BNPL5160,Regular User,2024-05-04,2024-05,Klarna,"Fast Fashion (Shein, Temu, ASOS)",53.56,3,17.85,2024-06-15,No,0,0,53.56
TXN10046,BNPL5160,Regular User,2024-05-03,2024-05,Klarna,Home and Furniture,438.39,6,73.06,2024-07-26,No,0,0,438.39
TXN10047,BNPL5160,Regular User,2024-10-31,2024-10,Afterpay,"Fast Fashion (Shein, Temu, ASOS)",68.58,4,17.14,2024-12-26,No,0,0,68.58
TXN10048,BNPL5161,Regular User,2024-11-20,2024-11,Afterpay,Beauty and Skincare,80.57,4,20.14,2025-01-15,No,0,0,80.57
TXN10049,BNPL5161,Regular User,2024-08-29,2024-08,Afterpay,Beauty and Skincare,71.6,4,17.9,2024-10-24,No,0,0,71.6
TXN10050,BNPL5161,Regular User,2024-02-16,2024-02,Afterpay,Footwear,148.48,6,24.75,2024-05-10,Yes,2,16.0,164.48
TXN10051,BNPL5161,Regular User,2024-03-05,2024-03,Klarna,"Fast Fashion (Shein, Temu, ASOS)",44.11,6,7.35,2024-05-28,No,0,0,44.11
TXN10052,BNPL5161,Regular User,2024-08-03,2024-08,Sezzle,Home and Furniture,325.45,4,81.36,2024-09-28,No,0,0,325.45
TXN10053,BNPL5161,Regular User,2024-02-18,2024-02,Sezzle,Beauty and Skincare,63.39,4,15.85,2024-04-14,No,0,0,63.39
TXN10054,BNPL5161,Regular User,2024-12-06,2024-12,Klarna,Footwear,91.55,4,22.89,2025-01-31,No,0,0,91.55
TXN10055,BNPL5161,Regular User,2024-07-28,2024-07,Klarna,Beauty and Skincare,62.27,3,20.76,2024-09-08,Yes,1,8.0,70.27
TXN10056,BNPL5161,Regular User,2024-12-21,2024-12,Afterpay,Home and Furniture,428.6,4,107.15,2025-02-15,Yes,2,16.0,444.6
TXN10057,BNPL5162,Regular User,2024-12-16,2024-12,Afterpay,"Fast Fashion (Shein, Temu, ASOS)",59.22,4,14.8,2025-02-10,No,0,0,59.22
TXN10058,BNPL5162,Regular User,2024-02-13,2024-02,Afterpay,"Fast Fashion (Shein, Temu, ASOS)",50.17,6,8.36,2024-05-07,No,0,0,50.17
TXN10059,BNPL5162,Regular User,2024-01-12,2024-01,Sezzle,Footwear,157.1,4,39.27,2024-03-08,No,0,0,157.1
TXN10060,BNPL5162,Regular User,2024-11-02,2024-11,Klarna,Beauty and Skincare,94.59,6,15.77,2025-01-25,Yes,2,16.0,110.59
TXN10061,BNPL5162,Regular User,2024-12-24,2024-12,Sezzle,"Fast Fashion (Shein, Temu, ASOS)",43.83,6,7.3,2025-03-18,No,0,0,43.83
TXN10062,BNPL5162,Regular User,2024-08-09,2024-08,Klarna,"Fast Fashion (Shein, Temu, ASOS)",50.96,3,16.99,2024-09-20,No,0,0,50.96
TXN10063,BNPL5163,Regular User,2024-02-24,2024-02,Afterpay,"Fast Fashion (Shein, Temu, ASOS)",77.9,3,25.97,2024-04-06,No,0,0,77.9
TXN10064,BNPL5163,Regular User,2024-01-11,2024-01,Klarna,Footwear,149.83,4,37.46,2024-03-07,No,0,0,149.83
TXN10065,BNPL5163,Regular User,2024-06-19,2024-06,Sezzle,Beauty and Skincare,79.96,4,19.99,2024-08-14,Yes,1,8.0,87.96
TXN10066,BNPL5163,Regular User,2024-01-06,2024-01,Klarna,Beauty and Skincare,58.22,6,9.7,2024-03-30,No,0,0,58.22
TXN10067,BNPL5164,High Exposure User,2024-09-28,2024-09,PayBright,Beauty and Skincare,99.43,4,24.86,2024-11-23,No,0,0,99.43
TXN10068,BNPL5164,High Exposure User,2024-08-12,2024-08,Klarna,Beauty and Skincare,64.64,4,16.16,2024-10-07,No,0,0,64.64
TXN10069,BNPL5164,High Exposure User,2024-05-24,2024-05,PayBright,Sporting Goods,195.84,4,48.96,2024-07-19,Yes,1,8.0,203.84
TXN10070,BNPL5164,High Exposure User,2024-07-27,2024-07,Afterpay,"Fast Fashion (Shein, Temu, ASOS)",80.18,4,20.05,2024-09-21,No,0,0,80.18
TXN10071,BNPL5164,High Exposure User,2024-04-17,2024-04,Sezzle,"Fast Fashion (Shein, Temu, ASOS)",62.68,6,10.45,2024-07-10,No,0,0,62.68
TXN10072,BNPL5164,High Exposure User,2024-09-07,2024-09,Klarna,Footwear,185.53,3,61.84,2024-10-19,No,0,0,185.53
TXN10073,BNPL5164,High Exposure User,2024-07-11,2024-07,Klarna,Footwear,142.76,4,35.69,2024-09-05,No,0,0,142.76
TXN10074,BNPL5164,High Exposure User,2024-06-03,2024-06,Klarna,Footwear,178.64,4,44.66,2024-07-29,Yes,2,16.0,194.64
TXN10075,BNPL5164,High Exposure User,2024-02-25,2024-02,PayBright,"Fast Fashion (Shein, Temu, ASOS)",59.28,4,14.82,2024-04-21,No,0,0,59.28
TXN10076,BNPL5164,High Exposure User,2024-01-04,2024-01,Sezzle,Beauty and Skincare,89.98,6,15.0,2024-03-28,Yes,1,8.0,97.98
TXN10077,BNPL5164,High Exposure User,2024-11-20,2024-11,Klarna,Sporting Goods,151.13,6,25.19,2025-02-12,No,0,0,151.13
TXN10078,BNPL5164,High Exposure User,2024-07-02,2024-07,Afterpay,Beauty and Skincare,92.67,6,15.45,2024-09-24,No,0,0,92.67
TXN10079,BNPL5164,High Exposure User,2024-03-05,2024-03,Afterpay,Beauty and Skincare,61.21,4,15.3,2024-04-30,No,0,0,61.21
TXN10080,BNPL5164,High Exposure User,2024-10-24,2024-10,Afterpay,Footwear,128.97,3,42.99,2024-12-05,No,0,0,128.97
TXN10081,BNPL5164,High Exposure User,2024-11-28,2024-11,Afterpay,"Fast Fashion (Shein, Temu, ASOS)",51.04,4,12.76,2025-01-23,No,0,0,51.04
TXN10082,BNPL5165,High Exposure User,2024-08-19,2024-08,Afterpay,Home and Furniture,258.17,4,64.54,2024-10-14,Yes,1,8.0,266.17
TXN10083,BNPL5165,High Exposure User,2024-08-18,2024-08,Klarna,Home and Furniture,202.27,3,67.42,2024-09-29,No,0,0,202.27
TXN10084,BNPL5165,High Exposure User,2024-10-08,2024-10,PayBright,Beauty and Skincare,97.74,4,24.43,2024-12-03,No,0,0,97.74
TXN10085,BNPL5165,High Exposure User,2024-04-10,2024-04,PayBright,Home and Furniture,466.33,4,116.58,2024-06-05,Yes,1,8.0,474.33
TXN10086,BNPL5165,High Exposure User,2024-08-29,2024-08,Afterpay,Electronics and Tech,339.05,4,84.76,2024-10-24,Yes,2,16.0,355.05
TXN10087,BNPL5165,High Exposure User,2024-04-28,2024-04,Paidy,Electronics and Tech,261.59,4,65.4,2024-06-23,No,0,0,261.59
TXN10088,BNPL5165,High Exposure User,2024-10-26,2024-10,Sezzle,"Fast Fashion (Shein, Temu, ASOS)",25,4,6.25,2024-12-21,Yes,1,8.0,33.0
TXN10089,BNPL5165,High Exposure User,2024-03-05,2024-03,Afterpay,Beauty and Skincare,73.71,4,18.43,2024-04-30,No,0,0,73.71
TXN10090,BNPL5165,High Exposure User,2024-10-23,2024-10,Afterpay,Home and Furniture,179.07,6,29.84,2025-01-15,Yes,2,16.0,195.07
TXN10091,BNPL5165,High Exposure User,2024-06-09,2024-06,Sezzle,"Fast Fashion (Shein, Temu, ASOS)",51.18,4,12.79,2024-08-04,No,0,0,51.18
TXN10092,BNPL5165,High Exposure User,2024-06-19,2024-06,Afterpay,Home and Furniture,327.74,3,109.25,2024-07-31,Yes,2,16.0,343.74
TXN10093,BNPL5165,High Exposure User,2024-11-11,2024-11,Klarna,"Fast Fashion (Shein, Temu, ASOS)",54.47,3,18.16,2024-12-23,No,0,0,54.47
TXN10094,BNPL5165,High Exposure User,2024-07-30,2024-07,Sezzle,"Fast Fashion (Shein, Temu, ASOS)",58.73,6,9.79,2024-10-22,No,0,0,58.73
TXN10095,BNPL5165,High Exposure User,2024-08-06,2024-08,Afterpay,Footwear,115.59,4,28.9,2024-10-01,Yes,1,8.0,123.59
TXN10096,BNPL5165,High Exposure User,2024-01-24,2024-01,Paidy,Beauty and Skincare,64.37,4,16.09,2024-03-20,No,0,0,64.37
TXN10097,BNPL5165,High Exposure User,2024-09-14,2024-09,PayBright,Electronics and Tech,218.94,4,54.73,2024-11-09,No,0,0,218.94
TXN10098,BNPL5165,High Exposure User,2024-03-04,2024-03,PayBright,"Fast Fashion (Shein, Temu, ASOS)",52.14,4,13.04,2024-04-29,No,0,0,52.14
TXN10099,BNPL5165,High Exposure User,2024-10-18,2024-10,Klarna,Footwear,133.76,6,22.29,2025-01-10,Yes,2,16.0,149.76
TXN10100,BNPL5165,High Exposure User,2024-01-10,2024-01,Sezzle,Footwear,89.67,4,22.42,2024-03-06,Yes,2,16.0,105.67
TXN10101,BNPL5165,High Exposure User,2024-04-07,2024-04,Klarna,Footwear,98.91,4,24.73,2024-06-02,No,0,0,98.91
TXN10102,BNPL5165,High Exposure User,2024-03-01,2024-03,Afterpay,Beauty and Skincare,93.58,3,31.19,2024-04-12,No,0,0,93.58
TXN10103,BNPL5166,High Exposure User,2024-08-06,2024-08,Sezzle,"Fast Fashion (Shein, Temu, ASOS)",52.59,4,13.15,2024-10-01,No,0,0,52.59
TXN10104,BNPL5166,High Exposure User,2024-07-20,2024-07,Paidy,"Fast Fashion (Shein, Temu, ASOS)",60.99,3,20.33,2024-08-31,No,0,0,60.99
TXN10105,BNPL5166,High Exposure User,2024-11-12,2024-11,Sezzle,Sporting Goods,158.73,4,39.68,2025-01-07,No,0,0,158.73
TXN10106,BNPL5166,High Exposure User,2024-03-16,2024-03,Paidy,Beauty and Skincare,85.43,4,21.36,2024-05-11,No,0,0,85.43
TXN10107,BNPL5166,High Exposure User,2024-04-05,2024-04,Afterpay,Home and Furniture,376.42,4,94.11,2024-05-31,No,0,0,376.42
TXN10108,BNPL5166,High Exposure User,2024-09-02,2024-09,PayBright,Electronics and Tech,226.83,4,56.71,2024-10-28,No,0,0,226.83
TXN10109,BNPL5166,High Exposure User,2024-03-10,2024-03,Afterpay,"Fast Fashion (Shein, Temu, ASOS)",56.41,4,14.1,2024-05-05,No,0,0,56.41
TXN10110,BNPL5166,High Exposure User,2024-09-17,2024-09,Afterpay,Footwear,91.38,3,30.46,2024-10-29,Yes,1,8.0,99.38
TXN10111,BNPL5166,High Exposure User,2024-11-30,2024-11,Sezzle,"Fast Fashion (Shein, Temu, ASOS)",54.08,3,18.03,2025-01-11,No,0,0,54.08
TXN10112,BNPL5166,High Exposure User,2024-12-05,2024-12,Klarna,Home and Furniture,173.29,6,28.88,2025-02-27,No,0,0,173.29
TXN10113,BNPL5166,High Exposure User,2024-02-17,2024-02,Afterpay,Footwear,114.92,3,38.31,2024-03-30,No,0,0,114.92
TXN10114,BNPL5166,High Exposure User,2024-06-07,2024-06,Klarna,Footwear,62.48,6,10.41,2024-08-30,No,0,0,62.48
TXN10115,BNPL5166,High Exposure User,2024-01-05,2024-01,Klarna,Beauty and Skincare,98.54,4,24.64,2024-03-01,No,0,0,98.54
TXN10116,BNPL5166,High Exposure User,2024-09-14,2024-09,Afterpay,Beauty and Skincare,97.95,4,24.49,2024-11-09,No,0,0,97.95
TXN10117,BNPL5166,High Exposure User,2024-05-28,2024-05,Afterpay,Footwear,131.59,4,32.9,2024-07-23,No,0,0,131.59
TXN10118,BNPL5167,Occasional User,2024-06-18,2024-06,Afterpay,"Fast Fashion (Shein, Temu, ASOS)",45.67,4,11.42,2024-08-13,No,0,0,45.67
TXN10119,BNPL5168,Occasional User,2024-11-12,2024-11,Klarna,Footwear,141.47,4,35.37,2025-01-07,No,0,0,141.47
TXN10120,BNPL5168,Occasional User,2024-08-13,2024-08,PayBright,Footwear,145.71,3,48.57,2024-09-24,No,0,0,145.71
TXN10121,BNPL5169,Occasional User,2024-02-09,2024-02,Afterpay,Beauty and Skincare,60.77,4,15.19,2024-04-05,No,0,0,60.77
TXN10122,BNPL5170,Occasional User,2024-01-10,2024-01,Afterpay,Footwear,170.93,3,56.98,2024-02-21,No,0,0,170.93
TXN10123,BNPL5171,Occasional User,2024-07-15,2024-07,Klarna,Footwear,157.05,4,39.26,2024-09-09,No,0,0,157.05
TXN10124,BNPL5171,Occasional User,2024-06-03,2024-06,Afterpay,"Fast Fashion (Shein, Temu, ASOS)",40.5,4,10.12,2024-07-29,No,0,0,40.5
TXN10125,BNPL5172,Regular User,2024-02-20,2024-02,Sezzle,"Fast Fashion (Shein, Temu, ASOS)",53.28,4,13.32,2024-04-16,Yes,1,8.0,61.28
TXN10126,BNPL5172,Regular User,2024-03-08,2024-03,Paidy,"Fast Fashion (Shein, Temu, ASOS)",61.21,4,15.3,2024-05-03,No,0,0,61.21
TXN10127,BNPL5172,Regular User,2024-09-25,2024-09,PayBright,Home and Furniture,408.57,4,102.14,2024-11-20,No,0,0,408.57
TXN10128,BNPL5172,Regular User,2024-11-29,2024-11,PayBright,Home and Furniture,397.33,4,99.33,2025-01-24,No,0,0,397.33
TXN10129,BNPL5172,Regular User,2024-07-22,2024-07,Afterpay,Footwear,160.89,3,53.63,2024-09-02,No,0,0,160.89
TXN10130,BNPL5172,Regular User,2024-04-12,2024-04,Klarna,Sporting Goods,153.16,3,51.05,2024-05-24,No,0,0,153.16
TXN10131,BNPL5173,Regular User,2024-05-25,2024-05,Afterpay,"Fast Fashion (Shein, Temu, ASOS)",61.76,3,20.59,2024-07-06,No,0,0,61.76
TXN10132,BNPL5173,Regular User,2024-06-28,2024-06,PayBright,Footwear,124.54,6,20.76,2024-09-20,Yes,2,16.0,140.54
TXN10133,BNPL5173,Regular User,2024-03-07,2024-03,Paidy,Electronics and Tech,266.43,4,66.61,2024-05-02,No,0,0,266.43
TXN10134,BNPL5173,Regular User,2024-11-16,2024-11,Afterpay,Beauty and Skincare,41.39,3,13.8,2024-12-28,No,0,0,41.39
TXN10135,BNPL5173,Regular User,2024-09-04,2024-09,Sezzle,Footwear,152.18,4,38.05,2024-10-30,No,0,0,152.18
TXN10136,BNPL5173,Regular User,2024-12-06,2024-12,Afterpay,Electronics and Tech,265.99,4,66.5,2025-01-31,No,0,0,265.99
TXN10137,BNPL5173,Regular User,2024-10-23,2024-10,Sezzle,Electronics and Tech,142.99,6,23.83,2025-01-15,No,0,0,142.99
TXN10138,BNPL5173,Regular User,2024-10-18,2024-10,Afterpay,Beauty and Skincare,102.85,6,17.14,2025-01-10,No,0,0,102.85
TXN10139,BNPL5174,Occasional User,2024-01-28,2024-01,Klarna,Electronics and Tech,242.56,4,60.64,2024-03-24,No,0,0,242.56
TXN10140,BNPL5175,Occasional User,2024-05-01,2024-05,Paidy,Home and Furniture,445.63,4,111.41,2024-06-26,No,0,0,445.63
TXN10141,BNPL5176,High Exposure User,2024-11-03,2024-11,Klarna,"Fast Fashion (Shein, Temu, ASOS)",62.0,6,10.33,2025-01-26,No,0,0,62.0
TXN10142,BNPL5176,High Exposure User,2024-07-12,2024-07,Afterpay,Beauty and Skincare,82.09,4,20.52,2024-09-06,Yes,1,8.0,90.09
TXN10143,BNPL5176,High Exposure User,2024-04-15,2024-04,Klarna,Home and Furniture,343.12,3,114.37,2024-05-27,No,0,0,343.12
TXN10144,BNPL5176,High Exposure User,2024-07-19,2024-07,Sezzle,Beauty and Skincare,36.41,4,9.1,2024-09-13,No,0,0,36.41
TXN10145,BNPL5176,High Exposure User,2024-11-18,2024-11,PayBright,Home and Furniture,422.91,4,105.73,2025-01-13,No,0,0,422.91
TXN10146,BNPL5176,High Exposure User,2024-06-26,2024-06,Afterpay,Sporting Goods,226.04,6,37.67,2024-09-18,Yes,2,16.0,242.04
TXN10147,BNPL5176,High Exposure User,2024-07-22,2024-07,Klarna,"Fast Fashion (Shein, Temu, ASOS)",52.1,4,13.03,2024-09-16,No,0,0,52.1
TXN10148,BNPL5176,High Exposure User,2024-09-29,2024-09,Afterpay,"Fast Fashion (Shein, Temu, ASOS)",52.23,4,13.06,2024-11-24,No,0,0,52.23
TXN10149,BNPL5176,High Exposure User,2024-07-27,2024-07,Klarna,Beauty and Skincare,86.63,4,21.66,2024-09-21,No,0,0,86.63
TXN10150,BNPL5176,High Exposure User,2024-01-07,2024-01,Afterpay,Footwear,142.39,6,23.73,2024-03-31,No,0,0,142.39
TXN10151,BNPL5176,High Exposure User,2024-07-13,2024-07,Klarna,"Fast Fashion (Shein, Temu, ASOS)",92.2,4,23.05,2024-09-07,No,0,0,92.2
TXN10152,BNPL5176,High Exposure User,2024-01-06,2024-01,Afterpay,Footwear,141.9,4,35.48,2024-03-02,No,0,0,141.9
TXN10153,BNPL5176,High Exposure User,2024-05-14,2024-05,Paidy,Electronics and Tech,240.1,6,40.02,2024-08-06,No,0,0,240.1
TXN10154,BNPL5177,Regular User,2024-03-17,2024-03,Afterpay,Home and Furniture,142.07,4,35.52,2024-05-12,No,0,0,142.07
TXN10155,BNPL5177,Regular User,2024-05-03,2024-05,Afterpay,Electronics and Tech,351.16,4,87.79,2024-06-28,Yes,2,16.0,367.16
TXN10156,BNPL5177,Regular User,2024-08-26,2024-08,Klarna,"Fast Fashion (Shein, Temu, ASOS)",67.44,6,11.24,2024-11-18,No,0,0,67.44
TXN10157,BNPL5177,Regular User,2024-04-21,2024-04,Sezzle,Electronics and Tech,356.44,4,89.11,2024-06-16,No,0,0,356.44
TXN10158,BNPL5178,Occasional User,2024-12-13,2024-12,Afterpay,Footwear,116.42,6,19.4,2025-03-07,No,0,0,116.42
TXN10159,BNPL5178,Occasional User,2024-01-16,2024-01,Paidy,Beauty and Skincare,92.23,4,23.06,2024-03-12,No,0,0,92.23
TXN10160,BNPL5178,Occasional User,2024-05-19,2024-05,Sezzle,Home and Furniture,347.33,4,86.83,2024-07-14,No,0,0,347.33
TXN10161,BNPL5179,High Exposure User,2024-01-29,2024-01,Afterpay,Footwear,155.85,3,51.95,2024-03-11,No,0,0,155.85
TXN10162,BNPL5179,High Exposure User,2024-04-23,2024-04,Afterpay,Sporting Goods,225.88,4,56.47,2024-06-18,No,0,0,225.88
TXN10163,BNPL5179,High Exposure User,2024-05-15,2024-05,Klarna,Electronics and Tech,212.42,4,53.1,2024-07-10,Yes,2,16.0,228.42
TXN10164,BNPL5179,High Exposure User,2024-07-15,2024-07,Afterpay,Sporting Goods,171.51,6,28.58,2024-10-07,Yes,2,16.0,187.51
TXN10165,BNPL5179,High Exposure User,2024-09-05,2024-09,Klarna,"Fast Fashion (Shein, Temu, ASOS)",62.91,3,20.97,2024-10-17,No,0,0,62.91
TXN10166,BNPL5179,High Exposure User,2024-07-20,2024-07,Afterpay,Footwear,116.78,4,29.2,2024-09-14,No,0,0,116.78
TXN10167,BNPL5179,High Exposure User,2024-03-25,2024-03,PayBright,Home and Furniture,366.9,4,91.72,2024-05-20,Yes,1,8.0,374.9
TXN10168,BNPL5179,High Exposure User,2024-03-28,2024-03,Sezzle,Home and Furniture,492.5,4,123.12,2024-05-23,Yes,2,16.0,508.5
TXN10169,BNPL5179,High Exposure User,2024-02-05,2024-02,Afterpay,Home and Furniture,270.37,6,45.06,2024-04-29,No,0,0,270.37
TXN10170,BNPL5179,High Exposure User,2024-12-28,2024-12,Afterpay,"Fast Fashion (Shein, Temu, ASOS)",36.96,4,9.24,2025-02-22,Yes,2,16.0,52.96
TXN10171,BNPL5179,High Exposure User,2024-07-11,2024-07,Klarna,"Fast Fashion (Shein, Temu, ASOS)",50.0,6,8.33,2024-10-03,Yes,2,16.0,66.0
TXN10172,BNPL5180,Regular User,2024-09-09,2024-09,Klarna,Electronics and Tech,213.81,4,53.45,2024-11-04,No,0,0,213.81
TXN10173,BNPL5180,Regular User,2024-06-18,2024-06,Afterpay,"Fast Fashion (Shein, Temu, ASOS)",36.23,4,9.06,2024-08-13,No,0,0,36.23
TXN10174,BNPL5180,Regular User,2024-08-23,2024-08,Afterpay,Footwear,103.23,6,17.21,2024-11-15,No,0,0,103.23
TXN10175,BNPL5180,Regular User,2024-12-25,2024-12,Sezzle,"Fast Fashion (Shein, Temu, ASOS)",40.93,4,10.23,2025-02-19,No,0,0,40.93
TXN10176,BNPL5181,High Exposure User,2024-10-11,2024-10,Sezzle,"Fast Fashion (Shein, Temu, ASOS)",65.83,6,10.97,2025-01-03,No,0,0,65.83
TXN10177,BNPL5181,High Exposure User,2024-12-27,2024-12,Klarna,Home and Furniture,325.42,4,81.36,2025-02-21,No,0,0,325.42
TXN10178,BNPL5181,High Exposure User,2024-05-02,2024-05,Afterpay,Footwear,102.89,4,25.72,2024-06-27,No,0,0,102.89
TXN10179,BNPL5181,High Exposure User,2024-02-04,2024-02,Afterpay,Electronics and Tech,381.15,4,95.29,2024-03-31,Yes,2,16.0,397.15
TXN10180,BNPL5181,High Exposure User,2024-05-13,2024-05,Sezzle,Sporting Goods,175.47,3,58.49,2024-06-24,Yes,2,16.0,191.47
TXN10181,BNPL5181,High Exposure User,2024-12-25,2024-12,Afterpay,"Fast Fashion (Shein, Temu, ASOS)",45.81,4,11.45,2025-02-19,No,0,0,45.81
TXN10182,BNPL5181,High Exposure User,2024-08-09,2024-08,Afterpay,Footwear,112.63,4,28.16,2024-10-04,No,0,0,112.63
TXN10183,BNPL5181,High Exposure User,2024-03-10,2024-03,Klarna,Footwear,133.54,3,44.51,2024-04-21,No,0,0,133.54
TXN10184,BNPL5181,High Exposure User,2024-09-23,2024-09,Afterpay,"Fast Fashion (Shein, Temu, ASOS)",51.03,6,8.51,2024-12-16,No,0,0,51.03
TXN10185,BNPL5182,Occasional User,2024-02-26,2024-02,Afterpay,Footwear,93.96,4,23.49,2024-04-22,No,0,0,93.96
TXN10186,BNPL5182,Occasional User,2024-10-29,2024-10,Klarna,Beauty and Skincare,88.48,3,29.49,2024-12-10,No,0,0,88.48
TXN10187,BNPL5183,Occasional User,2024-10-29,2024-10,Sezzle,Beauty and Skincare,61.66,3,20.55,2024-12-10,No,0,0,61.66
TXN10188,BNPL5184,Occasional User,2024-01-05,2024-01,Sezzle,Beauty and Skincare,47.85,3,15.95,2024-02-16,No,0,0,47.85
TXN10189,BNPL5184,Occasional User,2024-11-16,2024-11,Klarna,Beauty and Skincare,86.0,3,28.67,2024-12-28,No,0,0,86.0
TXN10190,BNPL5185,Occasional User,2024-11-27,2024-11,Afterpay,Beauty and Skincare,50.28,3,16.76,2025-01-08,No,0,0,50.28
TXN10191,BNPL5186,Occasional User,2024-05-03,2024-05,Klarna,Electronics and Tech,279.23,4,69.81,2024-06-28,No,0,0,279.23
TXN10192,BNPL5187,Occasional User,2024-08-10,2024-08,PayBright,Footwear,165.18,4,41.3,2024-10-05,No,0,0,165.18
TXN10193,BNPL5188,High Exposure User,2024-08-05,2024-08,Afterpay,Footwear,87.28,3,29.09,2024-09-16,No,0,0,87.28
TXN10194,BNPL5188,High Exposure User,2024-02-01,2024-02,Afterpay,Footwear,125.1,6,20.85,2024-04-25,No,0,0,125.1
TXN10195,BNPL5188,High Exposure User,2024-03-25,2024-03,Sezzle,Beauty and Skincare,70.51,4,17.63,2024-05-20,No,0,0,70.51
TXN10196,BNPL5188,High Exposure User,2024-07-25,2024-07,Afterpay,Footwear,162.01,6,27.0,2024-10-17,No,0,0,162.01
TXN10197,BNPL5188,High Exposure User,2024-09-11,2024-09,Afterpay,Electronics and Tech,217.84,4,54.46,2024-11-06,No,0,0,217.84
TXN10198,BNPL5188,High Exposure User,2024-03-11,2024-03,Afterpay,Beauty and Skincare,67.22,6,11.2,2024-06-03,No,0,0,67.22
TXN10199,BNPL5188,High Exposure User,2024-07-11,2024-07,Klarna,Footwear,109.55,4,27.39,2024-09-05,No,0,0,109.55
TXN10200,BNPL5188,High Exposure User,2024-12-28,2024-12,Afterpay,Footwear,72.17,6,12.03,2025-03-22,No,0,0,72.17
TXN10201,BNPL5188,High Exposure User,2024-05-25,2024-05,Klarna,Footwear,126.18,6,21.03,2024-08-17,No,0,0,126.18
TXN10202,BNPL5188,High Exposure User,2024-03-05,2024-03,Klarna,Beauty and Skincare,79.88,4,19.97,2024-04-30,No,0,0,79.88
TXN10203,BNPL5188,High Exposure User,2024-03-26,2024-03,Afterpay,Footwear,92.66,4,23.16,2024-05-21,No,0,0,92.66
TXN10204,BNPL5189,Regular User,2024-07-20,2024-07,PayBright,"Fast Fashion (Shein, Temu, ASOS)",49.09,4,12.27,2024-09-14,No,0,0,49.09
TXN10205,BNPL5189,Regular User,2024-02-20,2024-02,Afterpay,Electronics and Tech,325.64,6,54.27,2024-05-14,No,0,0,325.64
TXN10206,BNPL5189,Regular User,2024-12-23,2024-12,PayBright,"Fast Fashion (Shein, Temu, ASOS)",81.42,4,20.36,2025-02-17,No,0,0,81.42
TXN10207,BNPL5189,Regular User,2024-05-23,2024-05,PayBright,Beauty and Skincare,64.97,6,10.83,2024-08-15,No,0,0,64.97
TXN10208,BNPL5189,Regular User,2024-10-07,2024-10,Klarna,Footwear,125.91,4,31.48,2024-12-02,No,0,0,125.91
TXN10209,BNPL5189,Regular User,2024-07-23,2024-07,Klarna,Footwear,148.31,4,37.08,2024-09-17,No,0,0,148.31
TXN10210,BNPL5189,Regular User,2024-09-08,2024-09,Afterpay,Beauty and Skincare,51.65,4,12.91,2024-11-03,No,0,0,51.65
TXN10211,BNPL5190,Occasional User,2024-02-04,2024-02,Klarna,Footwear,69.21,4,17.3,2024-03-31,No,0,0,69.21
TXN10212,BNPL5191,Regular User,2024-11-29,2024-11,PayBright,Beauty and Skincare,124.65,4,31.16,2025-01-24,No,0,0,124.65
TXN10213,BNPL5191,Regular User,2024-07-12,2024-07,Sezzle,"Fast Fashion (Shein, Temu, ASOS)",40.7,3,13.57,2024-08-23,No,0,0,40.7
TXN10214,BNPL5191,Regular User,2024-07-14,2024-07,Afterpay,Beauty and Skincare,79.84,4,19.96,2024-09-08,No,0,0,79.84
TXN10215,BNPL5191,Regular User,2024-04-28,2024-04,Klarna,"Fast Fashion (Shein, Temu, ASOS)",47.6,4,11.9,2024-06-23,No,0,0,47.6
TXN10216,BNPL5191,Regular User,2024-08-02,2024-08,Paidy,Footwear,66.46,3,22.15,2024-09-13,No,0,0,66.46
TXN10217,BNPL5191,Regular User,2024-05-19,2024-05,Klarna,Home and Furniture,305.54,3,101.85,2024-06-30,No,0,0,305.54
TXN10218,BNPL5192,High Exposure User,2024-07-20,2024-07,Sezzle,Beauty and Skincare,75.98,6,12.66,2024-10-12,Yes,1,8.0,83.98
TXN10219,BNPL5192,High Exposure User,2024-07-15,2024-07,Sezzle,Footwear,70.35,6,11.72,2024-10-07,No,0,0,70.35
TXN10220,BNPL5192,High Exposure User,2024-06-25,2024-06,Klarna,"Fast Fashion (Shein, Temu, ASOS)",51.95,3,17.32,2024-08-06,No,0,0,51.95
TXN10221,BNPL5192,High Exposure User,2024-02-13,2024-02,Afterpay,Beauty and Skincare,69.99,6,11.66,2024-05-07,Yes,1,8.0,77.99
TXN10222,BNPL5192,High Exposure User,2024-11-22,2024-11,Afterpay,Beauty and Skincare,77.6,4,19.4,2025-01-17,Yes,1,8.0,85.6
TXN10223,BNPL5192,High Exposure User,2024-12-23,2024-12,Afterpay,"Fast Fashion (Shein, Temu, ASOS)",51.78,4,12.95,2025-02-17,No,0,0,51.78
TXN10224,BNPL5192,High Exposure User,2024-10-10,2024-10,Klarna,"Fast Fashion (Shein, Temu, ASOS)",40.23,4,10.06,2024-12-05,Yes,2,16.0,56.23
TXN10225,BNPL5192,High Exposure User,2024-05-27,2024-05,Klarna,Home and Furniture,306.16,4,76.54,2024-07-22,No,0,0,306.16
TXN10226,BNPL5192,High Exposure User,2024-05-29,2024-05,Klarna,Sporting Goods,130.01,4,32.5,2024-07-24,No,0,0,130.01
TXN10227,BNPL5192,High Exposure User,2024-06-02,2024-06,Klarna,"Fast Fashion (Shein, Temu, ASOS)",62.4,4,15.6,2024-07-28,No,0,0,62.4
TXN10228,BNPL5192,High Exposure User,2024-03-22,2024-03,Klarna,Beauty and Skincare,54.18,4,13.54,2024-05-17,No,0,0,54.18
TXN10229,BNPL5192,High Exposure User,2024-12-10,2024-12,Sezzle,"Fast Fashion (Shein, Temu, ASOS)",76.23,4,19.06,2025-02-04,No,0,0,76.23
TXN10230,BNPL5193,Regular User,2024-06-22,2024-06,Klarna,Footwear,142.26,6,23.71,2024-09-14,No,0,0,142.26
TXN10231,BNPL5193,Regular User,2024-03-22,2024-03,Afterpay,Beauty and Skincare,74.88,3,24.96,2024-05-03,No,0,0,74.88
TXN10232,BNPL5193,Regular User,2024-08-07,2024-08,Afterpay,"Fast Fashion (Shein, Temu, ASOS)",37.98,3,12.66,2024-09-18,Yes,2,16.0,53.98
TXN10233,BNPL5193,Regular User,2024-12-26,2024-12,Sezzle,Beauty and Skincare,80.55,3,26.85,2025-02-06,No,0,0,80.55
TXN10234,BNPL5193,Regular User,2024-01-14,2024-01,Afterpay,Footwear,105.75,4,26.44,2024-03-10,No,0,0,105.75
TXN10235,BNPL5193,Regular User,2024-07-09,2024-07,Sezzle,Beauty and Skincare,95.81,6,15.97,2024-10-01,No,0,0,95.81
TXN10236,BNPL5193,Regular User,2024-02-16,2024-02,Afterpay,Electronics and Tech,279.33,6,46.55,2024-05-10,No,0,0,279.33
TXN10237,BNPL5194,High Exposure User,2024-02-11,2024-02,Klarna,Home and Furniture,388.84,3,129.61,2024-03-24,No,0,0,388.84
TXN10238,BNPL5194,High Exposure User,2024-07-28,2024-07,Paidy,"Fast Fashion (Shein, Temu, ASOS)",89.23,4,22.31,2024-09-22,No,0,0,89.23
TXN10239,BNPL5194,High Exposure User,2024-12-22,2024-12,Afterpay,Home and Furniture,152.61,4,38.15,2025-02-16,No,0,0,152.61
TXN10240,BNPL5194,High Exposure User,2024-09-14,2024-09,Klarna,Home and Furniture,363.01,4,90.75,2024-11-09,No,0,0,363.01
TXN10241,BNPL5194,High Exposure User,2024-12-06,2024-12,Sezzle,"Fast Fashion (Shein, Temu, ASOS)",55.12,6,9.19,2025-02-28,No,0,0,55.12
TXN10242,BNPL5194,High Exposure User,2024-06-16,2024-06,Klarna,Beauty and Skincare,48.89,4,12.22,2024-08-11,Yes,2,16.0,64.89
TXN10243,BNPL5194,High Exposure User,2024-01-25,2024-01,Paidy,Footwear,144.32,4,36.08,2024-03-21,No,0,0,144.32
TXN10244,BNPL5194,High Exposure User,2024-12-12,2024-12,Klarna,Beauty and Skincare,105.51,4,26.38,2025-02-06,No,0,0,105.51
TXN10245,BNPL5194,High Exposure User,2024-07-02,2024-07,Paidy,Electronics and Tech,324.39,4,81.1,2024-08-27,No,0,0,324.39
TXN10246,BNPL5194,High Exposure User,2024-04-29,2024-04,Afterpay,"Fast Fashion (Shein, Temu, ASOS)",45.25,4,11.31,2024-06-24,No,0,0,45.25
TXN10247,BNPL5194,High Exposure User,2024-01-05,2024-01,Afterpay,Sporting Goods,173.33,6,28.89,2024-03-29,Yes,1,8.0,181.33
TXN10248,BNPL5194,High Exposure User,2024-09-25,2024-09,Afterpay,Electronics and Tech,202.38,4,50.59,2024-11-20,No,0,0,202.38
TXN10249,BNPL5195,High Exposure User,2024-10-20,2024-10,Afterpay,"Fast Fashion (Shein, Temu, ASOS)",83.14,6,13.86,2025-01-12,No,0,0,83.14
TXN10250,BNPL5195,High Exposure User,2024-04-04,2024-04,Sezzle,Beauty and Skincare,67.29,3,22.43,2024-05-16,No,0,0,67.29
TXN10251,BNPL5195,High Exposure User,2024-07-03,2024-07,Klarna,"Fast Fashion (Shein, Temu, ASOS)",50.34,4,12.59,2024-08-28,Yes,1,8.0,58.34
TXN10252,BNPL5195,High Exposure User,2024-02-11,2024-02,Afterpay,"Fast Fashion (Shein, Temu, ASOS)",40.91,4,10.23,2024-04-07,No,0,0,40.91
TXN10253,BNPL5195,High Exposure User,2024-12-21,2024-12,Klarna,"Fast Fashion (Shein, Temu, ASOS)",42.84,4,10.71,2025-02-15,No,0,0,42.84
TXN10254,BNPL5195,High Exposure User,2024-10-20,2024-10,PayBright,Sporting Goods,238.14,4,59.53,2024-12-15,No,0,0,238.14
TXN10255,BNPL5195,High Exposure User,2024-01-15,2024-01,Afterpay,Sporting Goods,204.57,3,68.19,2024-02-26,No,0,0,204.57
TXN10256,BNPL5195,High Exposure User,2024-06-27,2024-06,Paidy,Beauty and Skincare,66.59,4,16.65,2024-08-22,No,0,0,66.59
TXN10257,BNPL5195,High Exposure User,2024-03-22,2024-03,Klarna,Beauty and Skincare,75.84,4,18.96,2024-05-17,No,0,0,75.84
TXN10258,BNPL5195,High Exposure User,2024-04-18,2024-04,PayBright,"Fast Fashion (Shein, Temu, ASOS)",50.27,4,12.57,2024-06-13,Yes,1,8.0,58.27
TXN10259,BNPL5195,High Exposure User,2024-10-07,2024-10,Sezzle,Sporting Goods,227.76,3,75.92,2024-11-18,No,0,0,227.76
TXN10260,BNPL5195,High Exposure User,2024-07-07,2024-07,Afterpay,Footwear,98.75,6,16.46,2024-09-29,No,0,0,98.75
TXN10261,BNPL5196,Occasional User,2024-09-28,2024-09,Afterpay,"Fast Fashion (Shein, Temu, ASOS)",68.17,4,17.04,2024-11-23,No,0,0,68.17
TXN10262,BNPL5197,Occasional User,2024-02-23,2024-02,Klarna,Beauty and Skincare,72.67,4,18.17,2024-04-19,No,0,0,72.67
TXN10263,BNPL5198,Occasional User,2024-04-03,2024-04,PayBright,Electronics and Tech,282.32,4,70.58,2024-05-29,No,0,0,282.32
TXN10264,BNPL5198,Occasional User,2024-05-26,2024-05,Afterpay,"Fast Fashion (Shein, Temu, ASOS)",84.23,3,28.08,2024-07-07,No,0,0,84.23
TXN10265,BNPL5199,Regular User,2024-12-06,2024-12,Afterpay,Home and Furniture,337.51,4,84.38,2025-01-31,No,0,0,337.51
TXN10266,BNPL5199,Regular User,2024-11-13,2024-11,PayBright,Home and Furniture,383.66,6,63.94,2025-02-05,No,0,0,383.66
TXN10267,BNPL5199,Regular User,2024-10-15,2024-10,Afterpay,Footwear,142.05,4,35.51,2024-12-10,No,0,0,142.05
TXN10268,BNPL5199,Regular User,2024-11-18,2024-11,Klarna,Footwear,157.62,6,26.27,2025-02-10,No,0,0,157.62
TXN10269,BNPL5199,Regular User,2024-11-08,2024-11,Klarna,Electronics and Tech,126.46,4,31.61,2025-01-03,No,0,0,126.46
TXN10270,BNPL5199,Regular User,2024-06-27,2024-06,Afterpay,Beauty and Skincare,53.68,4,13.42,2024-08-22,No,0,0,53.68
TXN10271,BNPL5200,Occasional User,2024-09-19,2024-09,Paidy,Footwear,152.59,4,38.15,2024-11-14,No,0,0,152.59
TXN10272,BNPL5200,Occasional User,2024-09-19,2024-09,Paidy,Beauty and Skincare,81.76,4,20.44,2024-11-14,No,0,0,81.76
TXN10273,BNPL5200,Occasional User,2024-10-19,2024-10,Afterpay,Electronics and Tech,323.66,4,80.92,2024-12-14,No,0,0,323.66
TXN10274,BNPL5201,Occasional User,2024-01-31,2024-01,PayBright,Beauty and Skincare,86.47,4,21.62,2024-03-27,No,0,0,86.47
TXN10275,BNPL5202,Occasional User,2024-08-10,2024-08,Sezzle,"Fast Fashion (Shein, Temu, ASOS)",59.79,4,14.95,2024-10-05,Yes,2,16.0,75.79
TXN10276,BNPL5203,Regular User,2024-11-21,2024-11,Klarna,Beauty and Skincare,92.46,6,15.41,2025-02-13,No,0,0,92.46
TXN10277,BNPL5203,Regular User,2024-06-19,2024-06,Afterpay,Beauty and Skincare,83.27,4,20.82,2024-08-14,No,0,0,83.27
TXN10278,BNPL5204,Regular User,2024-12-05,2024-12,PayBright,Footwear,43.59,6,7.27,2025-02-27,No,0,0,43.59
TXN10279,BNPL5204,Regular User,2024-10-13,2024-10,Klarna,"Fast Fashion (Shein, Temu, ASOS)",36.46,6,6.08,2025-01-05,Yes,2,16.0,52.46
TXN10280,BNPL5204,Regular User,2024-10-11,2024-10,Klarna,Footwear,147.89,3,49.3,2024-11-22,No,0,0,147.89
TXN10281,BNPL5204,Regular User,2024-12-04,2024-12,Sezzle,"Fast Fashion (Shein, Temu, ASOS)",40.79,4,10.2,2025-01-29,No,0,0,40.79
TXN10282,BNPL5204,Regular User,2024-06-19,2024-06,Paidy,Electronics and Tech,332.08,4,83.02,2024-08-14,No,0,0,332.08
TXN10283,BNPL5204,Regular User,2024-07-17,2024-07,Afterpay,Footwear,124.59,6,20.77,2024-10-09,No,0,0,124.59
TXN10284,BNPL5204,Regular User,2024-10-23,2024-10,Sezzle,"Fast Fashion (Shein, Temu, ASOS)",66.74,4,16.68,2024-12-18,No,0,0,66.74
TXN10285,BNPL5204,Regular User,2024-02-25,2024-02,Paidy,"Fast Fashion (Shein, Temu, ASOS)",64.56,6,10.76,2024-05-19,No,0,0,64.56
TXN10286,BNPL5205,Regular User,2024-08-06,2024-08,Klarna,Home and Furniture,433.12,4,108.28,2024-10-01,Yes,2,16.0,449.12
TXN10287,BNPL5205,Regular User,2024-06-01,2024-06,Afterpay,Sporting Goods,187.26,4,46.81,2024-07-27,No,0,0,187.26
TXN10288,BNPL5205,Regular User,2024-12-09,2024-12,Klarna,"Fast Fashion (Shein, Temu, ASOS)",35.64,4,8.91,2025-02-03,No,0,0,35.64
TXN10289,BNPL5205,Regular User,2024-11-27,2024-11,Afterpay,Beauty and Skincare,62.8,6,10.47,2025-02-19,No,0,0,62.8
TXN10290,BNPL5205,Regular User,2024-01-22,2024-01,Afterpay,Home and Furniture,316.59,4,79.15,2024-03-18,No,0,0,316.59
TXN10291,BNPL5205,Regular User,2024-06-02,2024-06,Klarna,Beauty and Skincare,65.95,6,10.99,2024-08-25,No,0,0,65.95
TXN10292,BNPL5205,Regular User,2024-08-04,2024-08,Afterpay,Footwear,78.2,4,19.55,2024-09-29,No,0,0,78.2
TXN10293,BNPL5206,Occasional User,2024-09-29,2024-09,Sezzle,"Fast Fashion (Shein, Temu, ASOS)",34.69,3,11.56,2024-11-10,No,0,0,34.69
TXN10294,BNPL5206,Occasional User,2024-03-30,2024-03,Klarna,Footwear,119.15,3,39.72,2024-05-11,No,0,0,119.15
TXN10295,BNPL5206,Occasional User,2024-09-07,2024-09,Klarna,"Fast Fashion (Shein, Temu, ASOS)",51.93,4,12.98,2024-11-02,No,0,0,51.93
TXN10296,BNPL5207,Regular User,2024-10-18,2024-10,Afterpay,Home and Furniture,263.21,4,65.8,2024-12-13,No,0,0,263.21
TXN10297,BNPL5207,Regular User,2024-09-20,2024-09,Klarna,Footwear,115.39,4,28.85,2024-11-15,No,0,0,115.39
TXN10298,BNPL5207,Regular User,2024-10-05,2024-10,Klarna,Beauty and Skincare,108.48,4,27.12,2024-11-30,No,0,0,108.48
TXN10299,BNPL5207,Regular User,2024-01-23,2024-01,Afterpay,Electronics and Tech,227.11,4,56.78,2024-03-19,No,0,0,227.11
TXN10300,BNPL5207,Regular User,2024-05-14,2024-05,Sezzle,"Fast Fashion (Shein, Temu, ASOS)",52.02,4,13.01,2024-07-09,No,0,0,52.02
TXN10301,BNPL5207,Regular User,2024-03-21,2024-03,Sezzle,Sporting Goods,196.3,6,32.72,2024-06-13,No,0,0,196.3
TXN10302,BNPL5207,Regular User,2024-11-15,2024-11,PayBright,"Fast Fashion (Shein, Temu, ASOS)",44.97,4,11.24,2025-01-10,No,0,0,44.97
TXN10303,BNPL5207,Regular User,2024-02-10,2024-02,Afterpay,Electronics and Tech,169.74,6,28.29,2024-05-04,No,0,0,169.74
TXN10304,BNPL5208,Regular User,2024-08-07,2024-08,Afterpay,Footwear,127.91,4,31.98,2024-10-02,No,0,0,127.91
TXN10305,BNPL5208,Regular User,2024-12-18,2024-12,Klarna,"Fast Fashion (Shein, Temu, ASOS)",44.47,4,11.12,2025-02-12,No,0,0,44.47
TXN10306,BNPL5208,Regular User,2024-08-04,2024-08,Afterpay,"Fast Fashion (Shein, Temu, ASOS)",70.24,6,11.71,2024-10-27,No,0,0,70.24
TXN10307,BNPL5208,Regular User,2024-09-28,2024-09,Afterpay,Footwear,156.88,4,39.22,2024-11-23,No,0,0,156.88
TXN10308,BNPL5208,Regular User,2024-11-06,2024-11,Afterpay,Sporting Goods,162.67,3,54.22,2024-12-18,No,0,0,162.67
TXN10309,BNPL5208,Regular User,2024-02-21,2024-02,Afterpay,"Fast Fashion (Shein, Temu, ASOS)",77.95,4,19.49,2024-04-17,No,0,0,77.95
TXN10310,BNPL5208,Regular User,2024-07-28,2024-07,Klarna,Beauty and Skincare,56.22,4,14.05,2024-09-22,No,0,0,56.22
TXN10311,BNPL5208,Regular User,2024-03-02,2024-03,Afterpay,Electronics and Tech,292.69,3,97.56,2024-04-13,No,0,0,292.69
TXN10312,BNPL5208,Regular User,2024-11-18,2024-11,Afterpay,Footwear,136.0,4,34.0,2025-01-13,No,0,0,136.0
TXN10313,BNPL5208,Regular User,2024-08-26,2024-08,Klarna,Home and Furniture,242.77,3,80.92,2024-10-07,No,0,0,242.77
TXN10314,BNPL5208,Regular User,2024-02-09,2024-02,Afterpay,Electronics and Tech,504.79,4,126.2,2024-04-05,No,0,0,504.79
TXN10315,BNPL5209,Regular User,2024-04-29,2024-04,PayBright,Electronics and Tech,407.2,4,101.8,2024-06-24,No,0,0,407.2
TXN10316,BNPL5209,Regular User,2024-12-28,2024-12,Afterpay,"Fast Fashion (Shein, Temu, ASOS)",41.18,4,10.29,2025-02-22,No,0,0,41.18
TXN10317,BNPL5209,Regular User,2024-09-07,2024-09,Afterpay,"Fast Fashion (Shein, Temu, ASOS)",55.04,4,13.76,2024-11-02,No,0,0,55.04
TXN10318,BNPL5209,Regular User,2024-04-17,2024-04,Afterpay,Footwear,92.1,4,23.02,2024-06-12,No,0,0,92.1
TXN10319,BNPL5209,Regular User,2024-08-23,2024-08,Sezzle,"Fast Fashion (Shein, Temu, ASOS)",56.2,3,18.73,2024-10-04,No,0,0,56.2
TXN10320,BNPL5209,Regular User,2024-02-06,2024-02,Klarna,Sporting Goods,143.41,4,35.85,2024-04-02,No,0,0,143.41
TXN10321,BNPL5210,High Exposure User,2024-03-21,2024-03,Afterpay,Beauty and Skincare,76.61,6,12.77,2024-06-13,No,0,0,76.61
TXN10322,BNPL5210,High Exposure User,2024-11-16,2024-11,Sezzle,Home and Furniture,346.1,4,86.53,2025-01-11,No,0,0,346.1
TXN10323,BNPL5210,High Exposure User,2024-01-11,2024-01,Klarna,Sporting Goods,235.25,4,58.81,2024-03-07,No,0,0,235.25
TXN10324,BNPL5210,High Exposure User,2024-03-20,2024-03,Afterpay,"Fast Fashion (Shein, Temu, ASOS)",52.9,4,13.22,2024-05-15,No,0,0,52.9
TXN10325,BNPL5210,High Exposure User,2024-01-10,2024-01,Klarna,Home and Furniture,437.37,3,145.79,2024-02-21,Yes,2,16.0,453.37
TXN10326,BNPL5210,High Exposure User,2024-06-22,2024-06,Sezzle,"Fast Fashion (Shein, Temu, ASOS)",54.08,3,18.03,2024-08-03,Yes,2,16.0,70.08
TXN10327,BNPL5210,High Exposure User,2024-07-07,2024-07,PayBright,Beauty and Skincare,83.69,6,13.95,2024-09-29,No,0,0,83.69
TXN10328,BNPL5210,High Exposure User,2024-11-02,2024-11,Sezzle,"Fast Fashion (Shein, Temu, ASOS)",74.29,4,18.57,2024-12-28,Yes,2,16.0,90.29
TXN10329,BNPL5210,High Exposure User,2024-04-13,2024-04,Afterpay,"Fast Fashion (Shein, Temu, ASOS)",50.83,4,12.71,2024-06-08,Yes,2,16.0,66.83
TXN10330,BNPL5210,High Exposure User,2024-07-26,2024-07,Afterpay,Footwear,154.52,4,38.63,2024-09-20,Yes,2,16.0,170.52
TXN10331,BNPL5210,High Exposure User,2024-02-14,2024-02,Afterpay,Footwear,98.62,3,32.87,2024-03-27,No,0,0,98.62
TXN10332,BNPL5210,High Exposure User,2024-05-12,2024-05,Klarna,Beauty and Skincare,88.03,3,29.34,2024-06-23,No,0,0,88.03
TXN10333,BNPL5210,High Exposure User,2024-01-11,2024-01,Sezzle,Sporting Goods,186.21,4,46.55,2024-03-07,No,0,0,186.21
TXN10334,BNPL5210,High Exposure User,2024-05-31,2024-05,Paidy,Footwear,134.42,4,33.6,2024-07-26,Yes,2,16.0,150.42
TXN10335,BNPL5210,High Exposure User,2024-06-13,2024-06,Paidy,"Fast Fashion (Shein, Temu, ASOS)",70.73,4,17.68,2024-08-08,Yes,2,16.0,86.73
TXN10336,BNPL5210,High Exposure User,2024-03-29,2024-03,Afterpay,Home and Furniture,276.91,4,69.23,2024-05-24,No,0,0,276.91
TXN10337,BNPL5210,High Exposure User,2024-11-18,2024-11,Afterpay,Home and Furniture,160.41,3,53.47,2024-12-30,No,0,0,160.41
TXN10338,BNPL5211,Regular User,2024-11-14,2024-11,Sezzle,Sporting Goods,226.0,6,37.67,2025-02-06,No,0,0,226.0
TXN10339,BNPL5211,Regular User,2024-12-30,2024-12,PayBright,"Fast Fashion (Shein, Temu, ASOS)",51.36,3,17.12,2025-02-10,No,0,0,51.36
TXN10340,BNPL5211,Regular User,2024-03-19,2024-03,Klarna,"Fast Fashion (Shein, Temu, ASOS)",43.28,4,10.82,2024-05-14,No,0,0,43.28
TXN10341,BNPL5211,Regular User,2024-12-10,2024-12,Klarna,"Fast Fashion (Shein, Temu, ASOS)",51.38,6,8.56,2025-03-04,No,0,0,51.38
TXN10342,BNPL5211,Regular User,2024-08-30,2024-08,Sezzle,Home and Furniture,308.48,3,102.83,2024-10-11,No,0,0,308.48
TXN10343,BNPL5211,Regular User,2024-08-20,2024-08,Sezzle,"Fast Fashion (Shein, Temu, ASOS)",33.73,3,11.24,2024-10-01,No,0,0,33.73
TXN10344,BNPL5212,Occasional User,2024-06-20,2024-06,Sezzle,Home and Furniture,313.42,3,104.47,2024-08-01,No,0,0,313.42
TXN10345,BNPL5212,Occasional User,2024-04-27,2024-04,Afterpay,"Fast Fashion (Shein, Temu, ASOS)",50.32,4,12.58,2024-06-22,No,0,0,50.32
TXN10346,BNPL5213,High Exposure User,2024-06-26,2024-06,Klarna,Home and Furniture,377.22,4,94.31,2024-08-21,No,0,0,377.22
TXN10347,BNPL5213,High Exposure User,2024-06-12,2024-06,Afterpay,"Fast Fashion (Shein, Temu, ASOS)",59.32,4,14.83,2024-08-07,No,0,0,59.32
TXN10348,BNPL5213,High Exposure User,2024-12-26,2024-12,Afterpay,Sporting Goods,221.57,4,55.39,2025-02-20,No,0,0,221.57
TXN10349,BNPL5213,High Exposure User,2024-04-08,2024-04,Afterpay,Footwear,93.4,4,23.35,2024-06-03,No,0,0,93.4
TXN10350,BNPL5213,High Exposure User,2024-08-31,2024-08,Afterpay,Beauty and Skincare,58.4,4,14.6,2024-10-26,No,0,0,58.4
TXN10351,BNPL5213,High Exposure User,2024-09-05,2024-09,Klarna,Footwear,136.96,6,22.83,2024-11-28,No,0,0,136.96
TXN10352,BNPL5213,High Exposure User,2024-05-11,2024-05,PayBright,Electronics and Tech,341.98,6,57.0,2024-08-03,No,0,0,341.98
TXN10353,BNPL5213,High Exposure User,2024-01-10,2024-01,Sezzle,"Fast Fashion (Shein, Temu, ASOS)",56.45,6,9.41,2024-04-03,Yes,1,8.0,64.45
TXN10354,BNPL5213,High Exposure User,2024-12-09,2024-12,Klarna,Beauty and Skincare,69.97,4,17.49,2025-02-03,Yes,2,16.0,85.97
TXN10355,BNPL5213,High Exposure User,2024-09-11,2024-09,Klarna,"Fast Fashion (Shein, Temu, ASOS)",67.31,4,16.83,2024-11-06,Yes,2,16.0,83.31
TXN10356,BNPL5213,High Exposure User,2024-10-08,2024-10,PayBright,"Fast Fashion (Shein, Temu, ASOS)",67.01,4,16.75,2024-12-03,No,0,0,67.01
TXN10357,BNPL5213,High Exposure User,2024-01-14,2024-01,Sezzle,"Fast Fashion (Shein, Temu, ASOS)",74.67,4,18.67,2024-03-10,Yes,2,16.0,90.67
TXN10358,BNPL5213,High Exposure User,2024-02-10,2024-02,Afterpay,"Fast Fashion (Shein, Temu, ASOS)",74.49,3,24.83,2024-03-23,No,0,0,74.49
TXN10359,BNPL5213,High Exposure User,2024-04-30,2024-04,Afterpay,Sporting Goods,193.03,6,32.17,2024-07-23,Yes,2,16.0,209.03
TXN10360,BNPL5214,Occasional User,2024-05-12,2024-05,Paidy,Electronics and Tech,265.96,3,88.65,2024-06-23,No,0,0,265.96
TXN10361,BNPL5215,Regular User,2024-10-25,2024-10,PayBright,Home and Furniture,443.08,4,110.77,2024-12-20,No,0,0,443.08
TXN10362,BNPL5215,Regular User,2024-09-23,2024-09,Afterpay,Sporting Goods,175.14,3,58.38,2024-11-04,Yes,1,8.0,183.14
TXN10363,BNPL5215,Regular User,2024-03-17,2024-03,Klarna,Beauty and Skincare,71.28,4,17.82,2024-05-12,Yes,2,16.0,87.28
TXN10364,BNPL5215,Regular User,2024-04-26,2024-04,Afterpay,"Fast Fashion (Shein, Temu, ASOS)",57.26,6,9.54,2024-07-19,No,0,0,57.26
TXN10365,BNPL5215,Regular User,2024-07-11,2024-07,Sezzle,"Fast Fashion (Shein, Temu, ASOS)",54.99,4,13.75,2024-09-05,No,0,0,54.99
TXN10366,BNPL5215,Regular User,2024-05-21,2024-05,Afterpay,"Fast Fashion (Shein, Temu, ASOS)",69.22,6,11.54,2024-08-13,Yes,1,8.0,77.22
TXN10367,BNPL5216,Occasional User,2024-01-12,2024-01,Paidy,Home and Furniture,415.18,6,69.2,2024-04-05,No,0,0,415.18
TXN10368,BNPL5217,Regular User,2024-09-29,2024-09,Sezzle,"Fast Fashion (Shein, Temu, ASOS)",26.43,4,6.61,2024-11-24,No,0,0,26.43
TXN10369,BNPL5217,Regular User,2024-07-17,2024-07,PayBright,Footwear,136.76,6,22.79,2024-10-09,No,0,0,136.76
TXN10370,BNPL5217,Regular User,2024-12-08,2024-12,Afterpay,Footwear,91.11,6,15.19,2025-03-02,No,0,0,91.11
TXN10371,BNPL5217,Regular User,2024-09-18,2024-09,Klarna,Electronics and Tech,274.37,4,68.59,2024-11-13,No,0,0,274.37
TXN10372,BNPL5217,Regular User,2024-08-25,2024-08,Afterpay,Home and Furniture,221.63,3,73.88,2024-10-06,No,0,0,221.63
TXN10373,BNPL5217,Regular User,2024-06-04,2024-06,Klarna,Home and Furniture,306.55,3,102.18,2024-07-16,No,0,0,306.55
TXN10374,BNPL5217,Regular User,2024-10-07,2024-10,PayBright,"Fast Fashion (Shein, Temu, ASOS)",48.99,4,12.25,2024-12-02,No,0,0,48.99
TXN10375,BNPL5217,Regular User,2024-08-29,2024-08,Afterpay,"Fast Fashion (Shein, Temu, ASOS)",72.92,4,18.23,2024-10-24,No,0,0,72.92
TXN10376,BNPL5218,Regular User,2024-06-02,2024-06,Afterpay,Electronics and Tech,252.74,3,84.25,2024-07-14,No,0,0,252.74
TXN10377,BNPL5218,Regular User,2024-03-23,2024-03,PayBright,Beauty and Skincare,77.11,4,19.28,2024-05-18,Yes,2,16.0,93.11
TXN10378,BNPL5218,Regular User,2024-09-25,2024-09,Afterpay,Footwear,105.73,6,17.62,2024-12-18,Yes,1,8.0,113.73
TXN10379,BNPL5218,Regular User,2024-06-22,2024-06,Klarna,Sporting Goods,222.1,4,55.52,2024-08-17,Yes,1,8.0,230.1
TXN10380,BNPL5218,Regular User,2024-08-28,2024-08,Sezzle,Sporting Goods,155.76,6,25.96,2024-11-20,No,0,0,155.76
TXN10381,BNPL5218,Regular User,2024-03-26,2024-03,Afterpay,Beauty and Skincare,66.94,3,22.31,2024-05-07,No,0,0,66.94
TXN10382,BNPL5218,Regular User,2024-08-29,2024-08,PayBright,Beauty and Skincare,71.06,4,17.77,2024-10-24,No,0,0,71.06
TXN10383,BNPL5218,Regular User,2024-06-15,2024-06,PayBright,Sporting Goods,236.31,3,78.77,2024-07-27,No,0,0,236.31
TXN10384,BNPL5219,Occasional User,2024-03-29,2024-03,PayBright,Home and Furniture,364.49,4,91.12,2024-05-24,No,0,0,364.49
TXN10385,BNPL5219,Occasional User,2024-07-30,2024-07,Afterpay,"Fast Fashion (Shein, Temu, ASOS)",67.18,3,22.39,2024-09-10,No,0,0,67.18
TXN10386,BNPL5220,Regular User,2024-06-28,2024-06,PayBright,Beauty and Skincare,78.16,6,13.03,2024-09-20,No,0,0,78.16
TXN10387,BNPL5220,Regular User,2024-12-30,2024-12,PayBright,Home and Furniture,453.6,6,75.6,2025-03-24,No,0,0,453.6
TXN10388,BNPL5220,Regular User,2024-05-08,2024-05,Paidy,Beauty and Skincare,91.04,6,15.17,2024-07-31,Yes,1,8.0,99.04
TXN10389,BNPL5220,Regular User,2024-10-24,2024-10,Klarna,Beauty and Skincare,75.66,3,25.22,2024-12-05,No,0,0,75.66
TXN10390,BNPL5220,Regular User,2024-01-23,2024-01,Afterpay,Beauty and Skincare,89.24,3,29.75,2024-03-05,No,0,0,89.24
TXN10391,BNPL5221,High Exposure User,2024-04-17,2024-04,Sezzle,Beauty and Skincare,85.51,4,21.38,2024-06-12,Yes,2,16.0,101.51
TXN10392,BNPL5221,High Exposure User,2024-02-25,2024-02,Afterpay,Home and Furniture,375.17,4,93.79,2024-04-21,No,0,0,375.17
TXN10393,BNPL5221,High Exposure User,2024-10-17,2024-10,Klarna,Electronics and Tech,266.43,4,66.61,2024-12-12,No,0,0,266.43
TXN10394,BNPL5221,High Exposure User,2024-07-10,2024-07,Sezzle,Beauty and Skincare,65.15,4,16.29,2024-09-04,Yes,2,16.0,81.15
TXN10395,BNPL5221,High Exposure User,2024-06-12,2024-06,Klarna,"Fast Fashion (Shein, Temu, ASOS)",52.78,6,8.8,2024-09-04,No,0,0,52.78
TXN10396,BNPL5221,High Exposure User,2024-01-17,2024-01,Sezzle,Footwear,174.19,3,58.06,2024-02-28,Yes,1,8.0,182.19
TXN10397,BNPL5222,Regular User,2024-09-20,2024-09,Afterpay,Beauty and Skincare,69.21,4,17.3,2024-11-15,No,0,0,69.21
TXN10398,BNPL5222,Regular User,2024-02-07,2024-02,Paidy,Beauty and Skincare,79.64,3,26.55,2024-03-20,No,0,0,79.64
TXN10399,BNPL5222,Regular User,2024-09-08,2024-09,Sezzle,"Fast Fashion (Shein, Temu, ASOS)",66.31,4,16.58,2024-11-03,No,0,0,66.31
TXN10400,BNPL5222,Regular User,2024-06-26,2024-06,Sezzle,Home and Furniture,384.31,4,96.08,2024-08-21,No,0,0,384.31
TXN10401,BNPL5223,Occasional User,2024-04-13,2024-04,Sezzle,Beauty and Skincare,98.62,3,32.87,2024-05-25,No,0,0,98.62
TXN10402,BNPL5223,Occasional User,2024-06-14,2024-06,Klarna,"Fast Fashion (Shein, Temu, ASOS)",48.54,4,12.13,2024-08-09,No,0,0,48.54
TXN10403,BNPL5223,Occasional User,2024-09-11,2024-09,Klarna,"Fast Fashion (Shein, Temu, ASOS)",31.17,4,7.79,2024-11-06,No,0,0,31.17
TXN10404,BNPL5224,Regular User,2024-07-05,2024-07,Afterpay,"Fast Fashion (Shein, Temu, ASOS)",50.86,3,16.95,2024-08-16,Yes,1,8.0,58.86
TXN10405,BNPL5224,Regular User,2024-12-09,2024-12,Afterpay,"Fast Fashion (Shein, Temu, ASOS)",64.5,6,10.75,2025-03-03,No,0,0,64.5
TXN10406,BNPL5224,Regular User,2024-10-31,2024-10,Afterpay,"Fast Fashion (Shein, Temu, ASOS)",56.35,6,9.39,2025-01-23,No,0,0,56.35
TXN10407,BNPL5224,Regular User,2024-06-16,2024-06,Klarna,Beauty and Skincare,82.59,6,13.77,2024-09-08,No,0,0,82.59
TXN10408,BNPL5224,Regular User,2024-03-21,2024-03,Klarna,"Fast Fashion (Shein, Temu, ASOS)",37.19,4,9.3,2024-05-16,No,0,0,37.19
TXN10409,BNPL5225,Occasional User,2024-04-30,2024-04,Afterpay,Home and Furniture,207.22,3,69.07,2024-06-11,No,0,0,207.22
TXN10410,BNPL5226,High Exposure User,2024-08-23,2024-08,Klarna,Beauty and Skincare,112.26,4,28.07,2024-10-18,No,0,0,112.26
TXN10411,BNPL5226,High Exposure User,2024-01-12,2024-01,Klarna,Electronics and Tech,220.3,3,73.43,2024-02-23,No,0,0,220.3
TXN10412,BNPL5226,High Exposure User,2024-06-27,2024-06,Paidy,Sporting Goods,225.42,6,37.57,2024-09-19,No,0,0,225.42
TXN10413,BNPL5226,High Exposure User,2024-09-04,2024-09,Afterpay,Electronics and Tech,324.38,4,81.09,2024-10-30,No,0,0,324.38
TXN10414,BNPL5226,High Exposure User,2024-01-17,2024-01,Klarna,Footwear,77.78,4,19.45,2024-03-13,No,0,0,77.78
TXN10415,BNPL5226,High Exposure User,2024-03-22,2024-03,Afterpay,Beauty and Skincare,88.37,4,22.09,2024-05-17,Yes,1,8.0,96.37
TXN10416,BNPL5226,High Exposure User,2024-08-04,2024-08,Afterpay,"Fast Fashion (Shein, Temu, ASOS)",44.33,4,11.08,2024-09-29,No,0,0,44.33
TXN10417,BNPL5226,High Exposure User,2024-04-10,2024-04,Klarna,"Fast Fashion (Shein, Temu, ASOS)",47.88,4,11.97,2024-06-05,No,0,0,47.88
TXN10418,BNPL5226,High Exposure User,2024-04-13,2024-04,Sezzle,Electronics and Tech,270.2,3,90.07,2024-05-25,Yes,1,8.0,278.2
TXN10419,BNPL5226,High Exposure User,2024-10-27,2024-10,Paidy,Sporting Goods,265.78,4,66.44,2024-12-22,Yes,1,8.0,273.78
TXN10420,BNPL5226,High Exposure User,2024-10-31,2024-10,Afterpay,Footwear,123.9,4,30.98,2024-12-26,No,0,0,123.9
TXN10421,BNPL5226,High Exposure User,2024-07-16,2024-07,PayBright,"Fast Fashion (Shein, Temu, ASOS)",66.52,3,22.17,2024-08-27,No,0,0,66.52
TXN10422,BNPL5227,Regular User,2024-05-02,2024-05,PayBright,Footwear,128.04,4,32.01,2024-06-27,No,0,0,128.04
TXN10423,BNPL5227,Regular User,2024-01-07,2024-01,PayBright,Sporting Goods,175.21,6,29.2,2024-03-31,No,0,0,175.21
TXN10424,BNPL5227,Regular User,2024-07-23,2024-07,Afterpay,Electronics and Tech,308.38,4,77.09,2024-09-17,No,0,0,308.38
TXN10425,BNPL5227,Regular User,2024-01-05,2024-01,Afterpay,Home and Furniture,336.52,4,84.13,2024-03-01,No,0,0,336.52
TXN10426,BNPL5227,Regular User,2024-03-27,2024-03,Klarna,"Fast Fashion (Shein, Temu, ASOS)",79.56,4,19.89,2024-05-22,No,0,0,79.56
TXN10427,BNPL5227,Regular User,2024-02-24,2024-02,PayBright,Sporting Goods,252.03,4,63.01,2024-04-20,No,0,0,252.03
TXN10428,BNPL5228,Regular User,2024-09-10,2024-09,PayBright,Sporting Goods,201.61,6,33.6,2024-12-03,No,0,0,201.61
TXN10429,BNPL5228,Regular User,2024-04-28,2024-04,Paidy,Beauty and Skincare,84.67,4,21.17,2024-06-23,No,0,0,84.67
TXN10430,BNPL5228,Regular User,2024-07-18,2024-07,Sezzle,Electronics and Tech,274.38,4,68.59,2024-09-12,No,0,0,274.38
TXN10431,BNPL5228,Regular User,2024-05-02,2024-05,Paidy,Electronics and Tech,285.64,3,95.21,2024-06-13,No,0,0,285.64
TXN10432,BNPL5228,Regular User,2024-05-08,2024-05,PayBright,Beauty and Skincare,33.41,4,8.35,2024-07-03,No,0,0,33.41
TXN10433,BNPL5228,Regular User,2024-11-19,2024-11,Klarna,Sporting Goods,223.71,3,74.57,2024-12-31,No,0,0,223.71
TXN10434,BNPL5228,Regular User,2024-10-23,2024-10,Afterpay,Beauty and Skincare,56.91,6,9.48,2025-01-15,Yes,1,8.0,64.91
TXN10435,BNPL5228,Regular User,2024-01-15,2024-01,Sezzle,Sporting Goods,178.61,6,29.77,2024-04-08,No,0,0,178.61
TXN10436,BNPL5228,Regular User,2024-03-05,2024-03,Klarna,Beauty and Skincare,85.0,6,14.17,2024-05-28,No,0,0,85.0
TXN10437,BNPL5229,Occasional User,2024-07-12,2024-07,Klarna,Electronics and Tech,303.52,4,75.88,2024-09-06,No,0,0,303.52
TXN10438,BNPL5229,Occasional User,2024-10-01,2024-10,Klarna,"Fast Fashion (Shein, Temu, ASOS)",56.21,6,9.37,2024-12-24,No,0,0,56.21
TXN10439,BNPL5230,Regular User,2024-01-20,2024-01,PayBright,Beauty and Skincare,80.71,6,13.45,2024-04-13,No,0,0,80.71
TXN10440,BNPL5230,Regular User,2024-03-17,2024-03,Afterpay,Home and Furniture,239.73,4,59.93,2024-05-12,No,0,0,239.73
TXN10441,BNPL5230,Regular User,2024-09-25,2024-09,Afterpay,"Fast Fashion (Shein, Temu, ASOS)",53.53,4,13.38,2024-11-20,No,0,0,53.53
TXN10442,BNPL5230,Regular User,2024-02-28,2024-02,Sezzle,"Fast Fashion (Shein, Temu, ASOS)",58.97,4,14.74,2024-04-24,No,0,0,58.97
TXN10443,BNPL5230,Regular User,2024-05-09,2024-05,Afterpay,Home and Furniture,212.73,4,53.18,2024-07-04,Yes,2,16.0,228.73
TXN10444,BNPL5230,Regular User,2024-04-22,2024-04,Afterpay,"Fast Fashion (Shein, Temu, ASOS)",71.19,6,11.87,2024-07-15,No,0,0,71.19
TXN10445,BNPL5230,Regular User,2024-07-16,2024-07,Sezzle,Footwear,102.11,4,25.53,2024-09-10,No,0,0,102.11
TXN10446,BNPL5231,Occasional User,2024-05-21,2024-05,Sezzle,Sporting Goods,202.71,6,33.79,2024-08-13,No,0,0,202.71
TXN10447,BNPL5232,Regular User,2024-03-31,2024-03,Sezzle,Beauty and Skincare,72.05,4,18.01,2024-05-26,No,0,0,72.05
TXN10448,BNPL5232,Regular User,2024-09-12,2024-09,Sezzle,Beauty and Skincare,86.51,3,28.84,2024-10-24,Yes,1,8.0,94.51
TXN10449,BNPL5232,Regular User,2024-03-04,2024-03,Afterpay,Electronics and Tech,348.48,4,87.12,2024-04-29,No,0,0,348.48
TXN10450,BNPL5232,Regular User,2024-10-17,2024-10,Sezzle,"Fast Fashion (Shein, Temu, ASOS)",59.44,3,19.81,2024-11-28,No,0,0,59.44
TXN10451,BNPL5232,Regular User,2024-07-20,2024-07,PayBright,"Fast Fashion (Shein, Temu, ASOS)",64.0,6,10.67,2024-10-12,No,0,0,64.0
TXN10452,BNPL5232,Regular User,2024-11-14,2024-11,Sezzle,Electronics and Tech,489.21,4,122.3,2025-01-09,No,0,0,489.21
TXN10453,BNPL5232,Regular User,2024-06-07,2024-06,Klarna,Electronics and Tech,143.35,4,35.84,2024-08-02,No,0,0,143.35
TXN10454,BNPL5232,Regular User,2024-03-29,2024-03,Afterpay,Beauty and Skincare,53.39,3,17.8,2024-05-10,No,0,0,53.39
TXN10455,BNPL5233,Regular User,2024-05-02,2024-05,Klarna,Home and Furniture,468.07,4,117.02,2024-06-27,No,0,0,468.07
TXN10456,BNPL5233,Regular User,2024-06-10,2024-06,Klarna,"Fast Fashion (Shein, Temu, ASOS)",68.15,4,17.04,2024-08-05,No,0,0,68.15
TXN10457,BNPL5233,Regular User,2024-04-08,2024-04,Afterpay,Footwear,56.53,4,14.13,2024-06-03,No,0,0,56.53
TXN10458,BNPL5233,Regular User,2024-08-26,2024-08,Sezzle,Beauty and Skincare,57.78,3,19.26,2024-10-07,Yes,1,8.0,65.78
TXN10459,BNPL5233,Regular User,2024-10-23,2024-10,Afterpay,Electronics and Tech,312.02,4,78.0,2024-12-18,No,0,0,312.02
TXN10460,BNPL5233,Regular User,2024-11-25,2024-11,PayBright,"Fast Fashion (Shein, Temu, ASOS)",73.67,4,18.42,2025-01-20,No,0,0,73.67
TXN10461,BNPL5234,Regular User,2024-01-06,2024-01,Afterpay,Electronics and Tech,295.56,4,73.89,2024-03-02,No,0,0,295.56
TXN10462,BNPL5234,Regular User,2024-01-27,2024-01,Sezzle,Sporting Goods,213.86,4,53.47,2024-03-23,No,0,0,213.86
TXN10463,BNPL5234,Regular User,2024-12-15,2024-12,Klarna,Footwear,119.73,4,29.93,2025-02-09,No,0,0,119.73
TXN10464,BNPL5234,Regular User,2024-08-12,2024-08,PayBright,Beauty and Skincare,117.48,4,29.37,2024-10-07,No,0,0,117.48
TXN10465,BNPL5234,Regular User,2024-08-23,2024-08,PayBright,Footwear,146.22,4,36.55,2024-10-18,No,0,0,146.22
TXN10466,BNPL5234,Regular User,2024-09-03,2024-09,Klarna,"Fast Fashion (Shein, Temu, ASOS)",64.24,3,21.41,2024-10-15,No,0,0,64.24
TXN10467,BNPL5235,High Exposure User,2024-01-04,2024-01,Sezzle,Beauty and Skincare,63.51,4,15.88,2024-02-29,No,0,0,63.51
TXN10468,BNPL5235,High Exposure User,2024-09-20,2024-09,Klarna,Beauty and Skincare,70.11,4,17.53,2024-11-15,Yes,1,8.0,78.11
TXN10469,BNPL5235,High Exposure User,2024-11-21,2024-11,Paidy,Beauty and Skincare,42.67,3,14.22,2025-01-02,No,0,0,42.67
TXN10470,BNPL5235,High Exposure User,2024-01-15,2024-01,Klarna,Beauty and Skincare,104.03,4,26.01,2024-03-11,No,0,0,104.03
TXN10471,BNPL5235,High Exposure User,2024-10-21,2024-10,Paidy,Beauty and Skincare,81.1,3,27.03,2024-12-02,Yes,1,8.0,89.1
TXN10472,BNPL5235,High Exposure User,2024-05-19,2024-05,Afterpay,Electronics and Tech,292.48,6,48.75,2024-08-11,No,0,0,292.48
TXN10473,BNPL5235,High Exposure User,2024-03-26,2024-03,PayBright,"Fast Fashion (Shein, Temu, ASOS)",90.92,3,30.31,2024-05-07,No,0,0,90.92
TXN10474,BNPL5235,High Exposure User,2024-11-27,2024-11,Paidy,Sporting Goods,245.56,6,40.93,2025-02-19,No,0,0,245.56
TXN10475,BNPL5235,High Exposure User,2024-05-16,2024-05,Afterpay,Footwear,71.97,4,17.99,2024-07-11,No,0,0,71.97
TXN10476,BNPL5235,High Exposure User,2024-02-26,2024-02,PayBright,Home and Furniture,385.13,4,96.28,2024-04-22,Yes,2,16.0,401.13
TXN10477,BNPL5235,High Exposure User,2024-11-25,2024-11,Sezzle,"Fast Fashion (Shein, Temu, ASOS)",48.99,4,12.25,2025-01-20,Yes,2,16.0,64.99
TXN10478,BNPL5235,High Exposure User,2024-04-24,2024-04,PayBright,Home and Furniture,338.55,4,84.64,2024-06-19,No,0,0,338.55
TXN10479,BNPL5236,Occasional User,2024-01-30,2024-01,Klarna,"Fast Fashion (Shein, Temu, ASOS)",29.12,4,7.28,2024-03-26,No,0,0,29.12
TXN10480,BNPL5237,Regular User,2024-06-01,2024-06,Sezzle,"Fast Fashion (Shein, Temu, ASOS)",65.51,6,10.92,2024-08-24,No,0,0,65.51
TXN10481,BNPL5237,Regular User,2024-04-19,2024-04,Paidy,"Fast Fashion (Shein, Temu, ASOS)",71.23,6,11.87,2024-07-12,No,0,0,71.23
TXN10482,BNPL5237,Regular User,2024-04-12,2024-04,PayBright,Home and Furniture,214.31,6,35.72,2024-07-05,Yes,2,16.0,230.31
TXN10483,BNPL5237,Regular User,2024-03-22,2024-03,PayBright,"Fast Fashion (Shein, Temu, ASOS)",46.51,4,11.63,2024-05-17,No,0,0,46.51
TXN10484,BNPL5237,Regular User,2024-05-21,2024-05,Afterpay,"Fast Fashion (Shein, Temu, ASOS)",53.77,3,17.92,2024-07-02,No,0,0,53.77
TXN10485,BNPL5237,Regular User,2024-12-17,2024-12,Afterpay,Beauty and Skincare,95.54,4,23.89,2025-02-11,Yes,1,8.0,103.54
TXN10486,BNPL5238,Regular User,2024-06-22,2024-06,Afterpay,Beauty and Skincare,85.73,3,28.58,2024-08-03,No,0,0,85.73
TXN10487,BNPL5238,Regular User,2024-09-16,2024-09,Paidy,Footwear,156.74,3,52.25,2024-10-28,No,0,0,156.74
TXN10488,BNPL5238,Regular User,2024-11-27,2024-11,Paidy,Home and Furniture,419.93,4,104.98,2025-01-22,Yes,2,16.0,435.93
TXN10489,BNPL5238,Regular User,2024-06-17,2024-06,Afterpay,"Fast Fashion (Shein, Temu, ASOS)",60.42,4,15.11,2024-08-12,No,0,0,60.42
TXN10490,BNPL5238,Regular User,2024-06-19,2024-06,Klarna,"Fast Fashion (Shein, Temu, ASOS)",68.44,6,11.41,2024-09-11,No,0,0,68.44
TXN10491,BNPL5238,Regular User,2024-12-04,2024-12,Paidy,Beauty and Skincare,96.35,4,24.09,2025-01-29,No,0,0,96.35
TXN10492,BNPL5238,Regular User,2024-04-02,2024-04,Klarna,Footwear,207.7,6,34.62,2024-06-25,Yes,2,16.0,223.7
TXN10493,BNPL5238,Regular User,2024-03-06,2024-03,Paidy,Footwear,146.49,4,36.62,2024-05-01,No,0,0,146.49
TXN10494,BNPL5239,High Exposure User,2024-10-25,2024-10,Afterpay,"Fast Fashion (Shein, Temu, ASOS)",71.11,4,17.78,2024-12-20,No,0,0,71.11
TXN10495,BNPL5239,High Exposure User,2024-10-07,2024-10,Sezzle,Footwear,165.81,6,27.64,2024-12-30,No,0,0,165.81
TXN10496,BNPL5239,High Exposure User,2024-12-19,2024-12,Klarna,Sporting Goods,263.02,4,65.75,2025-02-13,Yes,2,16.0,279.02
TXN10497,BNPL5239,High Exposure User,2024-09-14,2024-09,Sezzle,Beauty and Skincare,76.07,4,19.02,2024-11-09,No,0,0,76.07
TXN10498,BNPL5239,High Exposure User,2024-11-04,2024-11,Klarna,Electronics and Tech,209.6,4,52.4,2024-12-30,No,0,0,209.6
TXN10499,BNPL5239,High Exposure User,2024-12-13,2024-12,Afterpay,Beauty and Skincare,59.91,4,14.98,2025-02-07,No,0,0,59.91
TXN10500,BNPL5239,High Exposure User,2024-04-07,2024-04,Afterpay,Beauty and Skincare,45.97,4,11.49,2024-06-02,No,0,0,45.97
TXN10501,BNPL5239,High Exposure User,2024-10-09,2024-10,Klarna,Sporting Goods,253.87,3,84.62,2024-11-20,No,0,0,253.87
TXN10502,BNPL5239,High Exposure User,2024-07-06,2024-07,PayBright,Sporting Goods,162.67,4,40.67,2024-08-31,No,0,0,162.67
TXN10503,BNPL5239,High Exposure User,2024-11-06,2024-11,Klarna,Electronics and Tech,282.81,4,70.7,2025-01-01,No,0,0,282.81
TXN10504,BNPL5239,High Exposure User,2024-12-19,2024-12,PayBright,Sporting Goods,234.88,4,58.72,2025-02-13,Yes,2,16.0,250.88
TXN10505,BNPL5239,High Exposure User,2024-09-23,2024-09,Sezzle,Beauty and Skincare,111.43,3,37.14,2024-11-04,No,0,0,111.43
TXN10506,BNPL5239,High Exposure User,2024-04-23,2024-04,PayBright,Sporting Goods,133.03,4,33.26,2024-06-18,No,0,0,133.03
TXN10507,BNPL5239,High Exposure User,2024-07-11,2024-07,Afterpay,Beauty and Skincare,68.25,4,17.06,2024-09-05,No,0,0,68.25
TXN10508,BNPL5239,High Exposure User,2024-12-11,2024-12,Klarna,Beauty and Skincare,105.25,3,35.08,2025-01-22,No,0,0,105.25
TXN10509,BNPL5239,High Exposure User,2024-01-12,2024-01,Klarna,"Fast Fashion (Shein, Temu, ASOS)",68.29,4,17.07,2024-03-08,No,0,0,68.29
TXN10510,BNPL5240,High Exposure User,2024-08-18,2024-08,Afterpay,"Fast Fashion (Shein, Temu, ASOS)",63.83,4,15.96,2024-10-13,Yes,1,8.0,71.83
TXN10511,BNPL5240,High Exposure User,2024-12-25,2024-12,PayBright,"Fast Fashion (Shein, Temu, ASOS)",67.45,4,16.86,2025-02-19,Yes,2,16.0,83.45
TXN10512,BNPL5240,High Exposure User,2024-03-01,2024-03,Afterpay,Beauty and Skincare,70.1,4,17.52,2024-04-26,No,0,0,70.1
TXN10513,BNPL5240,High Exposure User,2024-05-06,2024-05,Klarna,"Fast Fashion (Shein, Temu, ASOS)",59.89,4,14.97,2024-07-01,No,0,0,59.89
TXN10514,BNPL5240,High Exposure User,2024-02-26,2024-02,Klarna,Home and Furniture,215.62,4,53.91,2024-04-22,Yes,1,8.0,223.62
TXN10515,BNPL5240,High Exposure User,2024-03-05,2024-03,Klarna,Home and Furniture,327.48,3,109.16,2024-04-16,Yes,2,16.0,343.48
TXN10516,BNPL5240,High Exposure User,2024-09-19,2024-09,Klarna,Sporting Goods,134.04,6,22.34,2024-12-12,Yes,1,8.0,142.04
TXN10517,BNPL5240,High Exposure User,2024-06-04,2024-06,Sezzle,Footwear,109.92,4,27.48,2024-07-30,No,0,0,109.92
TXN10518,BNPL5240,High Exposure User,2024-04-08,2024-04,PayBright,"Fast Fashion (Shein, Temu, ASOS)",49.66,4,12.41,2024-06-03,No,0,0,49.66
TXN10519,BNPL5240,High Exposure User,2024-05-14,2024-05,Klarna,Beauty and Skincare,44.18,4,11.04,2024-07-09,No,0,0,44.18
TXN10520,BNPL5240,High Exposure User,2024-04-24,2024-04,Afterpay,Sporting Goods,149.81,4,37.45,2024-06-19,Yes,1,8.0,157.81
TXN10521,BNPL5240,High Exposure User,2024-12-25,2024-12,Afterpay,Beauty and Skincare,47.88,4,11.97,2025-02-19,Yes,2,16.0,63.88
TXN10522,BNPL5240,High Exposure User,2024-08-14,2024-08,Afterpay,Beauty and Skincare,65.88,4,16.47,2024-10-09,Yes,1,8.0,73.88
TXN10523,BNPL5240,High Exposure User,2024-09-07,2024-09,Afterpay,Electronics and Tech,338.44,4,84.61,2024-11-02,No,0,0,338.44
TXN10524,BNPL5240,High Exposure User,2024-10-17,2024-10,Paidy,Home and Furniture,223.98,4,55.99,2024-12-12,No,0,0,223.98
TXN10525,BNPL5240,High Exposure User,2024-02-27,2024-02,Klarna,Electronics and Tech,259.83,4,64.96,2024-04-23,No,0,0,259.83
TXN10526,BNPL5240,High Exposure User,2024-04-01,2024-04,Afterpay,"Fast Fashion (Shein, Temu, ASOS)",49.34,6,8.22,2024-06-24,Yes,1,8.0,57.34
TXN10527,BNPL5240,High Exposure User,2024-12-13,2024-12,PayBright,Sporting Goods,158.14,4,39.53,2025-02-07,No,0,0,158.14
TXN10528,BNPL5241,Occasional User,2024-08-03,2024-08,Sezzle,Footwear,107.59,4,26.9,2024-09-28,No,0,0,107.59
TXN10529,BNPL5241,Occasional User,2024-04-24,2024-04,Afterpay,Beauty and Skincare,64.42,4,16.11,2024-06-19,No,0,0,64.42
TXN10530,BNPL5242,Occasional User,2024-03-18,2024-03,PayBright,Sporting Goods,172.88,4,43.22,2024-05-13,No,0,0,172.88
TXN10531,BNPL5243,Regular User,2024-09-16,2024-09,Sezzle,"Fast Fashion (Shein, Temu, ASOS)",89.5,4,22.38,2024-11-11,No,0,0,89.5
TXN10532,BNPL5243,Regular User,2024-07-10,2024-07,Afterpay,Beauty and Skincare,89.5,6,14.92,2024-10-02,No,0,0,89.5
TXN10533,BNPL5243,Regular User,2024-04-29,2024-04,PayBright,"Fast Fashion (Shein, Temu, ASOS)",64.66,3,21.55,2024-06-10,No,0,0,64.66
TXN10534,BNPL5243,Regular User,2024-08-09,2024-08,Sezzle,Home and Furniture,347.0,3,115.67,2024-09-20,Yes,2,16.0,363.0
TXN10535,BNPL5243,Regular User,2024-01-29,2024-01,Afterpay,"Fast Fashion (Shein, Temu, ASOS)",50.83,3,16.94,2024-03-11,No,0,0,50.83
TXN10536,BNPL5243,Regular User,2024-04-10,2024-04,Afterpay,"Fast Fashion (Shein, Temu, ASOS)",41.02,4,10.26,2024-06-05,No,0,0,41.02
TXN10537,BNPL5243,Regular User,2024-02-03,2024-02,PayBright,Beauty and Skincare,77.84,4,19.46,2024-03-30,No,0,0,77.84
TXN10538,BNPL5243,Regular User,2024-12-06,2024-12,Sezzle,Footwear,115.51,6,19.25,2025-02-28,No,0,0,115.51
TXN10539,BNPL5244,Occasional User,2024-05-19,2024-05,Afterpay,Beauty and Skincare,44.91,4,11.23,2024-07-14,No,0,0,44.91
TXN10540,BNPL5245,Occasional User,2024-06-01,2024-06,Afterpay,"Fast Fashion (Shein, Temu, ASOS)",47.82,4,11.96,2024-07-27,No,0,0,47.82
TXN10541,BNPL5246,Occasional User,2024-12-25,2024-12,PayBright,Beauty and Skincare,76.76,4,19.19,2025-02-19,No,0,0,76.76
TXN10542,BNPL5246,Occasional User,2024-01-12,2024-01,Afterpay,Beauty and Skincare,72.51,4,18.13,2024-03-08,No,0,0,72.51
TXN10543,BNPL5247,Regular User,2024-03-03,2024-03,Afterpay,"Fast Fashion (Shein, Temu, ASOS)",25.03,4,6.26,2024-04-28,No,0,0,25.03
TXN10544,BNPL5247,Regular User,2024-11-28,2024-11,Afterpay,Home and Furniture,357.45,3,119.15,2025-01-09,No,0,0,357.45
TXN10545,BNPL5247,Regular User,2024-10-17,2024-10,Klarna,Home and Furniture,251.28,3,83.76,2024-11-28,No,0,0,251.28
TXN10546,BNPL5247,Regular User,2024-05-15,2024-05,Afterpay,Footwear,148.9,4,37.23,2024-07-10,No,0,0,148.9
TXN10547,BNPL5247,Regular User,2024-05-02,2024-05,PayBright,"Fast Fashion (Shein, Temu, ASOS)",81.3,3,27.1,2024-06-13,No,0,0,81.3
TXN10548,BNPL5247,Regular User,2024-06-27,2024-06,Paidy,Beauty and Skincare,85.48,4,21.37,2024-08-22,No,0,0,85.48
TXN10549,BNPL5247,Regular User,2024-09-19,2024-09,Paidy,Beauty and Skincare,97.36,3,32.45,2024-10-31,No,0,0,97.36
TXN10550,BNPL5247,Regular User,2024-09-19,2024-09,Afterpay,Beauty and Skincare,73.74,4,18.43,2024-11-14,No,0,0,73.74
TXN10551,BNPL5248,High Exposure User,2024-07-09,2024-07,Afterpay,Home and Furniture,408.31,3,136.1,2024-08-20,Yes,1,8.0,416.31
TXN10552,BNPL5248,High Exposure User,2024-02-15,2024-02,Klarna,Electronics and Tech,368.39,4,92.1,2024-04-11,No,0,0,368.39
TXN10553,BNPL5248,High Exposure User,2024-06-03,2024-06,Klarna,Beauty and Skincare,43.65,4,10.91,2024-07-29,No,0,0,43.65
TXN10554,BNPL5248,High Exposure User,2024-08-14,2024-08,Afterpay,Electronics and Tech,284.89,3,94.96,2024-09-25,No,0,0,284.89
TXN10555,BNPL5248,High Exposure User,2024-03-23,2024-03,Sezzle,Electronics and Tech,225.83,4,56.46,2024-05-18,No,0,0,225.83
TXN10556,BNPL5248,High Exposure User,2024-09-19,2024-09,Klarna,Footwear,147.36,3,49.12,2024-10-31,No,0,0,147.36
TXN10557,BNPL5248,High Exposure User,2024-07-07,2024-07,Klarna,Home and Furniture,388.03,3,129.34,2024-08-18,Yes,2,16.0,404.03
TXN10558,BNPL5248,High Exposure User,2024-02-21,2024-02,Klarna,Electronics and Tech,252.48,6,42.08,2024-05-15,Yes,2,16.0,268.48
TXN10559,BNPL5248,High Exposure User,2024-10-27,2024-10,Sezzle,Electronics and Tech,403.87,4,100.97,2024-12-22,Yes,1,8.0,411.87
TXN10560,BNPL5248,High Exposure User,2024-06-16,2024-06,Afterpay,Electronics and Tech,173.39,4,43.35,2024-08-11,No,0,0,173.39
TXN10561,BNPL5248,High Exposure User,2024-04-08,2024-04,Klarna,Beauty and Skincare,101.3,6,16.88,2024-07-01,No,0,0,101.3
TXN10562,BNPL5248,High Exposure User,2024-09-29,2024-09,Paidy,Electronics and Tech,217.68,4,54.42,2024-11-24,No,0,0,217.68
TXN10563,BNPL5248,High Exposure User,2024-10-30,2024-10,Afterpay,Beauty and Skincare,64.54,6,10.76,2025-01-22,No,0,0,64.54
TXN10564,BNPL5248,High Exposure User,2024-05-20,2024-05,PayBright,"Fast Fashion (Shein, Temu, ASOS)",79.25,6,13.21,2024-08-12,No,0,0,79.25
TXN10565,BNPL5248,High Exposure User,2024-02-05,2024-02,Klarna,Sporting Goods,202.11,4,50.53,2024-04-01,Yes,1,8.0,210.11
TXN10566,BNPL5248,High Exposure User,2024-01-22,2024-01,PayBright,"Fast Fashion (Shein, Temu, ASOS)",39.39,3,13.13,2024-03-04,No,0,0,39.39
TXN10567,BNPL5249,Occasional User,2024-03-27,2024-03,Afterpay,Beauty and Skincare,97.19,4,24.3,2024-05-22,No,0,0,97.19
TXN10568,BNPL5249,Occasional User,2024-04-11,2024-04,Klarna,Electronics and Tech,346.36,3,115.45,2024-05-23,No,0,0,346.36
TXN10569,BNPL5250,Regular User,2024-09-11,2024-09,Klarna,Home and Furniture,407.52,4,101.88,2024-11-06,No,0,0,407.52
TXN10570,BNPL5250,Regular User,2024-03-23,2024-03,Klarna,"Fast Fashion (Shein, Temu, ASOS)",48.48,4,12.12,2024-05-18,No,0,0,48.48
TXN10571,BNPL5250,Regular User,2024-05-16,2024-05,Sezzle,Sporting Goods,273.11,4,68.28,2024-07-11,No,0,0,273.11
TXN10572,BNPL5250,Regular User,2024-07-06,2024-07,Klarna,Beauty and Skincare,82.82,6,13.8,2024-09-28,No,0,0,82.82
TXN10573,BNPL5250,Regular User,2024-11-07,2024-11,Afterpay,"Fast Fashion (Shein, Temu, ASOS)",77.3,3,25.77,2024-12-19,No,0,0,77.3
TXN10574,BNPL5250,Regular User,2024-06-23,2024-06,Sezzle,"Fast Fashion (Shein, Temu, ASOS)",25.04,4,6.26,2024-08-18,Yes,1,8.0,33.04
TXN10575,BNPL5250,Regular User,2024-03-14,2024-03,Afterpay,Electronics and Tech,301.34,4,75.33,2024-05-09,No,0,0,301.34
TXN10576,BNPL5251,High Exposure User,2024-05-25,2024-05,Sezzle,Electronics and Tech,345.58,3,115.19,2024-07-06,Yes,1,8.0,353.58
TXN10577,BNPL5251,High Exposure User,2024-01-16,2024-01,Afterpay,Home and Furniture,247.53,4,61.88,2024-03-12,Yes,1,8.0,255.53
TXN10578,BNPL5251,High Exposure User,2024-05-12,2024-05,Sezzle,Footwear,110.7,4,27.68,2024-07-07,No,0,0,110.7
TXN10579,BNPL5251,High Exposure User,2024-05-27,2024-05,Afterpay,"Fast Fashion (Shein, Temu, ASOS)",56.16,4,14.04,2024-07-22,No,0,0,56.16
TXN10580,BNPL5251,High Exposure User,2024-11-02,2024-11,Afterpay,"Fast Fashion (Shein, Temu, ASOS)",43.98,4,10.99,2024-12-28,No,0,0,43.98
TXN10581,BNPL5251,High Exposure User,2024-05-18,2024-05,Afterpay,Electronics and Tech,304.25,3,101.42,2024-06-29,Yes,2,16.0,320.25
TXN10582,BNPL5251,High Exposure User,2024-05-16,2024-05,Afterpay,Beauty and Skincare,61.74,4,15.44,2024-07-11,No,0,0,61.74
TXN10583,BNPL5251,High Exposure User,2024-12-25,2024-12,Sezzle,Electronics and Tech,284.06,4,71.02,2025-02-19,No,0,0,284.06
TXN10584,BNPL5252,Regular User,2024-07-14,2024-07,Sezzle,Beauty and Skincare,72.75,4,18.19,2024-09-08,Yes,2,16.0,88.75
TXN10585,BNPL5252,Regular User,2024-05-08,2024-05,Sezzle,Electronics and Tech,219.67,6,36.61,2024-07-31,No,0,0,219.67
TXN10586,BNPL5252,Regular User,2024-08-16,2024-08,Afterpay,Electronics and Tech,387.33,4,96.83,2024-10-11,No,0,0,387.33
TXN10587,BNPL5252,Regular User,2024-03-19,2024-03,Paidy,Home and Furniture,479.97,4,119.99,2024-05-14,No,0,0,479.97
TXN10588,BNPL5252,Regular User,2024-12-10,2024-12,Afterpay,Electronics and Tech,279.15,4,69.79,2025-02-04,Yes,1,8.0,287.15
TXN10589,BNPL5252,Regular User,2024-07-12,2024-07,Klarna,"Fast Fashion (Shein, Temu, ASOS)",39.22,4,9.8,2024-09-06,No,0,0,39.22
TXN10590,BNPL5252,Regular User,2024-12-01,2024-12,Sezzle,"Fast Fashion (Shein, Temu, ASOS)",60.4,6,10.07,2025-02-23,No,0,0,60.4
TXN10591,BNPL5253,Occasional User,2024-08-14,2024-08,Afterpay,"Fast Fashion (Shein, Temu, ASOS)",64.52,4,16.13,2024-10-09,No,0,0,64.52
TXN10592,BNPL5254,Regular User,2024-01-26,2024-01,Sezzle,Sporting Goods,223.01,6,37.17,2024-04-19,No,0,0,223.01
TXN10593,BNPL5254,Regular User,2024-12-16,2024-12,Sezzle,Footwear,137.58,6,22.93,2025-03-10,No,0,0,137.58
TXN10594,BNPL5254,Regular User,2024-06-04,2024-06,Afterpay,"Fast Fashion (Shein, Temu, ASOS)",58.39,4,14.6,2024-07-30,No,0,0,58.39
TXN10595,BNPL5254,Regular User,2024-10-12,2024-10,Afterpay,"Fast Fashion (Shein, Temu, ASOS)",44.24,4,11.06,2024-12-07,No,0,0,44.24
TXN10596,BNPL5254,Regular User,2024-02-03,2024-02,PayBright,Beauty and Skincare,107.91,3,35.97,2024-03-16,Yes,2,16.0,123.91
TXN10597,BNPL5254,Regular User,2024-05-02,2024-05,Sezzle,Electronics and Tech,332.98,4,83.25,2024-06-27,No,0,0,332.98
TXN10598,BNPL5254,Regular User,2024-09-20,2024-09,Klarna,Sporting Goods,191.34,4,47.84,2024-11-15,No,0,0,191.34
TXN10599,BNPL5254,Regular User,2024-11-14,2024-11,Klarna,Home and Furniture,394.04,4,98.51,2025-01-09,No,0,0,394.04
TXN10600,BNPL5255,Regular User,2024-02-28,2024-02,Paidy,Beauty and Skincare,68.99,4,17.25,2024-04-24,No,0,0,68.99
TXN10601,BNPL5255,Regular User,2024-04-29,2024-04,PayBright,Footwear,105.77,6,17.63,2024-07-22,No,0,0,105.77
TXN10602,BNPL5255,Regular User,2024-12-08,2024-12,Afterpay,Beauty and Skincare,72.69,4,18.17,2025-02-02,No,0,0,72.69
TXN10603,BNPL5255,Regular User,2024-05-22,2024-05,Klarna,Home and Furniture,279.13,4,69.78,2024-07-17,No,0,0,279.13
TXN10604,BNPL5255,Regular User,2024-05-07,2024-05,Sezzle,"Fast Fashion (Shein, Temu, ASOS)",48.91,4,12.23,2024-07-02,No,0,0,48.91
TXN10605,BNPL5255,Regular User,2024-03-20,2024-03,Sezzle,Electronics and Tech,427.47,4,106.87,2024-05-15,Yes,1,8.0,435.47
TXN10606,BNPL5255,Regular User,2024-06-28,2024-06,Klarna,Footwear,122.72,3,40.91,2024-08-09,Yes,1,8.0,130.72
TXN10607,BNPL5256,Occasional User,2024-03-20,2024-03,Klarna,"Fast Fashion (Shein, Temu, ASOS)",58.43,4,14.61,2024-05-15,No,0,0,58.43
TXN10608,BNPL5256,Occasional User,2024-01-22,2024-01,Sezzle,Home and Furniture,346.84,4,86.71,2024-03-18,No,0,0,346.84
TXN10609,BNPL5256,Occasional User,2024-05-13,2024-05,Sezzle,Beauty and Skincare,108.84,4,27.21,2024-07-08,No,0,0,108.84
TXN10610,BNPL5257,Regular User,2024-09-02,2024-09,Afterpay,"Fast Fashion (Shein, Temu, ASOS)",71.41,6,11.9,2024-11-25,No,0,0,71.41
TXN10611,BNPL5257,Regular User,2024-10-19,2024-10,PayBright,Electronics and Tech,385.23,4,96.31,2024-12-14,No,0,0,385.23
TXN10612,BNPL5257,Regular User,2024-06-03,2024-06,Klarna,Home and Furniture,508.86,4,127.22,2024-07-29,No,0,0,508.86
TXN10613,BNPL5257,Regular User,2024-03-29,2024-03,Sezzle,Electronics and Tech,269.5,3,89.83,2024-05-10,No,0,0,269.5
TXN10614,BNPL5257,Regular User,2024-07-21,2024-07,PayBright,Electronics and Tech,393.9,3,131.3,2024-09-01,No,0,0,393.9
TXN10615,BNPL5257,Regular User,2024-07-02,2024-07,Afterpay,"Fast Fashion (Shein, Temu, ASOS)",56.2,6,9.37,2024-09-24,No,0,0,56.2
TXN10616,BNPL5257,Regular User,2024-10-21,2024-10,Afterpay,Sporting Goods,123.89,6,20.65,2025-01-13,No,0,0,123.89
TXN10617,BNPL5258,Occasional User,2024-03-19,2024-03,Afterpay,Sporting Goods,215.14,6,35.86,2024-06-11,No,0,0,215.14
TXN10618,BNPL5259,Occasional User,2024-11-09,2024-11,Paidy,"Fast Fashion (Shein, Temu, ASOS)",56.28,3,18.76,2024-12-21,No,0,0,56.28
TXN10619,BNPL5260,High Exposure User,2024-10-12,2024-10,PayBright,Footwear,122.59,4,30.65,2024-12-07,No,0,0,122.59
TXN10620,BNPL5260,High Exposure User,2024-07-23,2024-07,Sezzle,Beauty and Skincare,96.13,6,16.02,2024-10-15,No,0,0,96.13
TXN10621,BNPL5260,High Exposure User,2024-05-30,2024-05,Afterpay,Beauty and Skincare,90.37,4,22.59,2024-07-25,Yes,1,8.0,98.37
TXN10622,BNPL5260,High Exposure User,2024-01-30,2024-01,Klarna,Home and Furniture,352.03,4,88.01,2024-03-26,Yes,2,16.0,368.03
TXN10623,BNPL5260,High Exposure User,2024-04-16,2024-04,PayBright,Beauty and Skincare,81.75,3,27.25,2024-05-28,No,0,0,81.75
TXN10624,BNPL5260,High Exposure User,2024-12-04,2024-12,Afterpay,Beauty and Skincare,80.26,3,26.75,2025-01-15,No,0,0,80.26
TXN10625,BNPL5260,High Exposure User,2024-05-17,2024-05,Klarna,"Fast Fashion (Shein, Temu, ASOS)",71.61,4,17.9,2024-07-12,No,0,0,71.61
TXN10626,BNPL5260,High Exposure User,2024-10-19,2024-10,PayBright,Beauty and Skincare,104.92,4,26.23,2024-12-14,No,0,0,104.92
TXN10627,BNPL5260,High Exposure User,2024-10-12,2024-10,PayBright,Electronics and Tech,227.05,4,56.76,2024-12-07,Yes,1,8.0,235.05
TXN10628,BNPL5260,High Exposure User,2024-11-16,2024-11,Sezzle,Beauty and Skincare,53.9,4,13.47,2025-01-11,Yes,1,8.0,61.9
TXN10629,BNPL5260,High Exposure User,2024-01-27,2024-01,Afterpay,Beauty and Skincare,84.75,4,21.19,2024-03-23,No,0,0,84.75
TXN10630,BNPL5260,High Exposure User,2024-04-28,2024-04,Klarna,"Fast Fashion (Shein, Temu, ASOS)",56.05,3,18.68,2024-06-09,Yes,1,8.0,64.05
TXN10631,BNPL5260,High Exposure User,2024-09-12,2024-09,Afterpay,Electronics and Tech,394.98,4,98.75,2024-11-07,No,0,0,394.98
TXN10632,BNPL5260,High Exposure User,2024-04-22,2024-04,Afterpay,Electronics and Tech,211.72,3,70.57,2024-06-03,No,0,0,211.72
TXN10633,BNPL5260,High Exposure User,2024-11-14,2024-11,Sezzle,"Fast Fashion (Shein, Temu, ASOS)",40.12,4,10.03,2025-01-09,No,0,0,40.12
TXN10634,BNPL5260,High Exposure User,2024-02-02,2024-02,PayBright,Beauty and Skincare,97.17,4,24.29,2024-03-29,No,0,0,97.17
TXN10635,BNPL5260,High Exposure User,2024-06-23,2024-06,PayBright,Beauty and Skincare,66.5,3,22.17,2024-08-04,No,0,0,66.5
TXN10636,BNPL5260,High Exposure User,2024-01-09,2024-01,Afterpay,Beauty and Skincare,75.6,6,12.6,2024-04-02,Yes,1,8.0,83.6
TXN10637,BNPL5260,High Exposure User,2024-08-14,2024-08,Afterpay,Sporting Goods,140.51,4,35.13,2024-10-09,No,0,0,140.51
TXN10638,BNPL5260,High Exposure User,2024-10-05,2024-10,Sezzle,"Fast Fashion (Shein, Temu, ASOS)",85.46,3,28.49,2024-11-16,No,0,0,85.46
TXN10639,BNPL5260,High Exposure User,2024-03-21,2024-03,Afterpay,Footwear,82.72,3,27.57,2024-05-02,No,0,0,82.72
TXN10640,BNPL5261,High Exposure User,2024-10-30,2024-10,Sezzle,"Fast Fashion (Shein, Temu, ASOS)",57.97,4,14.49,2024-12-25,No,0,0,57.97
TXN10641,BNPL5261,High Exposure User,2024-05-15,2024-05,Sezzle,Electronics and Tech,254.96,4,63.74,2024-07-10,No,0,0,254.96
TXN10642,BNPL5261,High Exposure User,2024-12-25,2024-12,Sezzle,Home and Furniture,360.28,3,120.09,2025-02-05,Yes,2,16.0,376.28
TXN10643,BNPL5261,High Exposure User,2024-11-08,2024-11,Afterpay,"Fast Fashion (Shein, Temu, ASOS)",67.35,4,16.84,2025-01-03,No,0,0,67.35
TXN10644,BNPL5261,High Exposure User,2024-07-02,2024-07,Afterpay,"Fast Fashion (Shein, Temu, ASOS)",75.52,4,18.88,2024-08-27,No,0,0,75.52
TXN10645,BNPL5261,High Exposure User,2024-08-14,2024-08,Klarna,Beauty and Skincare,36.54,4,9.13,2024-10-09,No,0,0,36.54
TXN10646,BNPL5261,High Exposure User,2024-09-12,2024-09,Afterpay,Electronics and Tech,258.61,4,64.65,2024-11-07,No,0,0,258.61
TXN10647,BNPL5261,High Exposure User,2024-04-04,2024-04,Paidy,Footwear,150.71,4,37.68,2024-05-30,Yes,2,16.0,166.71
TXN10648,BNPL5261,High Exposure User,2024-10-30,2024-10,Klarna,Electronics and Tech,300.01,4,75.0,2024-12-25,Yes,2,16.0,316.01
TXN10649,BNPL5261,High Exposure User,2024-10-03,2024-10,Sezzle,Footwear,93.48,4,23.37,2024-11-28,No,0,0,93.48
TXN10650,BNPL5261,High Exposure User,2024-02-01,2024-02,Afterpay,Footwear,191.29,4,47.82,2024-03-28,Yes,1,8.0,199.29
TXN10651,BNPL5261,High Exposure User,2024-01-28,2024-01,Klarna,Sporting Goods,195.39,3,65.13,2024-03-10,No,0,0,195.39
TXN10652,BNPL5261,High Exposure User,2024-04-13,2024-04,Klarna,Footwear,152.72,3,50.91,2024-05-25,No,0,0,152.72
TXN10653,BNPL5261,High Exposure User,2024-03-10,2024-03,Sezzle,"Fast Fashion (Shein, Temu, ASOS)",58.17,4,14.54,2024-05-05,No,0,0,58.17
TXN10654,BNPL5261,High Exposure User,2024-04-08,2024-04,Klarna,"Fast Fashion (Shein, Temu, ASOS)",53.92,4,13.48,2024-06-03,No,0,0,53.92
TXN10655,BNPL5262,High Exposure User,2024-07-28,2024-07,PayBright,"Fast Fashion (Shein, Temu, ASOS)",93.13,4,23.28,2024-09-22,No,0,0,93.13
TXN10656,BNPL5262,High Exposure User,2024-11-01,2024-11,PayBright,"Fast Fashion (Shein, Temu, ASOS)",65.68,4,16.42,2024-12-27,No,0,0,65.68
TXN10657,BNPL5262,High Exposure User,2024-08-11,2024-08,PayBright,Beauty and Skincare,67.52,4,16.88,2024-10-06,No,0,0,67.52
TXN10658,BNPL5262,High Exposure User,2024-11-24,2024-11,PayBright,Beauty and Skincare,104.13,4,26.03,2025-01-19,No,0,0,104.13
TXN10659,BNPL5262,High Exposure User,2024-09-06,2024-09,Klarna,"Fast Fashion (Shein, Temu, ASOS)",65.45,4,16.36,2024-11-01,Yes,2,16.0,81.45
TXN10660,BNPL5262,High Exposure User,2024-12-29,2024-12,Afterpay,Home and Furniture,256.43,4,64.11,2025-02-23,No,0,0,256.43
TXN10661,BNPL5262,High Exposure User,2024-07-25,2024-07,Sezzle,Electronics and Tech,342.0,3,114.0,2024-09-05,No,0,0,342.0
TXN10662,BNPL5262,High Exposure User,2024-07-02,2024-07,Afterpay,Beauty and Skincare,61.16,3,20.39,2024-08-13,No,0,0,61.16
TXN10663,BNPL5262,High Exposure User,2024-01-03,2024-01,Sezzle,Electronics and Tech,303.56,3,101.19,2024-02-14,No,0,0,303.56
TXN10664,BNPL5263,Regular User,2024-02-20,2024-02,Afterpay,Electronics and Tech,230.36,4,57.59,2024-04-16,No,0,0,230.36
TXN10665,BNPL5263,Regular User,2024-08-28,2024-08,PayBright,Beauty and Skincare,25,3,8.33,2024-10-09,No,0,0,25
TXN10666,BNPL5263,Regular User,2024-10-08,2024-10,PayBright,"Fast Fashion (Shein, Temu, ASOS)",66.32,3,22.11,2024-11-19,No,0,0,66.32
TXN10667,BNPL5263,Regular User,2024-01-28,2024-01,Afterpay,"Fast Fashion (Shein, Temu, ASOS)",26.25,4,6.56,2024-03-24,No,0,0,26.25
TXN10668,BNPL5263,Regular User,2024-12-10,2024-12,Paidy,Home and Furniture,360.96,3,120.32,2025-01-21,No,0,0,360.96
TXN10669,BNPL5263,Regular User,2024-02-17,2024-02,Klarna,Beauty and Skincare,61.98,4,15.49,2024-04-13,No,0,0,61.98
TXN10670,BNPL5264,Occasional User,2024-05-21,2024-05,Afterpay,Beauty and Skincare,98.85,3,32.95,2024-07-02,No,0,0,98.85
TXN10671,BNPL5265,Regular User,2024-02-25,2024-02,PayBright,"Fast Fashion (Shein, Temu, ASOS)",69.25,4,17.31,2024-04-21,No,0,0,69.25
TXN10672,BNPL5265,Regular User,2024-09-04,2024-09,Afterpay,Electronics and Tech,276.57,6,46.09,2024-11-27,No,0,0,276.57
TXN10673,BNPL5265,Regular User,2024-09-30,2024-09,Klarna,"Fast Fashion (Shein, Temu, ASOS)",76.28,4,19.07,2024-11-25,Yes,2,16.0,92.28
TXN10674,BNPL5266,Occasional User,2024-10-17,2024-10,Afterpay,Beauty and Skincare,92.36,4,23.09,2024-12-12,No,0,0,92.36
TXN10675,BNPL5266,Occasional User,2024-11-08,2024-11,PayBright,Beauty and Skincare,68.31,4,17.08,2025-01-03,No,0,0,68.31
TXN10676,BNPL5267,High Exposure User,2024-05-11,2024-05,Afterpay,Electronics and Tech,329.27,4,82.32,2024-07-06,No,0,0,329.27
TXN10677,BNPL5267,High Exposure User,2024-08-06,2024-08,Klarna,"Fast Fashion (Shein, Temu, ASOS)",60.05,6,10.01,2024-10-29,No,0,0,60.05
TXN10678,BNPL5267,High Exposure User,2024-09-11,2024-09,PayBright,Home and Furniture,317.63,4,79.41,2024-11-06,No,0,0,317.63
TXN10679,BNPL5267,High Exposure User,2024-12-10,2024-12,Afterpay,"Fast Fashion (Shein, Temu, ASOS)",63.44,3,21.15,2025-01-21,No,0,0,63.44
TXN10680,BNPL5267,High Exposure User,2024-05-01,2024-05,Paidy,Beauty and Skincare,77.62,4,19.41,2024-06-26,No,0,0,77.62
TXN10681,BNPL5267,High Exposure User,2024-01-07,2024-01,Afterpay,"Fast Fashion (Shein, Temu, ASOS)",66.5,3,22.17,2024-02-18,No,0,0,66.5
TXN10682,BNPL5267,High Exposure User,2024-08-17,2024-08,Sezzle,"Fast Fashion (Shein, Temu, ASOS)",57.5,4,14.38,2024-10-12,No,0,0,57.5
TXN10683,BNPL5268,Occasional User,2024-07-02,2024-07,Sezzle,Electronics and Tech,385.33,3,128.44,2024-08-13,No,0,0,385.33
TXN10684,BNPL5268,Occasional User,2024-11-01,2024-11,Sezzle,Sporting Goods,247.77,4,61.94,2024-12-27,No,0,0,247.77
TXN10685,BNPL5268,Occasional User,2024-02-24,2024-02,Afterpay,"Fast Fashion (Shein, Temu, ASOS)",80.52,6,13.42,2024-05-18,No,0,0,80.52
TXN10686,BNPL5269,High Exposure User,2024-12-09,2024-12,PayBright,"Fast Fashion (Shein, Temu, ASOS)",34.78,3,11.59,2025-01-20,Yes,1,8.0,42.78
TXN10687,BNPL5269,High Exposure User,2024-10-26,2024-10,Klarna,Electronics and Tech,327.28,3,109.09,2024-12-07,Yes,1,8.0,335.28
TXN10688,BNPL5269,High Exposure User,2024-07-14,2024-07,PayBright,"Fast Fashion (Shein, Temu, ASOS)",49.98,3,16.66,2024-08-25,Yes,1,8.0,57.98
TXN10689,BNPL5269,High Exposure User,2024-09-08,2024-09,Afterpay,Footwear,129.02,6,21.5,2024-12-01,No,0,0,129.02
TXN10690,BNPL5269,High Exposure User,2024-04-21,2024-04,Afterpay,Home and Furniture,249.67,3,83.22,2024-06-02,No,0,0,249.67
TXN10691,BNPL5269,High Exposure User,2024-02-10,2024-02,Sezzle,Electronics and Tech,361.26,4,90.31,2024-04-06,No,0,0,361.26
TXN10692,BNPL5269,High Exposure User,2024-07-17,2024-07,Klarna,"Fast Fashion (Shein, Temu, ASOS)",81.11,6,13.52,2024-10-09,No,0,0,81.11
TXN10693,BNPL5269,High Exposure User,2024-10-04,2024-10,Afterpay,Footwear,181.08,3,60.36,2024-11-15,No,0,0,181.08
TXN10694,BNPL5269,High Exposure User,2024-10-02,2024-10,Afterpay,"Fast Fashion (Shein, Temu, ASOS)",49.22,4,12.3,2024-11-27,No,0,0,49.22
TXN10695,BNPL5269,High Exposure User,2024-01-01,2024-01,Paidy,Electronics and Tech,327.86,3,109.29,2024-02-12,Yes,2,16.0,343.86
TXN10696,BNPL5269,High Exposure User,2024-02-06,2024-02,Klarna,Sporting Goods,224.47,4,56.12,2024-04-02,No,0,0,224.47
TXN10697,BNPL5269,High Exposure User,2024-08-14,2024-08,Sezzle,"Fast Fashion (Shein, Temu, ASOS)",70.74,6,11.79,2024-11-06,Yes,2,16.0,86.74
TXN10698,BNPL5269,High Exposure User,2024-02-04,2024-02,Klarna,"Fast Fashion (Shein, Temu, ASOS)",80.2,4,20.05,2024-03-31,No,0,0,80.2
TXN10699,BNPL5269,High Exposure User,2024-09-18,2024-09,Afterpay,Electronics and Tech,216.95,4,54.24,2024-11-13,No,0,0,216.95
TXN10700,BNPL5270,Occasional User,2024-11-01,2024-11,PayBright,Electronics and Tech,186.28,6,31.05,2025-01-24,No,0,0,186.28
TXN10701,BNPL5271,Regular User,2024-09-01,2024-09,Klarna,"Fast Fashion (Shein, Temu, ASOS)",56.66,4,14.16,2024-10-27,Yes,1,8.0,64.66
TXN10702,BNPL5271,Regular User,2024-01-22,2024-01,Afterpay,Footwear,124.81,3,41.6,2024-03-04,No,0,0,124.81
TXN10703,BNPL5271,Regular User,2024-05-10,2024-05,Paidy,Electronics and Tech,246.69,6,41.12,2024-08-02,No,0,0,246.69
TXN10704,BNPL5271,Regular User,2024-09-08,2024-09,Afterpay,Sporting Goods,119.5,3,39.83,2024-10-20,No,0,0,119.5
TXN10705,BNPL5271,Regular User,2024-04-03,2024-04,Afterpay,"Fast Fashion (Shein, Temu, ASOS)",46.48,4,11.62,2024-05-29,No,0,0,46.48
TXN10706,BNPL5271,Regular User,2024-03-09,2024-03,Paidy,"Fast Fashion (Shein, Temu, ASOS)",32.43,3,10.81,2024-04-20,No,0,0,32.43
TXN10707,BNPL5271,Regular User,2024-08-05,2024-08,Sezzle,Footwear,134.74,4,33.69,2024-09-30,No,0,0,134.74
TXN10708,BNPL5271,Regular User,2024-08-29,2024-08,Sezzle,Electronics and Tech,312.23,4,78.06,2024-10-24,No,0,0,312.23
TXN10709,BNPL5272,Occasional User,2024-08-20,2024-08,Afterpay,Electronics and Tech,284.12,4,71.03,2024-10-15,No,0,0,284.12
TXN10710,BNPL5272,Occasional User,2024-05-19,2024-05,Afterpay,Footwear,91.14,6,15.19,2024-08-11,No,0,0,91.14
TXN10711,BNPL5273,Occasional User,2024-10-03,2024-10,Paidy,Electronics and Tech,265.58,4,66.39,2024-11-28,No,0,0,265.58
TXN10712,BNPL5274,Regular User,2024-07-14,2024-07,PayBright,Footwear,128.05,4,32.01,2024-09-08,Yes,2,16.0,144.05
TXN10713,BNPL5274,Regular User,2024-08-14,2024-08,Klarna,"Fast Fashion (Shein, Temu, ASOS)",36.87,6,6.14,2024-11-06,No,0,0,36.87
TXN10714,BNPL5274,Regular User,2024-11-07,2024-11,Afterpay,"Fast Fashion (Shein, Temu, ASOS)",73.06,4,18.27,2025-01-02,No,0,0,73.06
TXN10715,BNPL5274,Regular User,2024-12-09,2024-12,PayBright,Beauty and Skincare,83.45,4,20.86,2025-02-03,No,0,0,83.45
TXN10716,BNPL5274,Regular User,2024-03-10,2024-03,Sezzle,Footwear,119.79,6,19.96,2024-06-02,No,0,0,119.79
TXN10717,BNPL5274,Regular User,2024-12-14,2024-12,PayBright,Beauty and Skincare,77.21,6,12.87,2025-03-08,No,0,0,77.21
TXN10718,BNPL5274,Regular User,2024-12-15,2024-12,Sezzle,Footwear,64.74,3,21.58,2025-01-26,No,0,0,64.74
TXN10719,BNPL5274,Regular User,2024-02-01,2024-02,Klarna,"Fast Fashion (Shein, Temu, ASOS)",70.82,3,23.61,2024-03-14,No,0,0,70.82
TXN10720,BNPL5274,Regular User,2024-09-16,2024-09,Klarna,Electronics and Tech,349.47,4,87.37,2024-11-11,No,0,0,349.47
TXN10721,BNPL5274,Regular User,2024-02-15,2024-02,Afterpay,Electronics and Tech,275.01,4,68.75,2024-04-11,No,0,0,275.01
TXN10722,BNPL5274,Regular User,2024-09-05,2024-09,Paidy,Sporting Goods,156.32,4,39.08,2024-10-31,No,0,0,156.32
TXN10723,BNPL5274,Regular User,2024-07-15,2024-07,Klarna,"Fast Fashion (Shein, Temu, ASOS)",58.98,4,14.74,2024-09-09,Yes,2,16.0,74.98
TXN10724,BNPL5275,Occasional User,2024-10-01,2024-10,Sezzle,Electronics and Tech,279.81,3,93.27,2024-11-12,No,0,0,279.81
TXN10725,BNPL5276,Regular User,2024-04-02,2024-04,Afterpay,Electronics and Tech,374.85,4,93.71,2024-05-28,No,0,0,374.85
TXN10726,BNPL5276,Regular User,2024-08-09,2024-08,PayBright,Home and Furniture,342.91,3,114.3,2024-09-20,No,0,0,342.91
TXN10727,BNPL5276,Regular User,2024-05-31,2024-05,Afterpay,Beauty and Skincare,93.55,4,23.39,2024-07-26,No,0,0,93.55
TXN10728,BNPL5276,Regular User,2024-07-23,2024-07,Klarna,Electronics and Tech,363.18,3,121.06,2024-09-03,Yes,2,16.0,379.18
TXN10729,BNPL5276,Regular User,2024-08-12,2024-08,Paidy,"Fast Fashion (Shein, Temu, ASOS)",50.5,4,12.62,2024-10-07,No,0,0,50.5
TXN10730,BNPL5276,Regular User,2024-08-10,2024-08,Sezzle,Sporting Goods,186.23,4,46.56,2024-10-05,No,0,0,186.23
TXN10731,BNPL5276,Regular User,2024-11-16,2024-11,Afterpay,"Fast Fashion (Shein, Temu, ASOS)",25.79,3,8.6,2024-12-28,Yes,2,16.0,41.79
TXN10732,BNPL5276,Regular User,2024-09-29,2024-09,Afterpay,"Fast Fashion (Shein, Temu, ASOS)",51.41,6,8.57,2024-12-22,No,0,0,51.41
TXN10733,BNPL5277,Occasional User,2024-06-08,2024-06,Klarna,Home and Furniture,468.38,6,78.06,2024-08-31,No,0,0,468.38
TXN10734,BNPL5278,High Exposure User,2024-12-30,2024-12,Afterpay,"Fast Fashion (Shein, Temu, ASOS)",64.92,4,16.23,2025-02-24,No,0,0,64.92
TXN10735,BNPL5278,High Exposure User,2024-05-01,2024-05,Sezzle,"Fast Fashion (Shein, Temu, ASOS)",48.66,4,12.16,2024-06-26,No,0,0,48.66
TXN10736,BNPL5278,High Exposure User,2024-12-05,2024-12,Afterpay,Home and Furniture,269.51,4,67.38,2025-01-30,No,0,0,269.51
TXN10737,BNPL5278,High Exposure User,2024-10-15,2024-10,Afterpay,Beauty and Skincare,69.12,4,17.28,2024-12-10,No,0,0,69.12
TXN10738,BNPL5278,High Exposure User,2024-09-11,2024-09,PayBright,Home and Furniture,385.51,6,64.25,2024-12-04,No,0,0,385.51
TXN10739,BNPL5278,High Exposure User,2024-03-10,2024-03,Afterpay,"Fast Fashion (Shein, Temu, ASOS)",57.6,4,14.4,2024-05-05,No,0,0,57.6
TXN10740,BNPL5278,High Exposure User,2024-03-20,2024-03,Klarna,Footwear,115.91,4,28.98,2024-05-15,No,0,0,115.91
TXN10741,BNPL5278,High Exposure User,2024-07-08,2024-07,Afterpay,Home and Furniture,466.5,4,116.62,2024-09-02,No,0,0,466.5
TXN10742,BNPL5278,High Exposure User,2024-02-12,2024-02,Klarna,Beauty and Skincare,76.09,4,19.02,2024-04-08,No,0,0,76.09
TXN10743,BNPL5278,High Exposure User,2024-02-06,2024-02,Klarna,Footwear,141.94,3,47.31,2024-03-19,Yes,1,8.0,149.94
TXN10744,BNPL5278,High Exposure User,2024-07-27,2024-07,Paidy,Sporting Goods,206.21,4,51.55,2024-09-21,Yes,2,16.0,222.21
TXN10745,BNPL5278,High Exposure User,2024-01-08,2024-01,Afterpay,Beauty and Skincare,104.63,4,26.16,2024-03-04,Yes,2,16.0,120.63
TXN10746,BNPL5278,High Exposure User,2024-04-19,2024-04,Sezzle,Sporting Goods,278.19,6,46.37,2024-07-12,No,0,0,278.19
TXN10747,BNPL5279,Occasional User,2024-08-11,2024-08,Afterpay,Footwear,163.6,3,54.53,2024-09-22,No,0,0,163.6
TXN10748,BNPL5279,Occasional User,2024-08-02,2024-08,Klarna,Electronics and Tech,260.82,3,86.94,2024-09-13,No,0,0,260.82
TXN10749,BNPL5280,High Exposure User,2024-02-15,2024-02,Sezzle,Home and Furniture,410.88,3,136.96,2024-03-28,No,0,0,410.88
TXN10750,BNPL5280,High Exposure User,2024-11-08,2024-11,Klarna,Footwear,96.71,6,16.12,2025-01-31,Yes,2,16.0,112.71
TXN10751,BNPL5280,High Exposure User,2024-12-22,2024-12,Sezzle,Footwear,100.98,6,16.83,2025-03-16,Yes,1,8.0,108.98
TXN10752,BNPL5280,High Exposure User,2024-11-09,2024-11,Afterpay,"Fast Fashion (Shein, Temu, ASOS)",79.69,4,19.92,2025-01-04,Yes,1,8.0,87.69
TXN10753,BNPL5280,High Exposure User,2024-12-24,2024-12,Klarna,Beauty and Skincare,90.23,3,30.08,2025-02-04,Yes,1,8.0,98.23
TXN10754,BNPL5280,High Exposure User,2024-01-26,2024-01,Sezzle,"Fast Fashion (Shein, Temu, ASOS)",32.15,6,5.36,2024-04-19,No,0,0,32.15
TXN10755,BNPL5280,High Exposure User,2024-06-28,2024-06,Klarna,"Fast Fashion (Shein, Temu, ASOS)",58.77,3,19.59,2024-08-09,No,0,0,58.77
TXN10756,BNPL5280,High Exposure User,2024-02-28,2024-02,PayBright,Beauty and Skincare,68.66,4,17.16,2024-04-24,Yes,2,16.0,84.66
TXN10757,BNPL5280,High Exposure User,2024-05-22,2024-05,Sezzle,Home and Furniture,292.07,4,73.02,2024-07-17,No,0,0,292.07
TXN10758,BNPL5280,High Exposure User,2024-10-10,2024-10,Klarna,Footwear,119.99,4,30.0,2024-12-05,No,0,0,119.99
TXN10759,BNPL5280,High Exposure User,2024-04-23,2024-04,Klarna,Electronics and Tech,258.33,3,86.11,2024-06-04,No,0,0,258.33
TXN10760,BNPL5280,High Exposure User,2024-02-19,2024-02,Sezzle,"Fast Fashion (Shein, Temu, ASOS)",81.7,4,20.43,2024-04-15,No,0,0,81.7
TXN10761,BNPL5281,Occasional User,2024-07-24,2024-07,Afterpay,Sporting Goods,169.79,4,42.45,2024-09-18,No,0,0,169.79
TXN10762,BNPL5282,Occasional User,2024-12-01,2024-12,Afterpay,"Fast Fashion (Shein, Temu, ASOS)",72.54,6,12.09,2025-02-23,No,0,0,72.54
TXN10763,BNPL5283,Regular User,2024-11-12,2024-11,Afterpay,Beauty and Skincare,81.52,3,27.17,2024-12-24,No,0,0,81.52
TXN10764,BNPL5283,Regular User,2024-07-29,2024-07,Afterpay,Footwear,104.93,4,26.23,2024-09-23,Yes,2,16.0,120.93
TXN10765,BNPL5283,Regular User,2024-09-07,2024-09,Klarna,"Fast Fashion (Shein, Temu, ASOS)",62.15,4,15.54,2024-11-02,Yes,1,8.0,70.15
TXN10766,BNPL5283,Regular User,2024-03-15,2024-03,Sezzle,Footwear,142.78,4,35.7,2024-05-10,No,0,0,142.78
TXN10767,BNPL5283,Regular User,2024-10-02,2024-10,Klarna,Footwear,121.02,4,30.25,2024-11-27,No,0,0,121.02
TXN10768,BNPL5283,Regular User,2024-12-05,2024-12,Sezzle,Beauty and Skincare,99.91,4,24.98,2025-01-30,No,0,0,99.91
TXN10769,BNPL5283,Regular User,2024-07-16,2024-07,Afterpay,Sporting Goods,251.98,4,62.99,2024-09-10,Yes,1,8.0,259.98
TXN10770,BNPL5283,Regular User,2024-11-06,2024-11,Afterpay,"Fast Fashion (Shein, Temu, ASOS)",34.95,6,5.83,2025-01-29,No,0,0,34.95
TXN10771,BNPL5283,Regular User,2024-07-06,2024-07,Klarna,Sporting Goods,140.62,4,35.16,2024-08-31,No,0,0,140.62
TXN10772,BNPL5284,Occasional User,2024-02-08,2024-02,Afterpay,Electronics and Tech,395.39,4,98.85,2024-04-04,No,0,0,395.39
TXN10773,BNPL5284,Occasional User,2024-08-11,2024-08,Afterpay,Sporting Goods,160.69,4,40.17,2024-10-06,No,0,0,160.69
TXN10774,BNPL5284,Occasional User,2024-08-27,2024-08,Klarna,Beauty and Skincare,63.93,6,10.65,2024-11-19,No,0,0,63.93
TXN10775,BNPL5285,Regular User,2024-02-16,2024-02,Afterpay,Beauty and Skincare,71.98,4,18.0,2024-04-12,No,0,0,71.98
TXN10776,BNPL5285,Regular User,2024-10-20,2024-10,Afterpay,Electronics and Tech,272.77,4,68.19,2024-12-15,Yes,2,16.0,288.77
TXN10777,BNPL5285,Regular User,2024-07-27,2024-07,PayBright,Beauty and Skincare,68.22,4,17.05,2024-09-21,No,0,0,68.22
TXN10778,BNPL5285,Regular User,2024-05-18,2024-05,Sezzle,Sporting Goods,188.15,4,47.04,2024-07-13,No,0,0,188.15
TXN10779,BNPL5286,High Exposure User,2024-02-22,2024-02,Klarna,"Fast Fashion (Shein, Temu, ASOS)",65.36,4,16.34,2024-04-18,No,0,0,65.36
TXN10780,BNPL5286,High Exposure User,2024-08-26,2024-08,Klarna,Electronics and Tech,213.65,4,53.41,2024-10-21,Yes,2,16.0,229.65
TXN10781,BNPL5286,High Exposure User,2024-10-07,2024-10,Sezzle,Beauty and Skincare,84.0,3,28.0,2024-11-18,No,0,0,84.0
TXN10782,BNPL5286,High Exposure User,2024-01-07,2024-01,PayBright,"Fast Fashion (Shein, Temu, ASOS)",58.09,4,14.52,2024-03-03,No,0,0,58.09
TXN10783,BNPL5286,High Exposure User,2024-02-25,2024-02,Afterpay,"Fast Fashion (Shein, Temu, ASOS)",59.07,6,9.85,2024-05-19,No,0,0,59.07
TXN10784,BNPL5286,High Exposure User,2024-08-13,2024-08,Afterpay,"Fast Fashion (Shein, Temu, ASOS)",60.93,4,15.23,2024-10-08,Yes,1,8.0,68.93
TXN10785,BNPL5286,High Exposure User,2024-05-17,2024-05,Afterpay,Sporting Goods,210.6,6,35.1,2024-08-09,No,0,0,210.6
TXN10786,BNPL5286,High Exposure User,2024-08-06,2024-08,Klarna,Footwear,133.99,4,33.5,2024-10-01,No,0,0,133.99
TXN10787,BNPL5286,High Exposure User,2024-07-03,2024-07,Klarna,Electronics and Tech,396.53,3,132.18,2024-08-14,Yes,1,8.0,404.53
TXN10788,BNPL5286,High Exposure User,2024-02-05,2024-02,Klarna,Beauty and Skincare,66.78,4,16.7,2024-04-01,Yes,1,8.0,74.78
TXN10789,BNPL5286,High Exposure User,2024-06-06,2024-06,Sezzle,"Fast Fashion (Shein, Temu, ASOS)",64.37,3,21.46,2024-07-18,No,0,0,64.37
TXN10790,BNPL5286,High Exposure User,2024-11-29,2024-11,Sezzle,"Fast Fashion (Shein, Temu, ASOS)",85.79,3,28.6,2025-01-10,No,0,0,85.79
TXN10791,BNPL5286,High Exposure User,2024-04-09,2024-04,Afterpay,"Fast Fashion (Shein, Temu, ASOS)",25,4,6.25,2024-06-04,No,0,0,25
TXN10792,BNPL5286,High Exposure User,2024-05-22,2024-05,Afterpay,Footwear,72.86,3,24.29,2024-07-03,No,0,0,72.86
TXN10793,BNPL5286,High Exposure User,2024-01-02,2024-01,Paidy,Electronics and Tech,144.96,4,36.24,2024-02-27,No,0,0,144.96
TXN10794,BNPL5287,Occasional User,2024-10-26,2024-10,Klarna,"Fast Fashion (Shein, Temu, ASOS)",70.31,4,17.58,2024-12-21,No,0,0,70.31
TXN10795,BNPL5287,Occasional User,2024-05-04,2024-05,Afterpay,Home and Furniture,284.77,4,71.19,2024-06-29,No,0,0,284.77
TXN10796,BNPL5287,Occasional User,2024-06-26,2024-06,Sezzle,Beauty and Skincare,52.45,4,13.11,2024-08-21,No,0,0,52.45
TXN10797,BNPL5288,Regular User,2024-12-14,2024-12,Klarna,Electronics and Tech,435.17,6,72.53,2025-03-08,No,0,0,435.17
TXN10798,BNPL5288,Regular User,2024-12-24,2024-12,Afterpay,Beauty and Skincare,108.65,4,27.16,2025-02-18,No,0,0,108.65
TXN10799,BNPL5288,Regular User,2024-04-15,2024-04,PayBright,Beauty and Skincare,35.52,4,8.88,2024-06-10,No,0,0,35.52
TXN10800,BNPL5288,Regular User,2024-11-09,2024-11,Klarna,"Fast Fashion (Shein, Temu, ASOS)",39.81,4,9.95,2025-01-04,No,0,0,39.81
TXN10801,BNPL5288,Regular User,2024-02-26,2024-02,Sezzle,Footwear,123.31,6,20.55,2024-05-20,No,0,0,123.31
TXN10802,BNPL5288,Regular User,2024-06-02,2024-06,Afterpay,"Fast Fashion (Shein, Temu, ASOS)",75.06,6,12.51,2024-08-25,Yes,2,16.0,91.06
TXN10803,BNPL5288,Regular User,2024-11-14,2024-11,Afterpay,Footwear,126.41,3,42.14,2024-12-26,No,0,0,126.41
TXN10804,BNPL5289,Regular User,2024-11-22,2024-11,Sezzle,Beauty and Skincare,73.47,3,24.49,2025-01-03,No,0,0,73.47
TXN10805,BNPL5289,Regular User,2024-12-30,2024-12,Afterpay,"Fast Fashion (Shein, Temu, ASOS)",68.61,4,17.15,2025-02-24,No,0,0,68.61
TXN10806,BNPL5289,Regular User,2024-09-16,2024-09,Klarna,Footwear,159.96,4,39.99,2024-11-11,No,0,0,159.96
TXN10807,BNPL5289,Regular User,2024-08-17,2024-08,Sezzle,Sporting Goods,135.38,4,33.84,2024-10-12,No,0,0,135.38
TXN10808,BNPL5289,Regular User,2024-06-22,2024-06,PayBright,"Fast Fashion (Shein, Temu, ASOS)",38.77,4,9.69,2024-08-17,No,0,0,38.77
TXN10809,BNPL5289,Regular User,2024-06-23,2024-06,Klarna,"Fast Fashion (Shein, Temu, ASOS)",46.3,6,7.72,2024-09-15,No,0,0,46.3
TXN10810,BNPL5289,Regular User,2024-01-09,2024-01,Sezzle,Electronics and Tech,275.87,4,68.97,2024-03-05,No,0,0,275.87
TXN10811,BNPL5289,Regular User,2024-08-29,2024-08,Afterpay,Home and Furniture,274.89,4,68.72,2024-10-24,No,0,0,274.89
TXN10812,BNPL5289,Regular User,2024-04-16,2024-04,Sezzle,"Fast Fashion (Shein, Temu, ASOS)",60.46,6,10.08,2024-07-09,No,0,0,60.46
TXN10813,BNPL5290,Occasional User,2024-01-16,2024-01,Sezzle,"Fast Fashion (Shein, Temu, ASOS)",47.47,4,11.87,2024-03-12,No,0,0,47.47
TXN10814,BNPL5290,Occasional User,2024-01-10,2024-01,Afterpay,Beauty and Skincare,92.33,4,23.08,2024-03-06,No,0,0,92.33
TXN10815,BNPL5291,High Exposure User,2024-12-23,2024-12,Afterpay,Electronics and Tech,370.68,4,92.67,2025-02-17,Yes,1,8.0,378.68
TXN10816,BNPL5291,High Exposure User,2024-12-18,2024-12,Sezzle,Sporting Goods,261.04,4,65.26,2025-02-12,Yes,2,16.0,277.04
TXN10817,BNPL5291,High Exposure User,2024-04-25,2024-04,Afterpay,Footwear,154.85,4,38.71,2024-06-20,No,0,0,154.85
TXN10818,BNPL5291,High Exposure User,2024-12-12,2024-12,Klarna,Sporting Goods,248.93,4,62.23,2025-02-06,No,0,0,248.93
TXN10819,BNPL5291,High Exposure User,2024-07-19,2024-07,Afterpay,Electronics and Tech,287.24,3,95.75,2024-08-30,Yes,1,8.0,295.24
TXN10820,BNPL5291,High Exposure User,2024-07-22,2024-07,PayBright,Electronics and Tech,287.12,4,71.78,2024-09-16,Yes,1,8.0,295.12
TXN10821,BNPL5291,High Exposure User,2024-07-07,2024-07,Paidy,Sporting Goods,147.08,3,49.03,2024-08-18,No,0,0,147.08
TXN10822,BNPL5291,High Exposure User,2024-10-13,2024-10,Sezzle,Sporting Goods,205.29,4,51.32,2024-12-08,Yes,2,16.0,221.29
TXN10823,BNPL5291,High Exposure User,2024-10-24,2024-10,PayBright,"Fast Fashion (Shein, Temu, ASOS)",73.58,6,12.26,2025-01-16,No,0,0,73.58
TXN10824,BNPL5291,High Exposure User,2024-12-16,2024-12,Klarna,"Fast Fashion (Shein, Temu, ASOS)",73.03,4,18.26,2025-02-10,No,0,0,73.03
TXN10825,BNPL5291,High Exposure User,2024-10-28,2024-10,Afterpay,Beauty and Skincare,86.92,6,14.49,2025-01-20,No,0,0,86.92
TXN10826,BNPL5291,High Exposure User,2024-02-25,2024-02,Klarna,"Fast Fashion (Shein, Temu, ASOS)",47.12,4,11.78,2024-04-21,No,0,0,47.12
TXN10827,BNPL5292,Occasional User,2024-02-09,2024-02,Paidy,"Fast Fashion (Shein, Temu, ASOS)",65.93,3,21.98,2024-03-22,No,0,0,65.93
TXN10828,BNPL5293,Occasional User,2024-01-13,2024-01,Afterpay,Footwear,117.64,4,29.41,2024-03-09,No,0,0,117.64
TXN10829,BNPL5293,Occasional User,2024-10-28,2024-10,Klarna,Beauty and Skincare,68.04,4,17.01,2024-12-23,No,0,0,68.04
TXN10830,BNPL5294,Regular User,2024-06-05,2024-06,Klarna,Electronics and Tech,433.5,3,144.5,2024-07-17,No,0,0,433.5
TXN10831,BNPL5294,Regular User,2024-05-04,2024-05,Paidy,"Fast Fashion (Shein, Temu, ASOS)",39.18,4,9.79,2024-06-29,No,0,0,39.18
TXN10832,BNPL5294,Regular User,2024-03-01,2024-03,Afterpay,"Fast Fashion (Shein, Temu, ASOS)",68.92,4,17.23,2024-04-26,No,0,0,68.92
TXN10833,BNPL5295,Occasional User,2024-10-21,2024-10,Klarna,"Fast Fashion (Shein, Temu, ASOS)",73.23,6,12.21,2025-01-13,No,0,0,73.23
TXN10834,BNPL5296,High Exposure User,2024-07-21,2024-07,PayBright,Sporting Goods,156.36,3,52.12,2024-09-01,Yes,1,8.0,164.36
TXN10835,BNPL5296,High Exposure User,2024-03-18,2024-03,Sezzle,"Fast Fashion (Shein, Temu, ASOS)",41.91,6,6.98,2024-06-10,Yes,2,16.0,57.91
TXN10836,BNPL5296,High Exposure User,2024-01-09,2024-01,PayBright,Footwear,142.55,4,35.64,2024-03-05,Yes,1,8.0,150.55
TXN10837,BNPL5296,High Exposure User,2024-07-19,2024-07,Afterpay,"Fast Fashion (Shein, Temu, ASOS)",48.48,4,12.12,2024-09-13,No,0,0,48.48
TXN10838,BNPL5296,High Exposure User,2024-12-08,2024-12,Afterpay,"Fast Fashion (Shein, Temu, ASOS)",69.13,4,17.28,2025-02-02,No,0,0,69.13
TXN10839,BNPL5296,High Exposure User,2024-11-09,2024-11,PayBright,Footwear,103.17,3,34.39,2024-12-21,No,0,0,103.17
TXN10840,BNPL5296,High Exposure User,2024-03-03,2024-03,Afterpay,Electronics and Tech,336.79,4,84.2,2024-04-28,No,0,0,336.79
TXN10841,BNPL5296,High Exposure User,2024-04-21,2024-04,Klarna,Beauty and Skincare,85.95,4,21.49,2024-06-16,No,0,0,85.95
TXN10842,BNPL5296,High Exposure User,2024-10-26,2024-10,Sezzle,Beauty and Skincare,103.31,6,17.22,2025-01-18,Yes,1,8.0,111.31
TXN10843,BNPL5296,High Exposure User,2024-03-12,2024-03,PayBright,"Fast Fashion (Shein, Temu, ASOS)",71.38,4,17.84,2024-05-07,No,0,0,71.38
TXN10844,BNPL5296,High Exposure User,2024-05-24,2024-05,Afterpay,"Fast Fashion (Shein, Temu, ASOS)",41.65,4,10.41,2024-07-19,Yes,1,8.0,49.65
TXN10845,BNPL5297,Occasional User,2024-09-06,2024-09,Sezzle,Electronics and Tech,230.08,4,57.52,2024-11-01,No,0,0,230.08
TXN10846,BNPL5297,Occasional User,2024-12-04,2024-12,PayBright,Beauty and Skincare,120.96,4,30.24,2025-01-29,No,0,0,120.96
TXN10847,BNPL5298,Regular User,2024-10-13,2024-10,Sezzle,"Fast Fashion (Shein, Temu, ASOS)",71.47,4,17.87,2024-12-08,No,0,0,71.47
TXN10848,BNPL5298,Regular User,2024-02-17,2024-02,Klarna,Footwear,90.03,3,30.01,2024-03-30,No,0,0,90.03
TXN10849,BNPL5298,Regular User,2024-04-15,2024-04,Afterpay,"Fast Fashion (Shein, Temu, ASOS)",82.21,4,20.55,2024-06-10,No,0,0,82.21
TXN10850,BNPL5298,Regular User,2024-04-13,2024-04,Klarna,"Fast Fashion (Shein, Temu, ASOS)",57.49,4,14.37,2024-06-08,No,0,0,57.49
TXN10851,BNPL5299,Occasional User,2024-09-13,2024-09,Sezzle,"Fast Fashion (Shein, Temu, ASOS)",65.07,4,16.27,2024-11-08,No,0,0,65.07
TXN10852,BNPL5300,High Exposure User,2024-03-02,2024-03,Klarna,Footwear,183.04,3,61.01,2024-04-13,Yes,2,16.0,199.04
TXN10853,BNPL5300,High Exposure User,2024-08-16,2024-08,Klarna,Footwear,101.88,3,33.96,2024-09-27,No,0,0,101.88
TXN10854,BNPL5300,High Exposure User,2024-10-15,2024-10,Klarna,"Fast Fashion (Shein, Temu, ASOS)",65.16,6,10.86,2025-01-07,No,0,0,65.16
TXN10855,BNPL5300,High Exposure User,2024-03-14,2024-03,Klarna,"Fast Fashion (Shein, Temu, ASOS)",55.29,4,13.82,2024-05-09,Yes,2,16.0,71.29
TXN10856,BNPL5300,High Exposure User,2024-03-24,2024-03,PayBright,"Fast Fashion (Shein, Temu, ASOS)",35.44,4,8.86,2024-05-19,No,0,0,35.44
TXN10857,BNPL5300,High Exposure User,2024-04-02,2024-04,Klarna,Sporting Goods,268.28,4,67.07,2024-05-28,No,0,0,268.28
TXN10858,BNPL5300,High Exposure User,2024-09-07,2024-09,Afterpay,Home and Furniture,380.02,4,95.0,2024-11-02,No,0,0,380.02
TXN10859,BNPL5300,High Exposure User,2024-01-05,2024-01,Klarna,Beauty and Skincare,83.56,4,20.89,2024-03-01,No,0,0,83.56
TXN10860,BNPL5300,High Exposure User,2024-10-23,2024-10,Klarna,"Fast Fashion (Shein, Temu, ASOS)",56.69,3,18.9,2024-12-04,No,0,0,56.69
TXN10861,BNPL5300,High Exposure User,2024-04-18,2024-04,Klarna,Footwear,114.61,6,19.1,2024-07-11,Yes,2,16.0,130.61
TXN10862,BNPL5301,High Exposure User,2024-09-21,2024-09,Afterpay,"Fast Fashion (Shein, Temu, ASOS)",65.11,3,21.7,2024-11-02,Yes,1,8.0,73.11
TXN10863,BNPL5301,High Exposure User,2024-05-27,2024-05,Afterpay,Electronics and Tech,393.92,6,65.65,2024-08-19,Yes,2,16.0,409.92
TXN10864,BNPL5301,High Exposure User,2024-08-07,2024-08,Paidy,Footwear,143.16,4,35.79,2024-10-02,No,0,0,143.16
TXN10865,BNPL5301,High Exposure User,2024-01-24,2024-01,Paidy,Electronics and Tech,272.72,6,45.45,2024-04-17,No,0,0,272.72
TXN10866,BNPL5301,High Exposure User,2024-08-07,2024-08,Sezzle,Home and Furniture,352.48,6,58.75,2024-10-30,No,0,0,352.48
TXN10867,BNPL5301,High Exposure User,2024-08-20,2024-08,Klarna,Beauty and Skincare,104.45,4,26.11,2024-10-15,No,0,0,104.45
TXN10868,BNPL5301,High Exposure User,2024-09-03,2024-09,Klarna,Electronics and Tech,298.91,4,74.73,2024-10-29,No,0,0,298.91
TXN10869,BNPL5301,High Exposure User,2024-05-21,2024-05,PayBright,Footwear,92.67,6,15.45,2024-08-13,Yes,1,8.0,100.67
TXN10870,BNPL5301,High Exposure User,2024-03-26,2024-03,Afterpay,Home and Furniture,568.18,4,142.04,2024-05-21,No,0,0,568.18
TXN10871,BNPL5301,High Exposure User,2024-07-22,2024-07,Afterpay,Footwear,118.68,4,29.67,2024-09-16,No,0,0,118.68
TXN10872,BNPL5301,High Exposure User,2024-09-12,2024-09,Afterpay,Beauty and Skincare,78.26,4,19.57,2024-11-07,No,0,0,78.26
TXN10873,BNPL5301,High Exposure User,2024-09-17,2024-09,Sezzle,"Fast Fashion (Shein, Temu, ASOS)",57.43,6,9.57,2024-12-10,No,0,0,57.43
TXN10874,BNPL5301,High Exposure User,2024-09-10,2024-09,Afterpay,Home and Furniture,269.93,3,89.98,2024-10-22,No,0,0,269.93
TXN10875,BNPL5301,High Exposure User,2024-06-07,2024-06,Sezzle,Sporting Goods,164.82,4,41.2,2024-08-02,Yes,2,16.0,180.82
TXN10876,BNPL5301,High Exposure User,2024-11-28,2024-11,Sezzle,Sporting Goods,196.37,4,49.09,2025-01-23,Yes,2,16.0,212.37
TXN10877,BNPL5301,High Exposure User,2024-05-18,2024-05,Paidy,"Fast Fashion (Shein, Temu, ASOS)",56.29,3,18.76,2024-06-29,No,0,0,56.29
TXN10878,BNPL5301,High Exposure User,2024-07-19,2024-07,Paidy,Footwear,94.7,3,31.57,2024-08-30,No,0,0,94.7
TXN10879,BNPL5301,High Exposure User,2024-05-11,2024-05,Afterpay,"Fast Fashion (Shein, Temu, ASOS)",77.49,4,19.37,2024-07-06,Yes,2,16.0,93.49
TXN10880,BNPL5302,Regular User,2024-08-07,2024-08,PayBright,"Fast Fashion (Shein, Temu, ASOS)",60.55,4,15.14,2024-10-02,No,0,0,60.55
TXN10881,BNPL5302,Regular User,2024-04-25,2024-04,Afterpay,"Fast Fashion (Shein, Temu, ASOS)",59.67,4,14.92,2024-06-20,No,0,0,59.67
TXN10882,BNPL5302,Regular User,2024-03-24,2024-03,Sezzle,Home and Furniture,401.33,4,100.33,2024-05-19,No,0,0,401.33
TXN10883,BNPL5302,Regular User,2024-03-13,2024-03,Klarna,"Fast Fashion (Shein, Temu, ASOS)",90.32,4,22.58,2024-05-08,No,0,0,90.32
TXN10884,BNPL5302,Regular User,2024-01-07,2024-01,Afterpay,Electronics and Tech,350.0,4,87.5,2024-03-03,Yes,2,16.0,366.0
TXN10885,BNPL5302,Regular User,2024-11-29,2024-11,PayBright,Beauty and Skincare,99.49,4,24.87,2025-01-24,No,0,0,99.49
TXN10886,BNPL5302,Regular User,2024-04-10,2024-04,Klarna,Home and Furniture,341.61,4,85.4,2024-06-05,No,0,0,341.61
TXN10887,BNPL5302,Regular User,2024-01-30,2024-01,Afterpay,Footwear,133.35,4,33.34,2024-03-26,Yes,2,16.0,149.35
TXN10888,BNPL5303,Regular User,2024-07-02,2024-07,Klarna,"Fast Fashion (Shein, Temu, ASOS)",27.45,4,6.86,2024-08-27,No,0,0,27.45
TXN10889,BNPL5303,Regular User,2024-11-16,2024-11,Klarna,"Fast Fashion (Shein, Temu, ASOS)",64.18,4,16.05,2025-01-11,No,0,0,64.18
TXN10890,BNPL5303,Regular User,2024-04-12,2024-04,Sezzle,Home and Furniture,344.5,4,86.12,2024-06-07,No,0,0,344.5
TXN10891,BNPL5303,Regular User,2024-12-19,2024-12,Afterpay,Beauty and Skincare,62.68,3,20.89,2025-01-30,No,0,0,62.68
TXN10892,BNPL5303,Regular User,2024-06-23,2024-06,Sezzle,Electronics and Tech,345.23,4,86.31,2024-08-18,No,0,0,345.23
TXN10893,BNPL5303,Regular User,2024-07-05,2024-07,Klarna,Electronics and Tech,254.4,4,63.6,2024-08-30,No,0,0,254.4
TXN10894,BNPL5303,Regular User,2024-11-16,2024-11,PayBright,Electronics and Tech,253.68,6,42.28,2025-02-08,Yes,2,16.0,269.68
TXN10895,BNPL5303,Regular User,2024-06-10,2024-06,PayBright,Beauty and Skincare,62.98,4,15.74,2024-08-05,No,0,0,62.98
TXN10896,BNPL5303,Regular User,2024-09-29,2024-09,Sezzle,Footwear,139.51,4,34.88,2024-11-24,No,0,0,139.51
TXN10897,BNPL5304,Regular User,2024-10-29,2024-10,PayBright,Beauty and Skincare,42.74,4,10.69,2024-12-24,No,0,0,42.74
TXN10898,BNPL5304,Regular User,2024-07-15,2024-07,Klarna,Sporting Goods,180.45,3,60.15,2024-08-26,Yes,1,8.0,188.45
TXN10899,BNPL5304,Regular User,2024-12-25,2024-12,Paidy,Beauty and Skincare,62.93,4,15.73,2025-02-19,No,0,0,62.93
TXN10900,BNPL5304,Regular User,2024-11-14,2024-11,Paidy,"Fast Fashion (Shein, Temu, ASOS)",55.75,4,13.94,2025-01-09,No,0,0,55.75
TXN10901,BNPL5304,Regular User,2024-12-25,2024-12,Afterpay,Beauty and Skincare,100.65,6,16.78,2025-03-19,No,0,0,100.65
TXN10902,BNPL5304,Regular User,2024-12-17,2024-12,Sezzle,Beauty and Skincare,70.07,4,17.52,2025-02-11,Yes,1,8.0,78.07
TXN10903,BNPL5304,Regular User,2024-02-21,2024-02,Afterpay,Home and Furniture,357.96,6,59.66,2024-05-15,No,0,0,357.96
TXN10904,BNPL5304,Regular User,2024-12-07,2024-12,Klarna,Footwear,102.71,4,25.68,2025-02-01,No,0,0,102.71
TXN10905,BNPL5305,Regular User,2024-10-23,2024-10,PayBright,Beauty and Skincare,70.87,4,17.72,2024-12-18,Yes,1,8.0,78.87
TXN10906,BNPL5305,Regular User,2024-11-15,2024-11,Klarna,Home and Furniture,362.96,4,90.74,2025-01-10,No,0,0,362.96
TXN10907,BNPL5305,Regular User,2024-09-05,2024-09,Afterpay,"Fast Fashion (Shein, Temu, ASOS)",62.6,6,10.43,2024-11-28,No,0,0,62.6
TXN10908,BNPL5305,Regular User,2024-02-25,2024-02,Afterpay,Home and Furniture,408.08,3,136.03,2024-04-07,No,0,0,408.08
TXN10909,BNPL5305,Regular User,2024-12-19,2024-12,Afterpay,Sporting Goods,94.28,6,15.71,2025-03-13,No,0,0,94.28
TXN10910,BNPL5305,Regular User,2024-04-21,2024-04,Afterpay,"Fast Fashion (Shein, Temu, ASOS)",57.04,4,14.26,2024-06-16,No,0,0,57.04
TXN10911,BNPL5305,Regular User,2024-04-01,2024-04,Sezzle,"Fast Fashion (Shein, Temu, ASOS)",95.48,4,23.87,2024-05-27,Yes,1,8.0,103.48
TXN10912,BNPL5305,Regular User,2024-01-12,2024-01,Klarna,Footwear,133.39,3,44.46,2024-02-23,No,0,0,133.39
TXN10913,BNPL5306,Occasional User,2024-02-16,2024-02,Afterpay,Electronics and Tech,248.91,4,62.23,2024-04-12,No,0,0,248.91
TXN10914,BNPL5307,Regular User,2024-02-02,2024-02,Klarna,Beauty and Skincare,57.31,3,19.1,2024-03-15,No,0,0,57.31
TXN10915,BNPL5307,Regular User,2024-09-18,2024-09,Afterpay,Beauty and Skincare,72.25,4,18.06,2024-11-13,No,0,0,72.25
TXN10916,BNPL5307,Regular User,2024-07-07,2024-07,Sezzle,Footwear,98.8,4,24.7,2024-09-01,No,0,0,98.8
TXN10917,BNPL5307,Regular User,2024-02-04,2024-02,Paidy,Footwear,111.1,6,18.52,2024-04-28,No,0,0,111.1
TXN10918,BNPL5307,Regular User,2024-05-30,2024-05,PayBright,Footwear,150.54,3,50.18,2024-07-11,No,0,0,150.54
TXN10919,BNPL5307,Regular User,2024-12-07,2024-12,PayBright,Sporting Goods,160.29,4,40.07,2025-02-01,No,0,0,160.29
TXN10920,BNPL5308,Regular User,2024-04-18,2024-04,Klarna,"Fast Fashion (Shein, Temu, ASOS)",46.49,4,11.62,2024-06-13,No,0,0,46.49
TXN10921,BNPL5308,Regular User,2024-01-23,2024-01,Afterpay,Electronics and Tech,222.85,4,55.71,2024-03-19,No,0,0,222.85
TXN10922,BNPL5308,Regular User,2024-06-19,2024-06,Sezzle,"Fast Fashion (Shein, Temu, ASOS)",49.27,4,12.32,2024-08-14,No,0,0,49.27
TXN10923,BNPL5308,Regular User,2024-09-29,2024-09,PayBright,Electronics and Tech,108.9,4,27.23,2024-11-24,No,0,0,108.9
TXN10924,BNPL5308,Regular User,2024-11-04,2024-11,PayBright,Home and Furniture,442.64,4,110.66,2024-12-30,No,0,0,442.64
TXN10925,BNPL5308,Regular User,2024-09-08,2024-09,Paidy,"Fast Fashion (Shein, Temu, ASOS)",64.11,3,21.37,2024-10-20,No,0,0,64.11
TXN10926,BNPL5308,Regular User,2024-01-03,2024-01,PayBright,Electronics and Tech,374.0,3,124.67,2024-02-14,Yes,2,16.0,390.0
TXN10927,BNPL5308,Regular User,2024-06-30,2024-06,Sezzle,Footwear,167.1,3,55.7,2024-08-11,No,0,0,167.1
TXN10928,BNPL5309,Regular User,2024-11-11,2024-11,Sezzle,Footwear,76.82,4,19.2,2025-01-06,No,0,0,76.82
TXN10929,BNPL5309,Regular User,2024-04-05,2024-04,Klarna,Electronics and Tech,266.9,6,44.48,2024-06-28,No,0,0,266.9
TXN10930,BNPL5309,Regular User,2024-08-05,2024-08,Afterpay,Beauty and Skincare,50.5,4,12.62,2024-09-30,No,0,0,50.5
TXN10931,BNPL5309,Regular User,2024-09-06,2024-09,Afterpay,"Fast Fashion (Shein, Temu, ASOS)",59.36,6,9.89,2024-11-29,No,0,0,59.36
TXN10932,BNPL5309,Regular User,2024-07-23,2024-07,Klarna,"Fast Fashion (Shein, Temu, ASOS)",40.55,4,10.14,2024-09-17,No,0,0,40.55
TXN10933,BNPL5309,Regular User,2024-06-20,2024-06,Afterpay,"Fast Fashion (Shein, Temu, ASOS)",76.48,4,19.12,2024-08-15,No,0,0,76.48
TXN10934,BNPL5309,Regular User,2024-06-08,2024-06,Afterpay,Electronics and Tech,280.59,6,46.76,2024-08-31,No,0,0,280.59
TXN10935,BNPL5309,Regular User,2024-04-11,2024-04,Afterpay,"Fast Fashion (Shein, Temu, ASOS)",40.94,6,6.82,2024-07-04,No,0,0,40.94
TXN10936,BNPL5310,Regular User,2024-02-01,2024-02,PayBright,Sporting Goods,125.21,4,31.3,2024-03-28,No,0,0,125.21
TXN10937,BNPL5310,Regular User,2024-09-06,2024-09,Sezzle,Sporting Goods,182.96,4,45.74,2024-11-01,No,0,0,182.96
TXN10938,BNPL5310,Regular User,2024-05-15,2024-05,Paidy,Sporting Goods,228.49,3,76.16,2024-06-26,No,0,0,228.49
TXN10939,BNPL5310,Regular User,2024-06-01,2024-06,Afterpay,Electronics and Tech,269.48,4,67.37,2024-07-27,No,0,0,269.48
TXN10940,BNPL5310,Regular User,2024-01-29,2024-01,Sezzle,Home and Furniture,350.6,4,87.65,2024-03-25,No,0,0,350.6
TXN10941,BNPL5310,Regular User,2024-06-23,2024-06,Sezzle,"Fast Fashion (Shein, Temu, ASOS)",58.61,4,14.65,2024-08-18,No,0,0,58.61
TXN10942,BNPL5310,Regular User,2024-04-14,2024-04,Klarna,Footwear,87.51,4,21.88,2024-06-09,No,0,0,87.51
TXN10943,BNPL5310,Regular User,2024-01-27,2024-01,Afterpay,Footwear,91.9,4,22.98,2024-03-23,No,0,0,91.9
TXN10944,BNPL5310,Regular User,2024-01-19,2024-01,Afterpay,"Fast Fashion (Shein, Temu, ASOS)",61.51,3,20.5,2024-03-01,No,0,0,61.51
TXN10945,BNPL5310,Regular User,2024-08-28,2024-08,Sezzle,Footwear,73.93,6,12.32,2024-11-20,No,0,0,73.93
TXN10946,BNPL5311,Regular User,2024-04-20,2024-04,Klarna,Beauty and Skincare,72.72,4,18.18,2024-06-15,No,0,0,72.72
TXN10947,BNPL5311,Regular User,2024-08-22,2024-08,Sezzle,"Fast Fashion (Shein, Temu, ASOS)",53.68,3,17.89,2024-10-03,No,0,0,53.68
TXN10948,BNPL5311,Regular User,2024-11-01,2024-11,Klarna,Sporting Goods,135.28,6,22.55,2025-01-24,Yes,1,8.0,143.28
TXN10949,BNPL5311,Regular User,2024-11-20,2024-11,Afterpay,Home and Furniture,456.6,4,114.15,2025-01-15,No,0,0,456.6
TXN10950,BNPL5311,Regular User,2024-02-24,2024-02,PayBright,Beauty and Skincare,70.11,4,17.53,2024-04-20,Yes,1,8.0,78.11
TXN10951,BNPL5311,Regular User,2024-04-03,2024-04,Sezzle,Electronics and Tech,379.88,4,94.97,2024-05-29,No,0,0,379.88
TXN10952,BNPL5311,Regular User,2024-07-10,2024-07,Sezzle,"Fast Fashion (Shein, Temu, ASOS)",69.03,4,17.26,2024-09-04,No,0,0,69.03
TXN10953,BNPL5312,Occasional User,2024-04-19,2024-04,Paidy,Footwear,108.05,4,27.01,2024-06-14,No,0,0,108.05
TXN10954,BNPL5313,Regular User,2024-10-31,2024-10,Afterpay,"Fast Fashion (Shein, Temu, ASOS)",47.87,3,15.96,2024-12-12,No,0,0,47.87
TXN10955,BNPL5313,Regular User,2024-01-19,2024-01,Klarna,Electronics and Tech,195.14,3,65.05,2024-03-01,No,0,0,195.14
TXN10956,BNPL5313,Regular User,2024-04-01,2024-04,Afterpay,Footwear,97.86,4,24.46,2024-05-27,No,0,0,97.86
TXN10957,BNPL5313,Regular User,2024-01-06,2024-01,Afterpay,Footwear,104.96,3,34.99,2024-02-17,Yes,2,16.0,120.96
TXN10958,BNPL5313,Regular User,2024-10-30,2024-10,Afterpay,Footwear,108.68,4,27.17,2024-12-25,Yes,2,16.0,124.68
TXN10959,BNPL5313,Regular User,2024-02-20,2024-02,Klarna,Footwear,184.91,3,61.64,2024-04-02,No,0,0,184.91
TXN10960,BNPL5314,High Exposure User,2024-09-28,2024-09,Klarna,Beauty and Skincare,94.52,4,23.63,2024-11-23,No,0,0,94.52
TXN10961,BNPL5314,High Exposure User,2024-08-06,2024-08,Afterpay,Beauty and Skincare,73.07,4,18.27,2024-10-01,No,0,0,73.07
TXN10962,BNPL5314,High Exposure User,2024-10-02,2024-10,Afterpay,"Fast Fashion (Shein, Temu, ASOS)",49.35,4,12.34,2024-11-27,No,0,0,49.35
TXN10963,BNPL5314,High Exposure User,2024-12-20,2024-12,Klarna,Beauty and Skincare,91.94,4,22.98,2025-02-14,No,0,0,91.94
TXN10964,BNPL5314,High Exposure User,2024-07-08,2024-07,Sezzle,"Fast Fashion (Shein, Temu, ASOS)",78.47,4,19.62,2024-09-02,No,0,0,78.47
TXN10965,BNPL5314,High Exposure User,2024-12-18,2024-12,Afterpay,Sporting Goods,153.07,3,51.02,2025-01-29,No,0,0,153.07
TXN10966,BNPL5314,High Exposure User,2024-07-31,2024-07,Sezzle,Home and Furniture,271.14,6,45.19,2024-10-23,No,0,0,271.14
TXN10967,BNPL5314,High Exposure User,2024-09-14,2024-09,Sezzle,Footwear,180.3,4,45.08,2024-11-09,No,0,0,180.3
TXN10968,BNPL5314,High Exposure User,2024-04-18,2024-04,Sezzle,"Fast Fashion (Shein, Temu, ASOS)",70.73,6,11.79,2024-07-11,No,0,0,70.73
TXN10969,BNPL5314,High Exposure User,2024-06-26,2024-06,Sezzle,Beauty and Skincare,74.2,6,12.37,2024-09-18,Yes,2,16.0,90.2
TXN10970,BNPL5314,High Exposure User,2024-05-04,2024-05,Klarna,"Fast Fashion (Shein, Temu, ASOS)",63.51,4,15.88,2024-06-29,No,0,0,63.51
TXN10971,BNPL5314,High Exposure User,2024-07-31,2024-07,Afterpay,Electronics and Tech,313.01,4,78.25,2024-09-25,No,0,0,313.01
TXN10972,BNPL5314,High Exposure User,2024-01-09,2024-01,Klarna,"Fast Fashion (Shein, Temu, ASOS)",62.82,4,15.71,2024-03-05,No,0,0,62.82
TXN10973,BNPL5314,High Exposure User,2024-11-07,2024-11,Afterpay,Electronics and Tech,262.67,4,65.67,2025-01-02,No,0,0,262.67
TXN10974,BNPL5314,High Exposure User,2024-12-24,2024-12,Klarna,"Fast Fashion (Shein, Temu, ASOS)",67.78,3,22.59,2025-02-04,No,0,0,67.78
TXN10975,BNPL5315,Occasional User,2024-12-11,2024-12,Afterpay,"Fast Fashion (Shein, Temu, ASOS)",52.47,3,17.49,2025-01-22,No,0,0,52.47
TXN10976,BNPL5315,Occasional User,2024-12-26,2024-12,Paidy,Electronics and Tech,345.74,4,86.44,2025-02-20,No,0,0,345.74
TXN10977,BNPL5316,High Exposure User,2024-08-02,2024-08,Sezzle,Electronics and Tech,235.27,4,58.82,2024-09-27,No,0,0,235.27
TXN10978,BNPL5316,High Exposure User,2024-10-09,2024-10,Afterpay,Footwear,142.11,4,35.53,2024-12-04,No,0,0,142.11
TXN10979,BNPL5316,High Exposure User,2024-03-23,2024-03,Afterpay,Beauty and Skincare,49.59,3,16.53,2024-05-04,No,0,0,49.59
TXN10980,BNPL5316,High Exposure User,2024-04-18,2024-04,Afterpay,Beauty and Skincare,101.42,6,16.9,2024-07-11,Yes,1,8.0,109.42
TXN10981,BNPL5316,High Exposure User,2024-06-16,2024-06,Klarna,"Fast Fashion (Shein, Temu, ASOS)",87.54,3,29.18,2024-07-28,No,0,0,87.54
TXN10982,BNPL5316,High Exposure User,2024-11-06,2024-11,Sezzle,Beauty and Skincare,93.55,6,15.59,2025-01-29,Yes,1,8.0,101.55
TXN10983,BNPL5316,High Exposure User,2024-06-15,2024-06,Afterpay,Sporting Goods,160.92,4,40.23,2024-08-10,Yes,2,16.0,176.92
TXN10984,BNPL5316,High Exposure User,2024-11-17,2024-11,Afterpay,Footwear,141.29,6,23.55,2025-02-09,No,0,0,141.29
TXN10985,BNPL5316,High Exposure User,2024-02-05,2024-02,Afterpay,Electronics and Tech,308.32,4,77.08,2024-04-01,No,0,0,308.32
TXN10986,BNPL5316,High Exposure User,2024-08-14,2024-08,Sezzle,Beauty and Skincare,45.62,3,15.21,2024-09-25,No,0,0,45.62
TXN10987,BNPL5316,High Exposure User,2024-11-23,2024-11,Sezzle,Electronics and Tech,260.88,4,65.22,2025-01-18,Yes,1,8.0,268.88
TXN10988,BNPL5316,High Exposure User,2024-12-01,2024-12,Klarna,"Fast Fashion (Shein, Temu, ASOS)",95.07,6,15.84,2025-02-23,Yes,1,8.0,103.07
TXN10989,BNPL5316,High Exposure User,2024-12-23,2024-12,Klarna,"Fast Fashion (Shein, Temu, ASOS)",61.81,4,15.45,2025-02-17,No,0,0,61.81
TXN10990,BNPL5316,High Exposure User,2024-03-26,2024-03,Afterpay,Beauty and Skincare,68.63,3,22.88,2024-05-07,No,0,0,68.63
TXN10991,BNPL5317,Regular User,2024-07-29,2024-07,Afterpay,Beauty and Skincare,68.9,6,11.48,2024-10-21,Yes,1,8.0,76.9
TXN10992,BNPL5317,Regular User,2024-07-11,2024-07,Klarna,"Fast Fashion (Shein, Temu, ASOS)",63.04,4,15.76,2024-09-05,No,0,0,63.04
TXN10993,BNPL5317,Regular User,2024-09-28,2024-09,Afterpay,Electronics and Tech,322.06,3,107.35,2024-11-09,Yes,2,16.0,338.06
TXN10994,BNPL5317,Regular User,2024-05-30,2024-05,Afterpay,Home and Furniture,261.86,6,43.64,2024-08-22,No,0,0,261.86
TXN10995,BNPL5317,Regular User,2024-07-05,2024-07,Afterpay,Beauty and Skincare,52.85,4,13.21,2024-08-30,No,0,0,52.85
TXN10996,BNPL5318,Regular User,2024-12-11,2024-12,Sezzle,Home and Furniture,185.73,3,61.91,2025-01-22,No,0,0,185.73
TXN10997,BNPL5318,Regular User,2024-07-25,2024-07,Paidy,"Fast Fashion (Shein, Temu, ASOS)",30.44,6,5.07,2024-10-17,No,0,0,30.44
TXN10998,BNPL5318,Regular User,2024-05-01,2024-05,Afterpay,"Fast Fashion (Shein, Temu, ASOS)",72.48,3,24.16,2024-06-12,No,0,0,72.48
TXN10999,BNPL5318,Regular User,2024-05-21,2024-05,Afterpay,"Fast Fashion (Shein, Temu, ASOS)",46.24,4,11.56,2024-07-16,No,0,0,46.24
TXN11000,BNPL5318,Regular User,2024-05-19,2024-05,Afterpay,Sporting Goods,166.76,4,41.69,2024-07-14,No,0,0,166.76
TXN11001,BNPL5319,Occasional User,2024-04-16,2024-04,PayBright,Footwear,110.64,4,27.66,2024-06-11,No,0,0,110.64
TXN11002,BNPL5319,Occasional User,2024-11-05,2024-11,PayBright,"Fast Fashion (Shein, Temu, ASOS)",65.81,3,21.94,2024-12-17,No,0,0,65.81
TXN11003,BNPL5320,Occasional User,2024-09-06,2024-09,Sezzle,"Fast Fashion (Shein, Temu, ASOS)",64.28,3,21.43,2024-10-18,No,0,0,64.28
TXN11004,BNPL5320,Occasional User,2024-05-28,2024-05,Sezzle,Electronics and Tech,315.64,4,78.91,2024-07-23,No,0,0,315.64
TXN11005,BNPL5321,High Exposure User,2024-05-29,2024-05,Afterpay,Footwear,176.97,4,44.24,2024-07-24,No,0,0,176.97
TXN11006,BNPL5321,High Exposure User,2024-02-19,2024-02,Afterpay,Beauty and Skincare,90.38,6,15.06,2024-05-13,No,0,0,90.38
TXN11007,BNPL5321,High Exposure User,2024-04-08,2024-04,Afterpay,Beauty and Skincare,69.47,4,17.37,2024-06-03,No,0,0,69.47
TXN11008,BNPL5321,High Exposure User,2024-11-19,2024-11,Afterpay,Sporting Goods,154.75,4,38.69,2025-01-14,Yes,2,16.0,170.75
TXN11009,BNPL5321,High Exposure User,2024-02-19,2024-02,Afterpay,Electronics and Tech,260.96,4,65.24,2024-04-15,Yes,2,16.0,276.96
TXN11010,BNPL5321,High Exposure User,2024-09-18,2024-09,Afterpay,Electronics and Tech,351.69,4,87.92,2024-11-13,No,0,0,351.69
TXN11011,BNPL5321,High Exposure User,2024-09-05,2024-09,Klarna,"Fast Fashion (Shein, Temu, ASOS)",42.69,6,7.11,2024-11-28,No,0,0,42.69
TXN11012,BNPL5321,High Exposure User,2024-06-22,2024-06,Afterpay,Beauty and Skincare,85.82,3,28.61,2024-08-03,Yes,2,16.0,101.82
TXN11013,BNPL5321,High Exposure User,2024-07-08,2024-07,PayBright,Beauty and Skincare,59.97,4,14.99,2024-09-02,No,0,0,59.97
TXN11014,BNPL5321,High Exposure User,2024-11-27,2024-11,PayBright,Beauty and Skincare,76.48,4,19.12,2025-01-22,No,0,0,76.48
TXN11015,BNPL5321,High Exposure User,2024-11-11,2024-11,Sezzle,Electronics and Tech,264.51,4,66.13,2025-01-06,No,0,0,264.51
TXN11016,BNPL5321,High Exposure User,2024-03-17,2024-03,PayBright,Electronics and Tech,325.98,3,108.66,2024-04-28,No,0,0,325.98
TXN11017,BNPL5321,High Exposure User,2024-04-03,2024-04,Sezzle,Sporting Goods,160.34,4,40.09,2024-05-29,No,0,0,160.34
TXN11018,BNPL5321,High Exposure User,2024-03-21,2024-03,Sezzle,Electronics and Tech,268.5,4,67.12,2024-05-16,No,0,0,268.5
TXN11019,BNPL5321,High Exposure User,2024-03-19,2024-03,Afterpay,"Fast Fashion (Shein, Temu, ASOS)",73.13,4,18.28,2024-05-14,Yes,2,16.0,89.13
TXN11020,BNPL5322,Regular User,2024-12-20,2024-12,PayBright,Electronics and Tech,384.02,3,128.01,2025-01-31,No,0,0,384.02
TXN11021,BNPL5322,Regular User,2024-03-09,2024-03,Paidy,Sporting Goods,215.38,6,35.9,2024-06-01,No,0,0,215.38
TXN11022,BNPL5322,Regular User,2024-06-01,2024-06,Sezzle,"Fast Fashion (Shein, Temu, ASOS)",64.35,3,21.45,2024-07-13,Yes,2,16.0,80.35
TXN11023,BNPL5322,Regular User,2024-03-21,2024-03,Afterpay,Beauty and Skincare,104.34,4,26.09,2024-05-16,No,0,0,104.34
TXN11024,BNPL5322,Regular User,2024-05-01,2024-05,Sezzle,"Fast Fashion (Shein, Temu, ASOS)",55.11,4,13.78,2024-06-26,No,0,0,55.11
TXN11025,BNPL5322,Regular User,2024-04-06,2024-04,PayBright,Sporting Goods,270.7,3,90.23,2024-05-18,No,0,0,270.7
TXN11026,BNPL5323,Regular User,2024-02-13,2024-02,Sezzle,Beauty and Skincare,80.52,4,20.13,2024-04-09,Yes,2,16.0,96.52
TXN11027,BNPL5323,Regular User,2024-11-06,2024-11,Sezzle,Home and Furniture,428.47,4,107.12,2025-01-01,No,0,0,428.47
TXN11028,BNPL5323,Regular User,2024-03-13,2024-03,Sezzle,Beauty and Skincare,73.88,4,18.47,2024-05-08,No,0,0,73.88
TXN11029,BNPL5323,Regular User,2024-02-04,2024-02,Klarna,Home and Furniture,389.83,4,97.46,2024-03-31,Yes,2,16.0,405.83
TXN11030,BNPL5323,Regular User,2024-08-27,2024-08,Klarna,Sporting Goods,183.4,4,45.85,2024-10-22,No,0,0,183.4
TXN11031,BNPL5323,Regular User,2024-03-29,2024-03,Afterpay,"Fast Fashion (Shein, Temu, ASOS)",61.76,4,15.44,2024-05-24,No,0,0,61.76
TXN11032,BNPL5323,Regular User,2024-05-29,2024-05,Klarna,"Fast Fashion (Shein, Temu, ASOS)",57.15,4,14.29,2024-07-24,No,0,0,57.15
TXN11033,BNPL5324,High Exposure User,2024-06-28,2024-06,Sezzle,Beauty and Skincare,96.35,6,16.06,2024-09-20,No,0,0,96.35
TXN11034,BNPL5324,High Exposure User,2024-12-12,2024-12,Sezzle,Beauty and Skincare,77.3,4,19.32,2025-02-06,No,0,0,77.3
TXN11035,BNPL5324,High Exposure User,2024-09-09,2024-09,PayBright,"Fast Fashion (Shein, Temu, ASOS)",59.74,3,19.91,2024-10-21,No,0,0,59.74
TXN11036,BNPL5324,High Exposure User,2024-01-04,2024-01,Klarna,Home and Furniture,353.77,4,88.44,2024-02-29,No,0,0,353.77
TXN11037,BNPL5324,High Exposure User,2024-07-01,2024-07,Paidy,Electronics and Tech,320.81,6,53.47,2024-09-23,No,0,0,320.81
TXN11038,BNPL5324,High Exposure User,2024-11-13,2024-11,Sezzle,Beauty and Skincare,71.02,4,17.75,2025-01-08,Yes,1,8.0,79.02
TXN11039,BNPL5324,High Exposure User,2024-10-02,2024-10,Klarna,Electronics and Tech,240.35,6,40.06,2024-12-25,No,0,0,240.35
TXN11040,BNPL5324,High Exposure User,2024-10-19,2024-10,Afterpay,Home and Furniture,466.6,6,77.77,2025-01-11,No,0,0,466.6
TXN11041,BNPL5324,High Exposure User,2024-11-11,2024-11,Paidy,Beauty and Skincare,72.52,6,12.09,2025-02-03,No,0,0,72.52
TXN11042,BNPL5324,High Exposure User,2024-01-05,2024-01,Afterpay,Footwear,70.4,6,11.73,2024-03-29,No,0,0,70.4
TXN11043,BNPL5324,High Exposure User,2024-12-18,2024-12,Sezzle,Footwear,139.73,4,34.93,2025-02-12,No,0,0,139.73
TXN11044,BNPL5324,High Exposure User,2024-05-13,2024-05,Klarna,Home and Furniture,183.83,3,61.28,2024-06-24,No,0,0,183.83
TXN11045,BNPL5324,High Exposure User,2024-05-28,2024-05,Klarna,Sporting Goods,130.8,3,43.6,2024-07-09,No,0,0,130.8
TXN11046,BNPL5324,High Exposure User,2024-07-21,2024-07,Sezzle,Home and Furniture,454.07,4,113.52,2024-09-15,No,0,0,454.07
TXN11047,BNPL5324,High Exposure User,2024-09-26,2024-09,PayBright,"Fast Fashion (Shein, Temu, ASOS)",77.23,6,12.87,2024-12-19,No,0,0,77.23
TXN11048,BNPL5324,High Exposure User,2024-06-04,2024-06,Klarna,Footwear,75.49,6,12.58,2024-08-27,No,0,0,75.49
TXN11049,BNPL5324,High Exposure User,2024-07-07,2024-07,Klarna,Beauty and Skincare,95.21,4,23.8,2024-09-01,No,0,0,95.21
TXN11050,BNPL5324,High Exposure User,2024-04-04,2024-04,Afterpay,Beauty and Skincare,79.71,6,13.28,2024-06-27,No,0,0,79.71
TXN11051,BNPL5325,Regular User,2024-04-14,2024-04,PayBright,"Fast Fashion (Shein, Temu, ASOS)",34.77,4,8.69,2024-06-09,Yes,1,8.0,42.77
TXN11052,BNPL5325,Regular User,2024-06-03,2024-06,Paidy,"Fast Fashion (Shein, Temu, ASOS)",57.09,6,9.52,2024-08-26,No,0,0,57.09
TXN11053,BNPL5325,Regular User,2024-10-20,2024-10,Sezzle,Beauty and Skincare,101.38,3,33.79,2024-12-01,No,0,0,101.38
TXN11054,BNPL5325,Regular User,2024-10-10,2024-10,Klarna,Footwear,139.6,4,34.9,2024-12-05,Yes,2,16.0,155.6
TXN11055,BNPL5326,Regular User,2024-12-08,2024-12,Klarna,Footwear,147.23,4,36.81,2025-02-02,No,0,0,147.23
TXN11056,BNPL5326,Regular User,2024-08-04,2024-08,PayBright,"Fast Fashion (Shein, Temu, ASOS)",59.23,4,14.81,2024-09-29,No,0,0,59.23
TXN11057,BNPL5326,Regular User,2024-10-16,2024-10,Sezzle,"Fast Fashion (Shein, Temu, ASOS)",58.89,6,9.81,2025-01-08,No,0,0,58.89
TXN11058,BNPL5326,Regular User,2024-02-26,2024-02,Sezzle,"Fast Fashion (Shein, Temu, ASOS)",42.92,4,10.73,2024-04-22,No,0,0,42.92
TXN11059,BNPL5326,Regular User,2024-06-23,2024-06,Klarna,Footwear,67.55,4,16.89,2024-08-18,Yes,2,16.0,83.55
TXN11060,BNPL5326,Regular User,2024-12-21,2024-12,Afterpay,Footwear,103.84,4,25.96,2025-02-15,No,0,0,103.84
TXN11061,BNPL5326,Regular User,2024-04-19,2024-04,Klarna,Footwear,143.16,3,47.72,2024-05-31,No,0,0,143.16
TXN11062,BNPL5326,Regular User,2024-12-10,2024-12,Afterpay,"Fast Fashion (Shein, Temu, ASOS)",59.07,4,14.77,2025-02-04,No,0,0,59.07
TXN11063,BNPL5326,Regular User,2024-06-12,2024-06,PayBright,Footwear,75.78,6,12.63,2024-09-04,No,0,0,75.78
TXN11064,BNPL5327,Regular User,2024-03-09,2024-03,Sezzle,Footwear,88.64,6,14.77,2024-06-01,No,0,0,88.64
TXN11065,BNPL5327,Regular User,2024-03-15,2024-03,Paidy,Beauty and Skincare,88.47,3,29.49,2024-04-26,No,0,0,88.47
TXN11066,BNPL5327,Regular User,2024-04-13,2024-04,Klarna,Electronics and Tech,301.24,4,75.31,2024-06-08,Yes,1,8.0,309.24
TXN11067,BNPL5327,Regular User,2024-02-15,2024-02,Afterpay,Footwear,122.79,4,30.7,2024-04-11,No,0,0,122.79
TXN11068,BNPL5327,Regular User,2024-04-06,2024-04,Afterpay,Beauty and Skincare,50.52,3,16.84,2024-05-18,No,0,0,50.52
TXN11069,BNPL5327,Regular User,2024-08-11,2024-08,Klarna,"Fast Fashion (Shein, Temu, ASOS)",72.72,4,18.18,2024-10-06,No,0,0,72.72
TXN11070,BNPL5327,Regular User,2024-06-25,2024-06,Afterpay,"Fast Fashion (Shein, Temu, ASOS)",61.82,6,10.3,2024-09-17,No,0,0,61.82
TXN11071,BNPL5327,Regular User,2024-06-14,2024-06,PayBright,Electronics and Tech,181.49,6,30.25,2024-09-06,Yes,1,8.0,189.49
TXN11072,BNPL5328,Regular User,2024-02-14,2024-02,Sezzle,Beauty and Skincare,25.88,4,6.47,2024-04-10,No,0,0,25.88
TXN11073,BNPL5328,Regular User,2024-11-25,2024-11,Klarna,Electronics and Tech,206.19,4,51.55,2025-01-20,No,0,0,206.19
TXN11074,BNPL5328,Regular User,2024-08-06,2024-08,Klarna,Electronics and Tech,262.47,4,65.62,2024-10-01,Yes,1,8.0,270.47
TXN11075,BNPL5328,Regular User,2024-07-19,2024-07,PayBright,Beauty and Skincare,43.5,4,10.88,2024-09-13,No,0,0,43.5
TXN11076,BNPL5328,Regular User,2024-03-27,2024-03,PayBright,"Fast Fashion (Shein, Temu, ASOS)",58.29,4,14.57,2024-05-22,No,0,0,58.29
TXN11077,BNPL5328,Regular User,2024-11-25,2024-11,Sezzle,Beauty and Skincare,67.58,3,22.53,2025-01-06,No,0,0,67.58
TXN11078,BNPL5329,Occasional User,2024-04-06,2024-04,Afterpay,Sporting Goods,119.77,4,29.94,2024-06-01,No,0,0,119.77
TXN11079,BNPL5329,Occasional User,2024-01-29,2024-01,PayBright,Home and Furniture,247.5,6,41.25,2024-04-22,No,0,0,247.5
TXN11080,BNPL5330,Occasional User,2024-01-04,2024-01,Afterpay,Sporting Goods,157.89,4,39.47,2024-02-29,No,0,0,157.89
TXN11081,BNPL5330,Occasional User,2024-08-07,2024-08,Afterpay,Home and Furniture,301.2,4,75.3,2024-10-02,No,0,0,301.2
TXN11082,BNPL5331,High Exposure User,2024-07-01,2024-07,Afterpay,"Fast Fashion (Shein, Temu, ASOS)",56.24,3,18.75,2024-08-12,No,0,0,56.24
TXN11083,BNPL5331,High Exposure User,2024-10-27,2024-10,Klarna,Beauty and Skincare,79.52,6,13.25,2025-01-19,No,0,0,79.52
TXN11084,BNPL5331,High Exposure User,2024-04-21,2024-04,PayBright,Home and Furniture,484.99,4,121.25,2024-06-16,No,0,0,484.99
TXN11085,BNPL5331,High Exposure User,2024-07-20,2024-07,Afterpay,"Fast Fashion (Shein, Temu, ASOS)",55.19,6,9.2,2024-10-12,No,0,0,55.19
TXN11086,BNPL5331,High Exposure User,2024-10-14,2024-10,Afterpay,"Fast Fashion (Shein, Temu, ASOS)",94.11,4,23.53,2024-12-09,No,0,0,94.11
TXN11087,BNPL5331,High Exposure User,2024-04-18,2024-04,PayBright,"Fast Fashion (Shein, Temu, ASOS)",71.44,3,23.81,2024-05-30,No,0,0,71.44
TXN11088,BNPL5331,High Exposure User,2024-01-06,2024-01,Klarna,Electronics and Tech,332.62,6,55.44,2024-03-30,No,0,0,332.62
TXN11089,BNPL5331,High Exposure User,2024-07-25,2024-07,PayBright,Home and Furniture,368.13,4,92.03,2024-09-19,Yes,2,16.0,384.13
TXN11090,BNPL5331,High Exposure User,2024-05-05,2024-05,Afterpay,Sporting Goods,217.45,4,54.36,2024-06-30,No,0,0,217.45
TXN11091,BNPL5331,High Exposure User,2024-08-07,2024-08,Sezzle,Electronics and Tech,324.68,6,54.11,2024-10-30,Yes,2,16.0,340.68
TXN11092,BNPL5331,High Exposure User,2024-04-15,2024-04,Afterpay,Beauty and Skincare,50.88,3,16.96,2024-05-27,No,0,0,50.88
TXN11093,BNPL5332,Regular User,2024-04-23,2024-04,Sezzle,"Fast Fashion (Shein, Temu, ASOS)",61.75,3,20.58,2024-06-04,No,0,0,61.75
TXN11094,BNPL5332,Regular User,2024-02-26,2024-02,Sezzle,Sporting Goods,170.43,4,42.61,2024-04-22,No,0,0,170.43
TXN11095,BNPL5332,Regular User,2024-03-14,2024-03,Paidy,Footwear,110.66,4,27.66,2024-05-09,No,0,0,110.66
TXN11096,BNPL5332,Regular User,2024-04-28,2024-04,Afterpay,Electronics and Tech,293.98,6,49.0,2024-07-21,No,0,0,293.98
TXN11097,BNPL5332,Regular User,2024-08-24,2024-08,Klarna,Electronics and Tech,360.97,4,90.24,2024-10-19,No,0,0,360.97
TXN11098,BNPL5333,Regular User,2024-04-26,2024-04,Klarna,Footwear,66.18,3,22.06,2024-06-07,No,0,0,66.18
TXN11099,BNPL5333,Regular User,2024-11-07,2024-11,PayBright,Footwear,148.54,3,49.51,2024-12-19,No,0,0,148.54
TXN11100,BNPL5333,Regular User,2024-06-25,2024-06,Klarna,"Fast Fashion (Shein, Temu, ASOS)",67.29,3,22.43,2024-08-06,No,0,0,67.29
TXN11101,BNPL5333,Regular User,2024-01-21,2024-01,Afterpay,Beauty and Skincare,90.9,6,15.15,2024-04-14,No,0,0,90.9
TXN11102,BNPL5333,Regular User,2024-05-24,2024-05,Afterpay,Home and Furniture,446.46,6,74.41,2024-08-16,No,0,0,446.46
TXN11103,BNPL5333,Regular User,2024-06-27,2024-06,Afterpay,"Fast Fashion (Shein, Temu, ASOS)",38.99,6,6.5,2024-09-19,Yes,1,8.0,46.99
TXN11104,BNPL5333,Regular User,2024-07-03,2024-07,Afterpay,"Fast Fashion (Shein, Temu, ASOS)",70.37,4,17.59,2024-08-28,No,0,0,70.37
TXN11105,BNPL5333,Regular User,2024-07-05,2024-07,Paidy,Beauty and Skincare,68.09,4,17.02,2024-08-30,Yes,1,8.0,76.09
TXN11106,BNPL5334,Occasional User,2024-08-24,2024-08,PayBright,Sporting Goods,192.02,4,48.01,2024-10-19,No,0,0,192.02
TXN11107,BNPL5335,Regular User,2024-11-21,2024-11,Sezzle,"Fast Fashion (Shein, Temu, ASOS)",78.01,4,19.5,2025-01-16,No,0,0,78.01
TXN11108,BNPL5335,Regular User,2024-09-19,2024-09,Klarna,"Fast Fashion (Shein, Temu, ASOS)",74.97,3,24.99,2024-10-31,No,0,0,74.97
TXN11109,BNPL5335,Regular User,2024-12-29,2024-12,PayBright,"Fast Fashion (Shein, Temu, ASOS)",33.03,4,8.26,2025-02-23,No,0,0,33.03
TXN11110,BNPL5335,Regular User,2024-01-14,2024-01,Afterpay,Beauty and Skincare,54.68,3,18.23,2024-02-25,No,0,0,54.68
TXN11111,BNPL5335,Regular User,2024-12-19,2024-12,Sezzle,"Fast Fashion (Shein, Temu, ASOS)",53.19,6,8.87,2025-03-13,No,0,0,53.19
TXN11112,BNPL5335,Regular User,2024-10-31,2024-10,PayBright,Beauty and Skincare,74.16,3,24.72,2024-12-12,Yes,1,8.0,82.16
TXN11113,BNPL5336,Occasional User,2024-08-14,2024-08,Sezzle,"Fast Fashion (Shein, Temu, ASOS)",54.56,4,13.64,2024-10-09,No,0,0,54.56
TXN11114,BNPL5336,Occasional User,2024-06-14,2024-06,Afterpay,Footwear,109.68,4,27.42,2024-08-09,No,0,0,109.68
TXN11115,BNPL5337,High Exposure User,2024-11-04,2024-11,Paidy,Sporting Goods,170.28,3,56.76,2024-12-16,No,0,0,170.28
TXN11116,BNPL5337,High Exposure User,2024-10-02,2024-10,Afterpay,Electronics and Tech,308.52,4,77.13,2024-11-27,No,0,0,308.52
TXN11117,BNPL5337,High Exposure User,2024-05-19,2024-05,Afterpay,Beauty and Skincare,73.48,6,12.25,2024-08-11,No,0,0,73.48
TXN11118,BNPL5337,High Exposure User,2024-06-01,2024-06,Klarna,"Fast Fashion (Shein, Temu, ASOS)",61.62,4,15.4,2024-07-27,No,0,0,61.62
TXN11119,BNPL5337,High Exposure User,2024-04-09,2024-04,Sezzle,"Fast Fashion (Shein, Temu, ASOS)",98.52,4,24.63,2024-06-04,No,0,0,98.52
TXN11120,BNPL5337,High Exposure User,2024-08-24,2024-08,Klarna,Sporting Goods,154.1,4,38.52,2024-10-19,No,0,0,154.1
TXN11121,BNPL5337,High Exposure User,2024-07-23,2024-07,Sezzle,"Fast Fashion (Shein, Temu, ASOS)",31.04,4,7.76,2024-09-17,No,0,0,31.04
TXN11122,BNPL5337,High Exposure User,2024-10-23,2024-10,Afterpay,Footwear,136.45,3,45.48,2024-12-04,No,0,0,136.45
TXN11123,BNPL5337,High Exposure User,2024-11-07,2024-11,Sezzle,"Fast Fashion (Shein, Temu, ASOS)",69.94,6,11.66,2025-01-30,Yes,1,8.0,77.94
TXN11124,BNPL5337,High Exposure User,2024-01-25,2024-01,Klarna,Home and Furniture,53.86,4,13.46,2024-03-21,No,0,0,53.86
TXN11125,BNPL5337,High Exposure User,2024-09-06,2024-09,Afterpay,Electronics and Tech,245.01,4,61.25,2024-11-01,No,0,0,245.01
TXN11126,BNPL5337,High Exposure User,2024-04-13,2024-04,PayBright,"Fast Fashion (Shein, Temu, ASOS)",35.88,6,5.98,2024-07-06,Yes,1,8.0,43.88
TXN11127,BNPL5337,High Exposure User,2024-02-16,2024-02,Sezzle,"Fast Fashion (Shein, Temu, ASOS)",43.66,4,10.91,2024-04-12,Yes,2,16.0,59.66
TXN11128,BNPL5337,High Exposure User,2024-03-25,2024-03,Afterpay,Beauty and Skincare,95.63,4,23.91,2024-05-20,No,0,0,95.63
TXN11129,BNPL5337,High Exposure User,2024-02-25,2024-02,Klarna,Sporting Goods,194.18,4,48.55,2024-04-21,Yes,1,8.0,202.18
TXN11130,BNPL5338,Regular User,2024-01-31,2024-01,Afterpay,Beauty and Skincare,69.26,6,11.54,2024-04-24,No,0,0,69.26
TXN11131,BNPL5338,Regular User,2024-07-28,2024-07,Klarna,Home and Furniture,351.2,4,87.8,2024-09-22,No,0,0,351.2
TXN11132,BNPL5338,Regular User,2024-07-06,2024-07,PayBright,Beauty and Skincare,82.44,4,20.61,2024-08-31,No,0,0,82.44
TXN11133,BNPL5338,Regular User,2024-04-22,2024-04,Sezzle,Home and Furniture,262.51,4,65.63,2024-06-17,No,0,0,262.51
TXN11134,BNPL5338,Regular User,2024-01-29,2024-01,Afterpay,Home and Furniture,184.0,3,61.33,2024-03-11,No,0,0,184.0
TXN11135,BNPL5339,High Exposure User,2024-06-20,2024-06,Afterpay,Sporting Goods,240.57,4,60.14,2024-08-15,No,0,0,240.57
TXN11136,BNPL5339,High Exposure User,2024-02-24,2024-02,Afterpay,"Fast Fashion (Shein, Temu, ASOS)",32.55,4,8.14,2024-04-20,No,0,0,32.55
TXN11137,BNPL5339,High Exposure User,2024-01-27,2024-01,Sezzle,Electronics and Tech,276.18,4,69.05,2024-03-23,No,0,0,276.18
TXN11138,BNPL5339,High Exposure User,2024-05-07,2024-05,Afterpay,"Fast Fashion (Shein, Temu, ASOS)",48.62,3,16.21,2024-06-18,No,0,0,48.62
TXN11139,BNPL5339,High Exposure User,2024-02-29,2024-02,Paidy,"Fast Fashion (Shein, Temu, ASOS)",47.55,4,11.89,2024-04-25,No,0,0,47.55
TXN11140,BNPL5339,High Exposure User,2024-05-06,2024-05,Sezzle,Footwear,190.4,4,47.6,2024-07-01,Yes,1,8.0,198.4
TXN11141,BNPL5339,High Exposure User,2024-09-03,2024-09,Klarna,"Fast Fashion (Shein, Temu, ASOS)",64.38,3,21.46,2024-10-15,No,0,0,64.38
TXN11142,BNPL5339,High Exposure User,2024-04-19,2024-04,Afterpay,"Fast Fashion (Shein, Temu, ASOS)",40.14,3,13.38,2024-05-31,Yes,1,8.0,48.14
TXN11143,BNPL5339,High Exposure User,2024-08-27,2024-08,Sezzle,Electronics and Tech,156.63,4,39.16,2024-10-22,Yes,1,8.0,164.63
TXN11144,BNPL5339,High Exposure User,2024-10-29,2024-10,Sezzle,"Fast Fashion (Shein, Temu, ASOS)",71.23,4,17.81,2024-12-24,No,0,0,71.23
TXN11145,BNPL5339,High Exposure User,2024-02-04,2024-02,Klarna,Electronics and Tech,303.79,4,75.95,2024-03-31,No,0,0,303.79
TXN11146,BNPL5339,High Exposure User,2024-06-30,2024-06,Klarna,Electronics and Tech,218.54,6,36.42,2024-09-22,No,0,0,218.54
TXN11147,BNPL5339,High Exposure User,2024-12-18,2024-12,Afterpay,Home and Furniture,404.88,6,67.48,2025-03-12,Yes,1,8.0,412.88
TXN11148,BNPL5339,High Exposure User,2024-05-31,2024-05,Afterpay,"Fast Fashion (Shein, Temu, ASOS)",48.5,4,12.12,2024-07-26,No,0,0,48.5
TXN11149,BNPL5339,High Exposure User,2024-09-09,2024-09,Afterpay,Sporting Goods,201.25,4,50.31,2024-11-04,No,0,0,201.25
TXN11150,BNPL5339,High Exposure User,2024-08-18,2024-08,Klarna,Footwear,158.25,3,52.75,2024-09-29,No,0,0,158.25
TXN11151,BNPL5339,High Exposure User,2024-05-04,2024-05,Klarna,Beauty and Skincare,61.26,4,15.31,2024-06-29,Yes,1,8.0,69.26
TXN11152,BNPL5340,Regular User,2024-05-24,2024-05,PayBright,Beauty and Skincare,90.19,4,22.55,2024-07-19,No,0,0,90.19
TXN11153,BNPL5340,Regular User,2024-01-06,2024-01,Afterpay,"Fast Fashion (Shein, Temu, ASOS)",57.67,4,14.42,2024-03-02,No,0,0,57.67
TXN11154,BNPL5340,Regular User,2024-04-06,2024-04,Paidy,"Fast Fashion (Shein, Temu, ASOS)",66.0,4,16.5,2024-06-01,No,0,0,66.0
TXN11155,BNPL5340,Regular User,2024-06-02,2024-06,Sezzle,Beauty and Skincare,90.13,6,15.02,2024-08-25,No,0,0,90.13
TXN11156,BNPL5340,Regular User,2024-09-28,2024-09,Sezzle,Beauty and Skincare,53.21,4,13.3,2024-11-23,No,0,0,53.21
TXN11157,BNPL5340,Regular User,2024-03-19,2024-03,Afterpay,Electronics and Tech,197.06,3,65.69,2024-04-30,No,0,0,197.06
TXN11158,BNPL5340,Regular User,2024-06-02,2024-06,Afterpay,Footwear,130.38,6,21.73,2024-08-25,No,0,0,130.38
TXN11159,BNPL5341,Regular User,2024-07-14,2024-07,Afterpay,Beauty and Skincare,82.11,6,13.69,2024-10-06,Yes,1,8.0,90.11
TXN11160,BNPL5341,Regular User,2024-03-11,2024-03,Paidy,Sporting Goods,112.36,3,37.45,2024-04-22,No,0,0,112.36
TXN11161,BNPL5341,Regular User,2024-11-30,2024-11,Klarna,Footwear,125.88,6,20.98,2025-02-22,No,0,0,125.88
TXN11162,BNPL5341,Regular User,2024-12-05,2024-12,Klarna,"Fast Fashion (Shein, Temu, ASOS)",57.74,4,14.44,2025-01-30,No,0,0,57.74
TXN11163,BNPL5341,Regular User,2024-04-07,2024-04,Sezzle,Footwear,153.79,6,25.63,2024-06-30,No,0,0,153.79
TXN11164,BNPL5341,Regular User,2024-11-03,2024-11,Klarna,Electronics and Tech,351.93,4,87.98,2024-12-29,No,0,0,351.93
TXN11165,BNPL5342,Regular User,2024-06-04,2024-06,Klarna,Home and Furniture,300.73,6,50.12,2024-08-27,No,0,0,300.73
TXN11166,BNPL5342,Regular User,2024-05-10,2024-05,Afterpay,Footwear,168.37,4,42.09,2024-07-05,No,0,0,168.37
TXN11167,BNPL5342,Regular User,2024-09-17,2024-09,Klarna,Sporting Goods,239.6,3,79.87,2024-10-29,No,0,0,239.6
TXN11168,BNPL5342,Regular User,2024-06-22,2024-06,Klarna,"Fast Fashion (Shein, Temu, ASOS)",71.92,3,23.97,2024-08-03,No,0,0,71.92
TXN11169,BNPL5342,Regular User,2024-01-14,2024-01,Klarna,"Fast Fashion (Shein, Temu, ASOS)",67.7,3,22.57,2024-02-25,No,0,0,67.7
TXN11170,BNPL5342,Regular User,2024-06-20,2024-06,Afterpay,Home and Furniture,176.96,4,44.24,2024-08-15,No,0,0,176.96
TXN11171,BNPL5342,Regular User,2024-04-11,2024-04,Sezzle,"Fast Fashion (Shein, Temu, ASOS)",63.6,4,15.9,2024-06-06,No,0,0,63.6
TXN11172,BNPL5342,Regular User,2024-05-14,2024-05,Sezzle,Beauty and Skincare,102.42,4,25.61,2024-07-09,No,0,0,102.42
TXN11173,BNPL5343,High Exposure User,2024-12-25,2024-12,Afterpay,Beauty and Skincare,89.11,4,22.28,2025-02-19,No,0,0,89.11
TXN11174,BNPL5343,High Exposure User,2024-11-08,2024-11,Klarna,Footwear,119.46,4,29.86,2025-01-03,No,0,0,119.46
TXN11175,BNPL5343,High Exposure User,2024-04-14,2024-04,Afterpay,Beauty and Skincare,76.13,3,25.38,2024-05-26,No,0,0,76.13
TXN11176,BNPL5343,High Exposure User,2024-02-07,2024-02,Afterpay,"Fast Fashion (Shein, Temu, ASOS)",69.01,4,17.25,2024-04-03,Yes,1,8.0,77.01
TXN11177,BNPL5343,High Exposure User,2024-02-26,2024-02,Afterpay,Footwear,86.99,6,14.5,2024-05-20,Yes,2,16.0,102.99
TXN11178,BNPL5343,High Exposure User,2024-07-19,2024-07,Sezzle,Beauty and Skincare,82.42,6,13.74,2024-10-11,Yes,1,8.0,90.42
TXN11179,BNPL5343,High Exposure User,2024-02-29,2024-02,Klarna,"Fast Fashion (Shein, Temu, ASOS)",46.59,4,11.65,2024-04-25,No,0,0,46.59
TXN11180,BNPL5343,High Exposure User,2024-07-14,2024-07,Afterpay,Electronics and Tech,209.33,4,52.33,2024-09-08,No,0,0,209.33
TXN11181,BNPL5343,High Exposure User,2024-12-16,2024-12,Afterpay,Home and Furniture,271.19,3,90.4,2025-01-27,No,0,0,271.19
TXN11182,BNPL5344,Occasional User,2024-01-01,2024-01,Afterpay,Footwear,80.36,6,13.39,2024-03-25,No,0,0,80.36
TXN11183,BNPL5344,Occasional User,2024-04-01,2024-04,Afterpay,Electronics and Tech,333.25,6,55.54,2024-06-24,No,0,0,333.25
TXN11184,BNPL5344,Occasional User,2024-10-09,2024-10,Afterpay,"Fast Fashion (Shein, Temu, ASOS)",68.95,4,17.24,2024-12-04,No,0,0,68.95
TXN11185,BNPL5345,Regular User,2024-01-13,2024-01,Afterpay,Home and Furniture,356.19,4,89.05,2024-03-09,No,0,0,356.19
TXN11186,BNPL5345,Regular User,2024-07-24,2024-07,Klarna,Sporting Goods,201.18,3,67.06,2024-09-04,No,0,0,201.18
TXN11187,BNPL5345,Regular User,2024-09-15,2024-09,Klarna,Beauty and Skincare,83.76,3,27.92,2024-10-27,No,0,0,83.76
TXN11188,BNPL5345,Regular User,2024-03-04,2024-03,Klarna,Electronics and Tech,224.78,4,56.2,2024-04-29,No,0,0,224.78
TXN11189,BNPL5345,Regular User,2024-03-10,2024-03,Afterpay,Beauty and Skincare,64.14,4,16.04,2024-05-05,No,0,0,64.14
TXN11190,BNPL5345,Regular User,2024-02-05,2024-02,Afterpay,Home and Furniture,254.58,4,63.65,2024-04-01,No,0,0,254.58
TXN11191,BNPL5346,High Exposure User,2024-08-03,2024-08,Sezzle,"Fast Fashion (Shein, Temu, ASOS)",41.27,6,6.88,2024-10-26,No,0,0,41.27
TXN11192,BNPL5346,High Exposure User,2024-04-08,2024-04,Klarna,"Fast Fashion (Shein, Temu, ASOS)",69.13,6,11.52,2024-07-01,No,0,0,69.13
TXN11193,BNPL5346,High Exposure User,2024-10-20,2024-10,Afterpay,Beauty and Skincare,101.01,3,33.67,2024-12-01,No,0,0,101.01
TXN11194,BNPL5346,High Exposure User,2024-04-30,2024-04,Paidy,"Fast Fashion (Shein, Temu, ASOS)",35.0,4,8.75,2024-06-25,No,0,0,35.0
TXN11195,BNPL5346,High Exposure User,2024-07-14,2024-07,Sezzle,Home and Furniture,398.51,4,99.63,2024-09-08,No,0,0,398.51
TXN11196,BNPL5346,High Exposure User,2024-07-07,2024-07,Klarna,Beauty and Skincare,96.95,4,24.24,2024-09-01,Yes,1,8.0,104.95
TXN11197,BNPL5346,High Exposure User,2024-09-18,2024-09,Paidy,Sporting Goods,156.03,3,52.01,2024-10-30,Yes,1,8.0,164.03
TXN11198,BNPL5346,High Exposure User,2024-08-30,2024-08,Sezzle,Beauty and Skincare,76.43,4,19.11,2024-10-25,Yes,1,8.0,84.43
TXN11199,BNPL5346,High Exposure User,2024-05-11,2024-05,Paidy,Home and Furniture,398.52,4,99.63,2024-07-06,No,0,0,398.52
TXN11200,BNPL5346,High Exposure User,2024-07-10,2024-07,Afterpay,Home and Furniture,391.71,4,97.93,2024-09-04,No,0,0,391.71
TXN11201,BNPL5346,High Exposure User,2024-07-26,2024-07,Afterpay,Footwear,74.45,6,12.41,2024-10-18,No,0,0,74.45
TXN11202,BNPL5346,High Exposure User,2024-07-31,2024-07,Sezzle,"Fast Fashion (Shein, Temu, ASOS)",64.07,4,16.02,2024-09-25,No,0,0,64.07
TXN11203,BNPL5346,High Exposure User,2024-02-23,2024-02,Afterpay,"Fast Fashion (Shein, Temu, ASOS)",65.56,4,16.39,2024-04-19,No,0,0,65.56
TXN11204,BNPL5346,High Exposure User,2024-02-03,2024-02,Afterpay,Home and Furniture,424.37,6,70.73,2024-04-27,No,0,0,424.37
TXN11205,BNPL5347,High Exposure User,2024-02-12,2024-02,Afterpay,Beauty and Skincare,88.14,6,14.69,2024-05-06,Yes,2,16.0,104.14
TXN11206,BNPL5347,High Exposure User,2024-10-01,2024-10,Sezzle,Sporting Goods,174.34,4,43.59,2024-11-26,No,0,0,174.34
TXN11207,BNPL5347,High Exposure User,2024-12-08,2024-12,Paidy,"Fast Fashion (Shein, Temu, ASOS)",44.92,4,11.23,2025-02-02,No,0,0,44.92
TXN11208,BNPL5347,High Exposure User,2024-01-16,2024-01,Afterpay,Footwear,92.15,4,23.04,2024-03-12,No,0,0,92.15
TXN11209,BNPL5347,High Exposure User,2024-10-11,2024-10,Klarna,Home and Furniture,349.79,6,58.3,2025-01-03,No,0,0,349.79
TXN11210,BNPL5347,High Exposure User,2024-02-02,2024-02,Sezzle,"Fast Fashion (Shein, Temu, ASOS)",85.82,6,14.3,2024-04-26,Yes,2,16.0,101.82
TXN11211,BNPL5347,High Exposure User,2024-05-11,2024-05,Klarna,Footwear,157.26,4,39.31,2024-07-06,Yes,2,16.0,173.26
TXN11212,BNPL5347,High Exposure User,2024-11-23,2024-11,Sezzle,"Fast Fashion (Shein, Temu, ASOS)",50.14,3,16.71,2025-01-04,No,0,0,50.14
TXN11213,BNPL5347,High Exposure User,2024-03-28,2024-03,Sezzle,Sporting Goods,203.09,6,33.85,2024-06-20,Yes,2,16.0,219.09
TXN11214,BNPL5347,High Exposure User,2024-03-01,2024-03,Paidy,Beauty and Skincare,74.04,4,18.51,2024-04-26,Yes,2,16.0,90.04
TXN11215,BNPL5347,High Exposure User,2024-03-02,2024-03,Sezzle,Electronics and Tech,309.55,4,77.39,2024-04-27,Yes,1,8.0,317.55
TXN11216,BNPL5348,Regular User,2024-03-06,2024-03,Afterpay,"Fast Fashion (Shein, Temu, ASOS)",52.47,3,17.49,2024-04-17,No,0,0,52.47
TXN11217,BNPL5348,Regular User,2024-01-23,2024-01,Afterpay,Electronics and Tech,264.62,3,88.21,2024-03-05,No,0,0,264.62
TXN11218,BNPL5348,Regular User,2024-02-18,2024-02,Klarna,"Fast Fashion (Shein, Temu, ASOS)",71.06,4,17.77,2024-04-14,No,0,0,71.06
TXN11219,BNPL5349,High Exposure User,2024-05-02,2024-05,PayBright,Electronics and Tech,391.92,6,65.32,2024-07-25,No,0,0,391.92
TXN11220,BNPL5349,High Exposure User,2024-05-06,2024-05,Afterpay,Beauty and Skincare,90.64,3,30.21,2024-06-17,Yes,1,8.0,98.64
TXN11221,BNPL5349,High Exposure User,2024-10-11,2024-10,Klarna,"Fast Fashion (Shein, Temu, ASOS)",66.12,4,16.53,2024-12-06,No,0,0,66.12
TXN11222,BNPL5349,High Exposure User,2024-08-10,2024-08,Klarna,Home and Furniture,355.84,4,88.96,2024-10-05,Yes,1,8.0,363.84
TXN11223,BNPL5349,High Exposure User,2024-08-18,2024-08,Sezzle,Electronics and Tech,230.76,3,76.92,2024-09-29,No,0,0,230.76
TXN11224,BNPL5349,High Exposure User,2024-09-25,2024-09,Afterpay,"Fast Fashion (Shein, Temu, ASOS)",60.81,4,15.2,2024-11-20,Yes,1,8.0,68.81
TXN11225,BNPL5349,High Exposure User,2024-07-16,2024-07,Afterpay,"Fast Fashion (Shein, Temu, ASOS)",96.53,3,32.18,2024-08-27,No,0,0,96.53
TXN11226,BNPL5349,High Exposure User,2024-08-09,2024-08,Afterpay,Electronics and Tech,349.47,4,87.37,2024-10-04,No,0,0,349.47
TXN11227,BNPL5349,High Exposure User,2024-12-09,2024-12,Afterpay,Sporting Goods,141.61,4,35.4,2025-02-03,Yes,1,8.0,149.61
TXN11228,BNPL5350,Regular User,2024-03-22,2024-03,Afterpay,Beauty and Skincare,69.66,6,11.61,2024-06-14,No,0,0,69.66
TXN11229,BNPL5350,Regular User,2024-05-26,2024-05,Sezzle,"Fast Fashion (Shein, Temu, ASOS)",49.68,4,12.42,2024-07-21,No,0,0,49.68
TXN11230,BNPL5350,Regular User,2024-09-20,2024-09,Klarna,Footwear,146.73,4,36.68,2024-11-15,No,0,0,146.73
TXN11231,BNPL5350,Regular User,2024-11-30,2024-11,PayBright,Beauty and Skincare,68.81,4,17.2,2025-01-25,No,0,0,68.81
TXN11232,BNPL5350,Regular User,2024-04-26,2024-04,Klarna,"Fast Fashion (Shein, Temu, ASOS)",62.75,4,15.69,2024-06-21,No,0,0,62.75
TXN11233,BNPL5351,Regular User,2024-06-16,2024-06,Klarna,Beauty and Skincare,103.31,6,17.22,2024-09-08,No,0,0,103.31
TXN11234,BNPL5351,Regular User,2024-07-28,2024-07,Paidy,Beauty and Skincare,92.38,4,23.09,2024-09-22,No,0,0,92.38
TXN11235,BNPL5351,Regular User,2024-08-31,2024-08,Afterpay,Sporting Goods,123.95,4,30.99,2024-10-26,No,0,0,123.95
TXN11236,BNPL5351,Regular User,2024-11-22,2024-11,Paidy,Sporting Goods,179.46,3,59.82,2025-01-03,No,0,0,179.46
TXN11237,BNPL5352,Occasional User,2024-08-06,2024-08,Klarna,Electronics and Tech,267.8,4,66.95,2024-10-01,No,0,0,267.8
TXN11238,BNPL5353,Regular User,2024-05-20,2024-05,Klarna,"Fast Fashion (Shein, Temu, ASOS)",53.6,6,8.93,2024-08-12,No,0,0,53.6
TXN11239,BNPL5353,Regular User,2024-01-27,2024-01,PayBright,Beauty and Skincare,41.64,6,6.94,2024-04-20,No,0,0,41.64
TXN11240,BNPL5353,Regular User,2024-04-29,2024-04,Afterpay,Sporting Goods,223.61,4,55.9,2024-06-24,No,0,0,223.61
TXN11241,BNPL5353,Regular User,2024-12-15,2024-12,Afterpay,"Fast Fashion (Shein, Temu, ASOS)",48.8,3,16.27,2025-01-26,No,0,0,48.8
TXN11242,BNPL5353,Regular User,2024-07-21,2024-07,Afterpay,Beauty and Skincare,72.87,4,18.22,2024-09-15,No,0,0,72.87
TXN11243,BNPL5353,Regular User,2024-09-06,2024-09,PayBright,Home and Furniture,314.15,4,78.54,2024-11-01,No,0,0,314.15
TXN11244,BNPL5353,Regular User,2024-02-20,2024-02,Afterpay,"Fast Fashion (Shein, Temu, ASOS)",69.24,6,11.54,2024-05-14,Yes,1,8.0,77.24
TXN11245,BNPL5353,Regular User,2024-06-19,2024-06,Klarna,Home and Furniture,232.86,3,77.62,2024-07-31,No,0,0,232.86
TXN11246,BNPL5353,Regular User,2024-06-21,2024-06,Afterpay,Beauty and Skincare,90.48,4,22.62,2024-08-16,No,0,0,90.48
TXN11247,BNPL5353,Regular User,2024-04-27,2024-04,Sezzle,Home and Furniture,321.38,6,53.56,2024-07-20,Yes,1,8.0,329.38
TXN11248,BNPL5354,Occasional User,2024-07-29,2024-07,Sezzle,"Fast Fashion (Shein, Temu, ASOS)",58.08,4,14.52,2024-09-23,No,0,0,58.08
TXN11249,BNPL5354,Occasional User,2024-09-22,2024-09,Paidy,"Fast Fashion (Shein, Temu, ASOS)",42.83,4,10.71,2024-11-17,No,0,0,42.83
TXN11250,BNPL5354,Occasional User,2024-05-04,2024-05,PayBright,Sporting Goods,198.01,4,49.5,2024-06-29,No,0,0,198.01
TXN11251,BNPL5354,Occasional User,2024-10-29,2024-10,Afterpay,Home and Furniture,432.82,6,72.14,2025-01-21,No,0,0,432.82
TXN11252,BNPL5355,Occasional User,2024-04-11,2024-04,Afterpay,Electronics and Tech,324.05,6,54.01,2024-07-04,No,0,0,324.05
TXN11253,BNPL5355,Occasional User,2024-03-02,2024-03,Afterpay,Electronics and Tech,329.11,3,109.7,2024-04-13,No,0,0,329.11
TXN11254,BNPL5356,Occasional User,2024-09-24,2024-09,Afterpay,Footwear,111.39,3,37.13,2024-11-05,No,0,0,111.39
TXN11255,BNPL5356,Occasional User,2024-07-03,2024-07,Paidy,Footwear,112.38,4,28.09,2024-08-28,No,0,0,112.38
TXN11256,BNPL5356,Occasional User,2024-09-04,2024-09,Klarna,Sporting Goods,204.11,4,51.03,2024-10-30,No,0,0,204.11
TXN11257,BNPL5357,High Exposure User,2024-09-09,2024-09,Afterpay,"Fast Fashion (Shein, Temu, ASOS)",69.96,3,23.32,2024-10-21,No,0,0,69.96
TXN11258,BNPL5357,High Exposure User,2024-12-01,2024-12,Sezzle,Beauty and Skincare,72.8,6,12.13,2025-02-23,No,0,0,72.8
TXN11259,BNPL5357,High Exposure User,2024-12-22,2024-12,Sezzle,Beauty and Skincare,71.67,4,17.92,2025-02-16,Yes,1,8.0,79.67
TXN11260,BNPL5357,High Exposure User,2024-06-17,2024-06,Klarna,"Fast Fashion (Shein, Temu, ASOS)",76.29,4,19.07,2024-08-12,No,0,0,76.29
TXN11261,BNPL5357,High Exposure User,2024-12-10,2024-12,Afterpay,Home and Furniture,288.09,4,72.02,2025-02-04,Yes,1,8.0,296.09
TXN11262,BNPL5357,High Exposure User,2024-10-23,2024-10,Afterpay,Beauty and Skincare,119.3,3,39.77,2024-12-04,Yes,2,16.0,135.3
TXN11263,BNPL5357,High Exposure User,2024-07-28,2024-07,Klarna,"Fast Fashion (Shein, Temu, ASOS)",72.3,4,18.07,2024-09-22,No,0,0,72.3
TXN11264,BNPL5357,High Exposure User,2024-03-30,2024-03,Paidy,Footwear,134.12,6,22.35,2024-06-22,No,0,0,134.12
TXN11265,BNPL5357,High Exposure User,2024-05-27,2024-05,Klarna,Beauty and Skincare,97.17,3,32.39,2024-07-08,No,0,0,97.17
TXN11266,BNPL5357,High Exposure User,2024-02-23,2024-02,PayBright,Footwear,89.93,4,22.48,2024-04-19,Yes,1,8.0,97.93
TXN11267,BNPL5357,High Exposure User,2024-05-04,2024-05,Afterpay,Home and Furniture,442.18,3,147.39,2024-06-15,No,0,0,442.18
TXN11268,BNPL5357,High Exposure User,2024-10-31,2024-10,PayBright,Sporting Goods,255.95,4,63.99,2024-12-26,Yes,2,16.0,271.95
TXN11269,BNPL5357,High Exposure User,2024-05-27,2024-05,PayBright,"Fast Fashion (Shein, Temu, ASOS)",50.62,4,12.65,2024-07-22,No,0,0,50.62
TXN11270,BNPL5357,High Exposure User,2024-02-10,2024-02,Paidy,Sporting Goods,88.25,6,14.71,2024-05-04,Yes,2,16.0,104.25
TXN11271,BNPL5358,Occasional User,2024-03-31,2024-03,PayBright,Beauty and Skincare,31.11,3,10.37,2024-05-12,No,0,0,31.11
TXN11272,BNPL5358,Occasional User,2024-01-18,2024-01,Afterpay,"Fast Fashion (Shein, Temu, ASOS)",72.95,3,24.32,2024-02-29,No,0,0,72.95
TXN11273,BNPL5359,Occasional User,2024-04-14,2024-04,Afterpay,Home and Furniture,230.88,4,57.72,2024-06-09,No,0,0,230.88
TXN11274,BNPL5359,Occasional User,2024-03-23,2024-03,Klarna,Electronics and Tech,284.52,4,71.13,2024-05-18,No,0,0,284.52
TXN11275,BNPL5360,Regular User,2024-02-12,2024-02,Afterpay,"Fast Fashion (Shein, Temu, ASOS)",62.8,6,10.47,2024-05-06,No,0,0,62.8
TXN11276,BNPL5360,Regular User,2024-08-08,2024-08,Afterpay,Beauty and Skincare,77.05,4,19.26,2024-10-03,Yes,2,16.0,93.05
TXN11277,BNPL5360,Regular User,2024-09-13,2024-09,Afterpay,Sporting Goods,216.22,6,36.04,2024-12-06,No,0,0,216.22
TXN11278,BNPL5360,Regular User,2024-02-17,2024-02,Klarna,"Fast Fashion (Shein, Temu, ASOS)",36.63,4,9.16,2024-04-13,No,0,0,36.63
TXN11279,BNPL5360,Regular User,2024-05-04,2024-05,Afterpay,Electronics and Tech,236.42,4,59.1,2024-06-29,No,0,0,236.42
TXN11280,BNPL5360,Regular User,2024-03-06,2024-03,Klarna,"Fast Fashion (Shein, Temu, ASOS)",48.12,4,12.03,2024-05-01,No,0,0,48.12
TXN11281,BNPL5360,Regular User,2024-12-08,2024-12,Sezzle,Electronics and Tech,307.07,4,76.77,2025-02-02,No,0,0,307.07
TXN11282,BNPL5360,Regular User,2024-05-07,2024-05,Afterpay,Beauty and Skincare,25,3,8.33,2024-06-18,No,0,0,25
TXN11283,BNPL5360,Regular User,2024-10-06,2024-10,Afterpay,Sporting Goods,225.42,4,56.35,2024-12-01,No,0,0,225.42
TXN11284,BNPL5361,Occasional User,2024-09-14,2024-09,Klarna,"Fast Fashion (Shein, Temu, ASOS)",76.18,4,19.05,2024-11-09,No,0,0,76.18
TXN11285,BNPL5361,Occasional User,2024-04-24,2024-04,Klarna,Footwear,123.08,4,30.77,2024-06-19,No,0,0,123.08
TXN11286,BNPL5362,Regular User,2024-08-21,2024-08,Sezzle,"Fast Fashion (Shein, Temu, ASOS)",51.13,3,17.04,2024-10-02,No,0,0,51.13
TXN11287,BNPL5362,Regular User,2024-12-11,2024-12,Klarna,Beauty and Skincare,103.6,3,34.53,2025-01-22,No,0,0,103.6
TXN11288,BNPL5362,Regular User,2024-10-05,2024-10,Sezzle,Footwear,152.99,6,25.5,2024-12-28,No,0,0,152.99
TXN11289,BNPL5362,Regular User,2024-04-23,2024-04,Afterpay,"Fast Fashion (Shein, Temu, ASOS)",51.86,4,12.96,2024-06-18,No,0,0,51.86
TXN11290,BNPL5362,Regular User,2024-04-12,2024-04,Sezzle,Home and Furniture,441.43,4,110.36,2024-06-07,No,0,0,441.43
TXN11291,BNPL5362,Regular User,2024-02-08,2024-02,Paidy,Beauty and Skincare,89.07,4,22.27,2024-04-04,No,0,0,89.07
TXN11292,BNPL5363,Occasional User,2024-04-27,2024-04,Afterpay,Beauty and Skincare,73.68,6,12.28,2024-07-20,No,0,0,73.68
TXN11293,BNPL5363,Occasional User,2024-10-17,2024-10,Afterpay,Sporting Goods,248.68,4,62.17,2024-12-12,No,0,0,248.68
TXN11294,BNPL5363,Occasional User,2024-11-11,2024-11,Klarna,"Fast Fashion (Shein, Temu, ASOS)",78.06,4,19.52,2025-01-06,No,0,0,78.06
TXN11295,BNPL5364,Occasional User,2024-10-11,2024-10,Afterpay,Home and Furniture,217.16,6,36.19,2025-01-03,No,0,0,217.16
TXN11296,BNPL5365,Occasional User,2024-08-25,2024-08,Afterpay,"Fast Fashion (Shein, Temu, ASOS)",42.31,4,10.58,2024-10-20,No,0,0,42.31
TXN11297,BNPL5365,Occasional User,2024-06-29,2024-06,PayBright,Footwear,143.55,4,35.89,2024-08-24,No,0,0,143.55
TXN11298,BNPL5366,High Exposure User,2024-09-01,2024-09,Afterpay,Electronics and Tech,303.16,6,50.53,2024-11-24,No,0,0,303.16
TXN11299,BNPL5366,High Exposure User,2024-11-18,2024-11,Afterpay,Sporting Goods,244.75,4,61.19,2025-01-13,No,0,0,244.75
TXN11300,BNPL5366,High Exposure User,2024-01-31,2024-01,Klarna,Beauty and Skincare,108.27,4,27.07,2024-03-27,No,0,0,108.27
TXN11301,BNPL5366,High Exposure User,2024-05-30,2024-05,Klarna,Sporting Goods,175.45,3,58.48,2024-07-11,No,0,0,175.45
TXN11302,BNPL5366,High Exposure User,2024-03-19,2024-03,Afterpay,Footwear,130.01,6,21.67,2024-06-11,No,0,0,130.01
TXN11303,BNPL5366,High Exposure User,2024-06-03,2024-06,PayBright,Sporting Goods,265.62,6,44.27,2024-08-26,No,0,0,265.62
TXN11304,BNPL5366,High Exposure User,2024-02-28,2024-02,Klarna,Sporting Goods,180.85,4,45.21,2024-04-24,No,0,0,180.85
TXN11305,BNPL5366,High Exposure User,2024-08-10,2024-08,PayBright,Beauty and Skincare,106.82,6,17.8,2024-11-02,No,0,0,106.82
TXN11306,BNPL5366,High Exposure User,2024-02-12,2024-02,Afterpay,Electronics and Tech,205.28,4,51.32,2024-04-08,No,0,0,205.28
TXN11307,BNPL5366,High Exposure User,2024-08-06,2024-08,Afterpay,Sporting Goods,210.91,4,52.73,2024-10-01,No,0,0,210.91
TXN11308,BNPL5366,High Exposure User,2024-05-20,2024-05,Klarna,"Fast Fashion (Shein, Temu, ASOS)",76.12,3,25.37,2024-07-01,No,0,0,76.12
TXN11309,BNPL5366,High Exposure User,2024-04-18,2024-04,Afterpay,Footwear,110.51,4,27.63,2024-06-13,No,0,0,110.51
TXN11310,BNPL5366,High Exposure User,2024-04-19,2024-04,Klarna,Footwear,143.27,4,35.82,2024-06-14,No,0,0,143.27
TXN11311,BNPL5366,High Exposure User,2024-12-25,2024-12,Sezzle,"Fast Fashion (Shein, Temu, ASOS)",51.27,4,12.82,2025-02-19,No,0,0,51.27
TXN11312,BNPL5366,High Exposure User,2024-10-08,2024-10,Klarna,Beauty and Skincare,57.21,4,14.3,2024-12-03,No,0,0,57.21
TXN11313,BNPL5367,Occasional User,2024-07-26,2024-07,Klarna,Sporting Goods,176.11,3,58.7,2024-09-06,No,0,0,176.11
TXN11314,BNPL5368,High Exposure User,2024-06-15,2024-06,Klarna,"Fast Fashion (Shein, Temu, ASOS)",69.49,4,17.37,2024-08-10,No,0,0,69.49
TXN11315,BNPL5368,High Exposure User,2024-09-10,2024-09,Afterpay,Home and Furniture,298.48,3,99.49,2024-10-22,No,0,0,298.48
TXN11316,BNPL5368,High Exposure User,2024-01-12,2024-01,Sezzle,Footwear,78.54,4,19.64,2024-03-08,No,0,0,78.54
TXN11317,BNPL5368,High Exposure User,2024-03-19,2024-03,Afterpay,Home and Furniture,347.04,4,86.76,2024-05-14,No,0,0,347.04
TXN11318,BNPL5368,High Exposure User,2024-08-12,2024-08,Afterpay,Footwear,133.02,4,33.26,2024-10-07,No,0,0,133.02
TXN11319,BNPL5368,High Exposure User,2024-07-03,2024-07,Afterpay,Beauty and Skincare,72.17,4,18.04,2024-08-28,No,0,0,72.17
TXN11320,BNPL5368,High Exposure User,2024-06-27,2024-06,Sezzle,"Fast Fashion (Shein, Temu, ASOS)",34.88,3,11.63,2024-08-08,No,0,0,34.88
TXN11321,BNPL5368,High Exposure User,2024-11-10,2024-11,Afterpay,Sporting Goods,209.23,6,34.87,2025-02-02,No,0,0,209.23
TXN11322,BNPL5368,High Exposure User,2024-10-01,2024-10,Afterpay,"Fast Fashion (Shein, Temu, ASOS)",44.99,4,11.25,2024-11-26,Yes,1,8.0,52.99
TXN11323,BNPL5368,High Exposure User,2024-09-27,2024-09,Afterpay,Home and Furniture,385.19,6,64.2,2024-12-20,Yes,2,16.0,401.19
TXN11324,BNPL5368,High Exposure User,2024-09-19,2024-09,Afterpay,Beauty and Skincare,63.13,4,15.78,2024-11-14,No,0,0,63.13
TXN11325,BNPL5368,High Exposure User,2024-03-30,2024-03,Afterpay,Sporting Goods,306.52,3,102.17,2024-05-11,No,0,0,306.52
TXN11326,BNPL5368,High Exposure User,2024-02-05,2024-02,Afterpay,"Fast Fashion (Shein, Temu, ASOS)",64.6,4,16.15,2024-04-01,No,0,0,64.6
TXN11327,BNPL5369,Occasional User,2024-08-09,2024-08,Sezzle,Electronics and Tech,312.25,3,104.08,2024-09-20,Yes,2,16.0,328.25
TXN11328,BNPL5370,Regular User,2024-07-30,2024-07,PayBright,Home and Furniture,340.84,3,113.61,2024-09-10,Yes,1,8.0,348.84
TXN11329,BNPL5370,Regular User,2024-07-08,2024-07,Sezzle,Footwear,137.64,3,45.88,2024-08-19,No,0,0,137.64
TXN11330,BNPL5370,Regular User,2024-06-05,2024-06,Klarna,"Fast Fashion (Shein, Temu, ASOS)",61.5,6,10.25,2024-08-28,No,0,0,61.5
TXN11331,BNPL5370,Regular User,2024-02-21,2024-02,Klarna,"Fast Fashion (Shein, Temu, ASOS)",40.05,4,10.01,2024-04-17,No,0,0,40.05
TXN11332,BNPL5370,Regular User,2024-08-03,2024-08,Sezzle,Footwear,128.75,4,32.19,2024-09-28,No,0,0,128.75
TXN11333,BNPL5370,Regular User,2024-05-04,2024-05,Sezzle,Home and Furniture,376.6,3,125.53,2024-06-15,No,0,0,376.6
TXN11334,BNPL5370,Regular User,2024-07-01,2024-07,Afterpay,"Fast Fashion (Shein, Temu, ASOS)",61.71,4,15.43,2024-08-26,No,0,0,61.71
TXN11335,BNPL5371,Regular User,2024-04-30,2024-04,Afterpay,Footwear,104.49,6,17.41,2024-07-23,No,0,0,104.49
TXN11336,BNPL5371,Regular User,2024-01-28,2024-01,Klarna,Home and Furniture,419.18,4,104.8,2024-03-24,No,0,0,419.18
TXN11337,BNPL5371,Regular User,2024-06-26,2024-06,Afterpay,Footwear,183.68,4,45.92,2024-08-21,Yes,1,8.0,191.68
TXN11338,BNPL5371,Regular User,2024-01-04,2024-01,Paidy,Footwear,140.95,6,23.49,2024-03-28,No,0,0,140.95
TXN11339,BNPL5371,Regular User,2024-10-28,2024-10,Sezzle,Footwear,150.72,6,25.12,2025-01-20,No,0,0,150.72
TXN11340,BNPL5371,Regular User,2024-01-19,2024-01,Klarna,Electronics and Tech,230.38,4,57.59,2024-03-15,No,0,0,230.38
TXN11341,BNPL5372,Regular User,2024-11-04,2024-11,Afterpay,Sporting Goods,116.17,4,29.04,2024-12-30,No,0,0,116.17
TXN11342,BNPL5372,Regular User,2024-05-17,2024-05,Afterpay,"Fast Fashion (Shein, Temu, ASOS)",72.5,4,18.12,2024-07-12,No,0,0,72.5
TXN11343,BNPL5372,Regular User,2024-10-21,2024-10,PayBright,Footwear,76.85,4,19.21,2024-12-16,No,0,0,76.85
TXN11344,BNPL5373,Occasional User,2024-10-29,2024-10,Afterpay,Electronics and Tech,271.53,3,90.51,2024-12-10,No,0,0,271.53
TXN11345,BNPL5373,Occasional User,2024-10-22,2024-10,Afterpay,Footwear,189.31,4,47.33,2024-12-17,No,0,0,189.31
TXN11346,BNPL5374,Regular User,2024-09-07,2024-09,PayBright,Footwear,144.33,6,24.06,2024-11-30,No,0,0,144.33
TXN11347,BNPL5374,Regular User,2024-10-19,2024-10,PayBright,"Fast Fashion (Shein, Temu, ASOS)",72.72,4,18.18,2024-12-14,No,0,0,72.72
TXN11348,BNPL5374,Regular User,2024-09-13,2024-09,PayBright,Beauty and Skincare,68.76,6,11.46,2024-12-06,No,0,0,68.76
TXN11349,BNPL5374,Regular User,2024-10-14,2024-10,Afterpay,Beauty and Skincare,54.07,4,13.52,2024-12-09,No,0,0,54.07
TXN11350,BNPL5374,Regular User,2024-12-30,2024-12,Sezzle,Electronics and Tech,407.86,6,67.98,2025-03-24,No,0,0,407.86
TXN11351,BNPL5375,Regular User,2024-11-14,2024-11,Sezzle,Electronics and Tech,292.05,4,73.01,2025-01-09,Yes,1,8.0,300.05
TXN11352,BNPL5375,Regular User,2024-10-21,2024-10,Afterpay,Beauty and Skincare,58.3,4,14.57,2024-12-16,No,0,0,58.3
TXN11353,BNPL5375,Regular User,2024-11-25,2024-11,Afterpay,"Fast Fashion (Shein, Temu, ASOS)",51.21,6,8.54,2025-02-17,No,0,0,51.21
TXN11354,BNPL5375,Regular User,2024-05-13,2024-05,PayBright,"Fast Fashion (Shein, Temu, ASOS)",44.92,4,11.23,2024-07-08,No,0,0,44.92
TXN11355,BNPL5375,Regular User,2024-08-01,2024-08,Afterpay,"Fast Fashion (Shein, Temu, ASOS)",44.46,6,7.41,2024-10-24,No,0,0,44.46
TXN11356,BNPL5375,Regular User,2024-08-12,2024-08,Afterpay,"Fast Fashion (Shein, Temu, ASOS)",55.7,4,13.93,2024-10-07,No,0,0,55.7
TXN11357,BNPL5376,Regular User,2024-10-10,2024-10,Afterpay,"Fast Fashion (Shein, Temu, ASOS)",37.71,4,9.43,2024-12-05,No,0,0,37.71
TXN11358,BNPL5376,Regular User,2024-01-18,2024-01,PayBright,Beauty and Skincare,39.54,3,13.18,2024-02-29,No,0,0,39.54
TXN11359,BNPL5376,Regular User,2024-02-12,2024-02,Paidy,Electronics and Tech,260.32,4,65.08,2024-04-08,No,0,0,260.32
TXN11360,BNPL5376,Regular User,2024-01-22,2024-01,Afterpay,Electronics and Tech,283.4,4,70.85,2024-03-18,No,0,0,283.4
TXN11361,BNPL5376,Regular User,2024-12-28,2024-12,Sezzle,Home and Furniture,399.1,4,99.78,2025-02-22,No,0,0,399.1
TXN11362,BNPL5377,Occasional User,2024-07-05,2024-07,Sezzle,Sporting Goods,202.09,6,33.68,2024-09-27,No,0,0,202.09
TXN11363,BNPL5377,Occasional User,2024-12-12,2024-12,PayBright,"Fast Fashion (Shein, Temu, ASOS)",57.15,4,14.29,2025-02-06,No,0,0,57.15
TXN11364,BNPL5378,High Exposure User,2024-03-05,2024-03,Afterpay,Home and Furniture,314.28,6,52.38,2024-05-28,No,0,0,314.28
TXN11365,BNPL5378,High Exposure User,2024-07-01,2024-07,Sezzle,Footwear,129.64,6,21.61,2024-09-23,No,0,0,129.64
TXN11366,BNPL5378,High Exposure User,2024-01-15,2024-01,PayBright,Beauty and Skincare,67.42,4,16.86,2024-03-11,No,0,0,67.42
TXN11367,BNPL5378,High Exposure User,2024-11-26,2024-11,Afterpay,Beauty and Skincare,81.28,4,20.32,2025-01-21,No,0,0,81.28
TXN11368,BNPL5378,High Exposure User,2024-08-17,2024-08,Paidy,Beauty and Skincare,60.5,3,20.17,2024-09-28,No,0,0,60.5
TXN11369,BNPL5378,High Exposure User,2024-07-08,2024-07,Klarna,"Fast Fashion (Shein, Temu, ASOS)",37.43,6,6.24,2024-09-30,No,0,0,37.43
TXN11370,BNPL5378,High Exposure User,2024-02-10,2024-02,Afterpay,"Fast Fashion (Shein, Temu, ASOS)",65.02,4,16.25,2024-04-06,No,0,0,65.02
TXN11371,BNPL5378,High Exposure User,2024-05-23,2024-05,Sezzle,Home and Furniture,333.01,6,55.5,2024-08-15,Yes,1,8.0,341.01
TXN11372,BNPL5378,High Exposure User,2024-04-29,2024-04,Afterpay,Home and Furniture,299.12,3,99.71,2024-06-10,No,0,0,299.12
TXN11373,BNPL5378,High Exposure User,2024-10-30,2024-10,Klarna,"Fast Fashion (Shein, Temu, ASOS)",67.94,4,16.98,2024-12-25,No,0,0,67.94
TXN11374,BNPL5378,High Exposure User,2024-06-26,2024-06,Afterpay,"Fast Fashion (Shein, Temu, ASOS)",66.32,3,22.11,2024-08-07,No,0,0,66.32
TXN11375,BNPL5378,High Exposure User,2024-04-18,2024-04,Afterpay,"Fast Fashion (Shein, Temu, ASOS)",67.14,6,11.19,2024-07-11,No,0,0,67.14
TXN11376,BNPL5378,High Exposure User,2024-10-19,2024-10,Klarna,Electronics and Tech,348.11,3,116.04,2024-11-30,Yes,1,8.0,356.11
TXN11377,BNPL5378,High Exposure User,2024-01-18,2024-01,Klarna,Footwear,105.4,4,26.35,2024-03-14,No,0,0,105.4
TXN11378,BNPL5378,High Exposure User,2024-12-06,2024-12,Klarna,"Fast Fashion (Shein, Temu, ASOS)",49.41,3,16.47,2025-01-17,No,0,0,49.41
TXN11379,BNPL5378,High Exposure User,2024-08-01,2024-08,Klarna,"Fast Fashion (Shein, Temu, ASOS)",73.94,4,18.48,2024-09-26,No,0,0,73.94
TXN11380,BNPL5378,High Exposure User,2024-07-12,2024-07,Sezzle,Home and Furniture,435.22,4,108.81,2024-09-06,No,0,0,435.22
TXN11381,BNPL5378,High Exposure User,2024-11-07,2024-11,Klarna,"Fast Fashion (Shein, Temu, ASOS)",72.95,3,24.32,2024-12-19,No,0,0,72.95
TXN11382,BNPL5378,High Exposure User,2024-08-26,2024-08,PayBright,Footwear,92.73,3,30.91,2024-10-07,No,0,0,92.73
TXN11383,BNPL5378,High Exposure User,2024-12-13,2024-12,Afterpay,"Fast Fashion (Shein, Temu, ASOS)",31.85,4,7.96,2025-02-07,Yes,2,16.0,47.85
TXN11384,BNPL5379,High Exposure User,2024-07-13,2024-07,PayBright,Home and Furniture,332.7,4,83.17,2024-09-07,No,0,0,332.7
TXN11385,BNPL5379,High Exposure User,2024-04-16,2024-04,Klarna,"Fast Fashion (Shein, Temu, ASOS)",45.21,4,11.3,2024-06-11,No,0,0,45.21
TXN11386,BNPL5379,High Exposure User,2024-09-22,2024-09,Klarna,"Fast Fashion (Shein, Temu, ASOS)",50.18,6,8.36,2024-12-15,No,0,0,50.18
TXN11387,BNPL5379,High Exposure User,2024-03-17,2024-03,Klarna,Beauty and Skincare,99.26,4,24.82,2024-05-12,No,0,0,99.26
TXN11388,BNPL5379,High Exposure User,2024-04-25,2024-04,Afterpay,Beauty and Skincare,71.79,3,23.93,2024-06-06,No,0,0,71.79
TXN11389,BNPL5379,High Exposure User,2024-11-23,2024-11,Afterpay,"Fast Fashion (Shein, Temu, ASOS)",79.77,4,19.94,2025-01-18,Yes,2,16.0,95.77
TXN11390,BNPL5379,High Exposure User,2024-05-12,2024-05,Klarna,Beauty and Skincare,105.48,4,26.37,2024-07-07,No,0,0,105.48
TXN11391,BNPL5379,High Exposure User,2024-06-21,2024-06,Sezzle,Electronics and Tech,266.3,3,88.77,2024-08-02,Yes,2,16.0,282.3
TXN11392,BNPL5379,High Exposure User,2024-06-03,2024-06,Paidy,"Fast Fashion (Shein, Temu, ASOS)",46.87,4,11.72,2024-07-29,No,0,0,46.87
TXN11393,BNPL5379,High Exposure User,2024-12-04,2024-12,Afterpay,Electronics and Tech,237.73,6,39.62,2025-02-26,No,0,0,237.73
TXN11394,BNPL5379,High Exposure User,2024-03-09,2024-03,Klarna,Footwear,184.36,6,30.73,2024-06-01,No,0,0,184.36
TXN11395,BNPL5379,High Exposure User,2024-04-24,2024-04,Klarna,"Fast Fashion (Shein, Temu, ASOS)",64.11,4,16.03,2024-06-19,No,0,0,64.11
TXN11396,BNPL5379,High Exposure User,2024-05-22,2024-05,Sezzle,"Fast Fashion (Shein, Temu, ASOS)",57.41,4,14.35,2024-07-17,Yes,1,8.0,65.41
TXN11397,BNPL5380,Regular User,2024-05-15,2024-05,Klarna,"Fast Fashion (Shein, Temu, ASOS)",78.64,3,26.21,2024-06-26,No,0,0,78.64
TXN11398,BNPL5380,Regular User,2024-12-23,2024-12,Afterpay,Electronics and Tech,348.64,6,58.11,2025-03-17,No,0,0,348.64
TXN11399,BNPL5380,Regular User,2024-03-18,2024-03,Afterpay,Home and Furniture,253.31,4,63.33,2024-05-13,Yes,1,8.0,261.31
TXN11400,BNPL5380,Regular User,2024-07-07,2024-07,Klarna,Beauty and Skincare,51.54,4,12.88,2024-09-01,No,0,0,51.54
TXN11401,BNPL5380,Regular User,2024-04-12,2024-04,Afterpay,"Fast Fashion (Shein, Temu, ASOS)",89.2,4,22.3,2024-06-07,No,0,0,89.2
TXN11402,BNPL5380,Regular User,2024-10-19,2024-10,PayBright,Electronics and Tech,191.74,6,31.96,2025-01-11,No,0,0,191.74
TXN11403,BNPL5380,Regular User,2024-12-26,2024-12,Sezzle,Electronics and Tech,270.85,6,45.14,2025-03-20,No,0,0,270.85
TXN11404,BNPL5381,Regular User,2024-12-20,2024-12,Sezzle,Beauty and Skincare,88.39,4,22.1,2025-02-14,No,0,0,88.39
TXN11405,BNPL5381,Regular User,2024-09-11,2024-09,Sezzle,"Fast Fashion (Shein, Temu, ASOS)",52.65,4,13.16,2024-11-06,Yes,1,8.0,60.65
TXN11406,BNPL5381,Regular User,2024-10-25,2024-10,Sezzle,Beauty and Skincare,90.0,4,22.5,2024-12-20,No,0,0,90.0
TXN11407,BNPL5381,Regular User,2024-11-03,2024-11,Afterpay,Beauty and Skincare,100.89,6,16.82,2025-01-26,No,0,0,100.89
TXN11408,BNPL5382,Occasional User,2024-09-09,2024-09,Afterpay,Footwear,124.69,4,31.17,2024-11-04,No,0,0,124.69
TXN11409,BNPL5382,Occasional User,2024-02-16,2024-02,Klarna,Sporting Goods,223.01,4,55.75,2024-04-12,No,0,0,223.01
TXN11410,BNPL5383,High Exposure User,2024-05-02,2024-05,Afterpay,Home and Furniture,273.42,3,91.14,2024-06-13,Yes,1,8.0,281.42
TXN11411,BNPL5383,High Exposure User,2024-10-22,2024-10,Klarna,Electronics and Tech,338.05,4,84.51,2024-12-17,No,0,0,338.05
TXN11412,BNPL5383,High Exposure User,2024-09-12,2024-09,Klarna,"Fast Fashion (Shein, Temu, ASOS)",77.22,6,12.87,2024-12-05,Yes,2,16.0,93.22
TXN11413,BNPL5383,High Exposure User,2024-04-10,2024-04,Paidy,"Fast Fashion (Shein, Temu, ASOS)",59.39,6,9.9,2024-07-03,No,0,0,59.39
TXN11414,BNPL5383,High Exposure User,2024-09-24,2024-09,Klarna,"Fast Fashion (Shein, Temu, ASOS)",70.5,6,11.75,2024-12-17,No,0,0,70.5
TXN11415,BNPL5383,High Exposure User,2024-11-29,2024-11,PayBright,Electronics and Tech,286.94,4,71.73,2025-01-24,Yes,2,16.0,302.94
TXN11416,BNPL5383,High Exposure User,2024-08-24,2024-08,Sezzle,"Fast Fashion (Shein, Temu, ASOS)",59.2,4,14.8,2024-10-19,No,0,0,59.2
TXN11417,BNPL5383,High Exposure User,2024-11-23,2024-11,Paidy,Beauty and Skincare,66.88,6,11.15,2025-02-15,Yes,1,8.0,74.88
TXN11418,BNPL5384,Occasional User,2024-06-10,2024-06,Klarna,"Fast Fashion (Shein, Temu, ASOS)",58.92,4,14.73,2024-08-05,No,0,0,58.92
TXN11419,BNPL5385,Regular User,2024-11-16,2024-11,Klarna,Footwear,61.34,4,15.34,2025-01-11,No,0,0,61.34
TXN11420,BNPL5385,Regular User,2024-08-12,2024-08,Klarna,Electronics and Tech,283.8,3,94.6,2024-09-23,No,0,0,283.8
TXN11421,BNPL5385,Regular User,2024-07-21,2024-07,Afterpay,Footwear,112.66,4,28.16,2024-09-15,No,0,0,112.66
TXN11422,BNPL5385,Regular User,2024-03-03,2024-03,Paidy,Footwear,134.65,4,33.66,2024-04-28,No,0,0,134.65
TXN11423,BNPL5385,Regular User,2024-03-20,2024-03,Afterpay,Sporting Goods,172.97,4,43.24,2024-05-15,Yes,2,16.0,188.97
TXN11424,BNPL5385,Regular User,2024-09-06,2024-09,Paidy,"Fast Fashion (Shein, Temu, ASOS)",49.73,4,12.43,2024-11-01,No,0,0,49.73
TXN11425,BNPL5385,Regular User,2024-02-26,2024-02,Klarna,Sporting Goods,204.04,4,51.01,2024-04-22,No,0,0,204.04
TXN11426,BNPL5385,Regular User,2024-02-04,2024-02,Afterpay,Sporting Goods,169.26,4,42.31,2024-03-31,No,0,0,169.26
TXN11427,BNPL5386,Occasional User,2024-09-17,2024-09,Klarna,Footwear,110.18,6,18.36,2024-12-10,No,0,0,110.18
TXN11428,BNPL5387,Occasional User,2024-08-16,2024-08,Sezzle,"Fast Fashion (Shein, Temu, ASOS)",58.43,4,14.61,2024-10-11,No,0,0,58.43
TXN11429,BNPL5387,Occasional User,2024-11-16,2024-11,Sezzle,Home and Furniture,332.04,6,55.34,2025-02-08,No,0,0,332.04
TXN11430,BNPL5388,Regular User,2024-08-06,2024-08,Klarna,Footwear,85.89,3,28.63,2024-09-17,No,0,0,85.89
TXN11431,BNPL5388,Regular User,2024-11-05,2024-11,Paidy,Sporting Goods,181.75,4,45.44,2024-12-31,No,0,0,181.75
TXN11432,BNPL5388,Regular User,2024-12-09,2024-12,Afterpay,"Fast Fashion (Shein, Temu, ASOS)",40.15,4,10.04,2025-02-03,No,0,0,40.15
TXN11433,BNPL5388,Regular User,2024-01-26,2024-01,Sezzle,Beauty and Skincare,86.78,6,14.46,2024-04-19,No,0,0,86.78
TXN11434,BNPL5388,Regular User,2024-01-26,2024-01,Sezzle,Footwear,100.62,4,25.16,2024-03-22,No,0,0,100.62
TXN11435,BNPL5388,Regular User,2024-09-03,2024-09,Klarna,Sporting Goods,225.98,4,56.49,2024-10-29,No,0,0,225.98
TXN11436,BNPL5388,Regular User,2024-02-14,2024-02,Afterpay,Home and Furniture,396.77,3,132.26,2024-03-27,No,0,0,396.77
TXN11437,BNPL5388,Regular User,2024-12-24,2024-12,PayBright,"Fast Fashion (Shein, Temu, ASOS)",67.5,4,16.88,2025-02-18,No,0,0,67.5
TXN11438,BNPL5388,Regular User,2024-05-08,2024-05,Afterpay,Footwear,186.84,6,31.14,2024-07-31,No,0,0,186.84
TXN11439,BNPL5388,Regular User,2024-12-11,2024-12,Afterpay,"Fast Fashion (Shein, Temu, ASOS)",94.51,4,23.63,2025-02-05,No,0,0,94.51
TXN11440,BNPL5389,Regular User,2024-10-10,2024-10,Afterpay,Beauty and Skincare,77.5,4,19.38,2024-12-05,No,0,0,77.5
TXN11441,BNPL5389,Regular User,2024-07-07,2024-07,Klarna,Beauty and Skincare,136.12,6,22.69,2024-09-29,No,0,0,136.12
TXN11442,BNPL5389,Regular User,2024-07-10,2024-07,Sezzle,Beauty and Skincare,61.7,4,15.43,2024-09-04,No,0,0,61.7
TXN11443,BNPL5389,Regular User,2024-09-05,2024-09,Afterpay,"Fast Fashion (Shein, Temu, ASOS)",67.9,3,22.63,2024-10-17,Yes,2,16.0,83.9
TXN11444,BNPL5389,Regular User,2024-11-14,2024-11,Afterpay,"Fast Fashion (Shein, Temu, ASOS)",47.83,4,11.96,2025-01-09,Yes,1,8.0,55.83
TXN11445,BNPL5389,Regular User,2024-09-20,2024-09,Afterpay,Electronics and Tech,249.18,4,62.3,2024-11-15,No,0,0,249.18
TXN11446,BNPL5390,High Exposure User,2024-10-19,2024-10,Klarna,Home and Furniture,121.32,4,30.33,2024-12-14,No,0,0,121.32
TXN11447,BNPL5390,High Exposure User,2024-06-03,2024-06,Klarna,"Fast Fashion (Shein, Temu, ASOS)",82.67,4,20.67,2024-07-29,No,0,0,82.67
TXN11448,BNPL5390,High Exposure User,2024-04-21,2024-04,Sezzle,"Fast Fashion (Shein, Temu, ASOS)",61.41,4,15.35,2024-06-16,No,0,0,61.41
TXN11449,BNPL5390,High Exposure User,2024-09-23,2024-09,Afterpay,Footwear,169.69,4,42.42,2024-11-18,No,0,0,169.69
TXN11450,BNPL5390,High Exposure User,2024-08-27,2024-08,PayBright,Sporting Goods,246.88,6,41.15,2024-11-19,Yes,1,8.0,254.88
TXN11451,BNPL5390,High Exposure User,2024-06-19,2024-06,Afterpay,Footwear,125.59,6,20.93,2024-09-11,No,0,0,125.59
TXN11452,BNPL5390,High Exposure User,2024-07-19,2024-07,Afterpay,Beauty and Skincare,63.51,4,15.88,2024-09-13,No,0,0,63.51
TXN11453,BNPL5390,High Exposure User,2024-06-16,2024-06,Sezzle,"Fast Fashion (Shein, Temu, ASOS)",58.39,4,14.6,2024-08-11,No,0,0,58.39
TXN11454,BNPL5390,High Exposure User,2024-06-17,2024-06,Klarna,"Fast Fashion (Shein, Temu, ASOS)",52.27,4,13.07,2024-08-12,Yes,1,8.0,60.27
TXN11455,BNPL5390,High Exposure User,2024-09-19,2024-09,Klarna,"Fast Fashion (Shein, Temu, ASOS)",44.98,3,14.99,2024-10-31,No,0,0,44.98
TXN11456,BNPL5390,High Exposure User,2024-01-21,2024-01,Sezzle,Footwear,157.47,6,26.25,2024-04-14,Yes,2,16.0,173.47
TXN11457,BNPL5390,High Exposure User,2024-11-20,2024-11,Afterpay,Sporting Goods,303.8,4,75.95,2025-01-15,Yes,2,16.0,319.8
TXN11458,BNPL5390,High Exposure User,2024-09-04,2024-09,PayBright,Beauty and Skincare,78.52,4,19.63,2024-10-30,No,0,0,78.52
TXN11459,BNPL5390,High Exposure User,2024-05-26,2024-05,Afterpay,Footwear,131.47,6,21.91,2024-08-18,Yes,2,16.0,147.47
TXN11460,BNPL5390,High Exposure User,2024-10-07,2024-10,Sezzle,"Fast Fashion (Shein, Temu, ASOS)",44.33,4,11.08,2024-12-02,No,0,0,44.33
TXN11461,BNPL5391,High Exposure User,2024-09-28,2024-09,Sezzle,"Fast Fashion (Shein, Temu, ASOS)",74.08,4,18.52,2024-11-23,No,0,0,74.08
TXN11462,BNPL5391,High Exposure User,2024-01-03,2024-01,Klarna,"Fast Fashion (Shein, Temu, ASOS)",46.81,4,11.7,2024-02-28,No,0,0,46.81
TXN11463,BNPL5391,High Exposure User,2024-01-02,2024-01,Klarna,Footwear,106.03,4,26.51,2024-02-27,No,0,0,106.03
TXN11464,BNPL5391,High Exposure User,2024-04-13,2024-04,Afterpay,Beauty and Skincare,74.6,4,18.65,2024-06-08,Yes,2,16.0,90.6
TXN11465,BNPL5391,High Exposure User,2024-07-29,2024-07,Sezzle,Sporting Goods,213.64,4,53.41,2024-09-23,No,0,0,213.64
TXN11466,BNPL5391,High Exposure User,2024-07-15,2024-07,Klarna,"Fast Fashion (Shein, Temu, ASOS)",49.41,4,12.35,2024-09-09,No,0,0,49.41
TXN11467,BNPL5391,High Exposure User,2024-01-04,2024-01,Klarna,"Fast Fashion (Shein, Temu, ASOS)",50.87,4,12.72,2024-02-29,No,0,0,50.87
TXN11468,BNPL5391,High Exposure User,2024-08-02,2024-08,Paidy,Sporting Goods,217.07,4,54.27,2024-09-27,Yes,1,8.0,225.07
TXN11469,BNPL5392,Occasional User,2024-10-26,2024-10,Sezzle,Footwear,98.91,4,24.73,2024-12-21,No,0,0,98.91
TXN11470,BNPL5393,Regular User,2024-05-05,2024-05,Afterpay,Sporting Goods,170.04,6,28.34,2024-07-28,No,0,0,170.04
TXN11471,BNPL5393,Regular User,2024-05-16,2024-05,PayBright,"Fast Fashion (Shein, Temu, ASOS)",51.6,4,12.9,2024-07-11,No,0,0,51.6
TXN11472,BNPL5393,Regular User,2024-03-11,2024-03,Sezzle,Beauty and Skincare,44.93,6,7.49,2024-06-03,Yes,2,16.0,60.93
TXN11473,BNPL5393,Regular User,2024-08-03,2024-08,Sezzle,Beauty and Skincare,91.81,4,22.95,2024-09-28,No,0,0,91.81
TXN11474,BNPL5393,Regular User,2024-09-28,2024-09,Sezzle,"Fast Fashion (Shein, Temu, ASOS)",40.58,4,10.14,2024-11-23,No,0,0,40.58
TXN11475,BNPL5393,Regular User,2024-10-09,2024-10,Klarna,Electronics and Tech,285.2,3,95.07,2024-11-20,No,0,0,285.2
TXN11476,BNPL5393,Regular User,2024-02-13,2024-02,Afterpay,"Fast Fashion (Shein, Temu, ASOS)",82.43,3,27.48,2024-03-26,No,0,0,82.43
TXN11477,BNPL5393,Regular User,2024-02-21,2024-02,Afterpay,Beauty and Skincare,65.96,6,10.99,2024-05-15,No,0,0,65.96
TXN11478,BNPL5394,High Exposure User,2024-06-14,2024-06,Afterpay,"Fast Fashion (Shein, Temu, ASOS)",54.7,6,9.12,2024-09-06,No,0,0,54.7
TXN11479,BNPL5394,High Exposure User,2024-02-23,2024-02,Klarna,"Fast Fashion (Shein, Temu, ASOS)",28.8,4,7.2,2024-04-19,Yes,1,8.0,36.8
TXN11480,BNPL5394,High Exposure User,2024-07-18,2024-07,Sezzle,Sporting Goods,184.37,4,46.09,2024-09-12,No,0,0,184.37
TXN11481,BNPL5394,High Exposure User,2024-06-24,2024-06,Klarna,Home and Furniture,344.19,4,86.05,2024-08-19,No,0,0,344.19
TXN11482,BNPL5394,High Exposure User,2024-08-08,2024-08,Sezzle,Home and Furniture,464.77,6,77.46,2024-10-31,No,0,0,464.77
TXN11483,BNPL5394,High Exposure User,2024-10-30,2024-10,PayBright,"Fast Fashion (Shein, Temu, ASOS)",63.53,4,15.88,2024-12-25,Yes,2,16.0,79.53
TXN11484,BNPL5394,High Exposure User,2024-01-17,2024-01,Paidy,"Fast Fashion (Shein, Temu, ASOS)",72.45,3,24.15,2024-02-28,No,0,0,72.45
TXN11485,BNPL5394,High Exposure User,2024-11-05,2024-11,Klarna,Electronics and Tech,265.31,3,88.44,2024-12-17,No,0,0,265.31
TXN11486,BNPL5394,High Exposure User,2024-01-25,2024-01,Paidy,"Fast Fashion (Shein, Temu, ASOS)",47.24,4,11.81,2024-03-21,No,0,0,47.24
TXN11487,BNPL5394,High Exposure User,2024-06-18,2024-06,Afterpay,"Fast Fashion (Shein, Temu, ASOS)",53.68,3,17.89,2024-07-30,No,0,0,53.68
TXN11488,BNPL5394,High Exposure User,2024-08-22,2024-08,Afterpay,Sporting Goods,204.67,3,68.22,2024-10-03,No,0,0,204.67
TXN11489,BNPL5394,High Exposure User,2024-09-21,2024-09,Klarna,Beauty and Skincare,52.14,4,13.04,2024-11-16,Yes,2,16.0,68.14
TXN11490,BNPL5394,High Exposure User,2024-06-16,2024-06,Sezzle,Home and Furniture,320.89,4,80.22,2024-08-11,Yes,2,16.0,336.89
TXN11491,BNPL5394,High Exposure User,2024-12-01,2024-12,Klarna,Beauty and Skincare,81.08,4,20.27,2025-01-26,No,0,0,81.08
TXN11492,BNPL5394,High Exposure User,2024-08-16,2024-08,PayBright,Sporting Goods,101.21,4,25.3,2024-10-11,Yes,2,16.0,117.21
TXN11493,BNPL5395,High Exposure User,2024-03-07,2024-03,Sezzle,Electronics and Tech,399.45,4,99.86,2024-05-02,No,0,0,399.45
TXN11494,BNPL5395,High Exposure User,2024-07-03,2024-07,Klarna,Beauty and Skincare,68.6,4,17.15,2024-08-28,No,0,0,68.6
TXN11495,BNPL5395,High Exposure User,2024-11-23,2024-11,Afterpay,"Fast Fashion (Shein, Temu, ASOS)",63.04,4,15.76,2025-01-18,No,0,0,63.04
TXN11496,BNPL5395,High Exposure User,2024-05-14,2024-05,Afterpay,Beauty and Skincare,87.38,4,21.84,2024-07-09,No,0,0,87.38
TXN11497,BNPL5395,High Exposure User,2024-07-31,2024-07,Afterpay,"Fast Fashion (Shein, Temu, ASOS)",56.02,4,14.01,2024-09-25,No,0,0,56.02
TXN11498,BNPL5395,High Exposure User,2024-02-13,2024-02,PayBright,"Fast Fashion (Shein, Temu, ASOS)",34.45,6,5.74,2024-05-07,No,0,0,34.45
TXN11499,BNPL5395,High Exposure User,2024-03-06,2024-03,Afterpay,"Fast Fashion (Shein, Temu, ASOS)",30.9,4,7.72,2024-05-01,Yes,1,8.0,38.9
TXN11500,BNPL5395,High Exposure User,2024-06-15,2024-06,Afterpay,Sporting Goods,152.34,4,38.09,2024-08-10,No,0,0,152.34
TXN11501,BNPL5395,High Exposure User,2024-03-25,2024-03,Afterpay,Sporting Goods,128.48,3,42.83,2024-05-06,Yes,1,8.0,136.48
TXN11502,BNPL5396,High Exposure User,2024-11-22,2024-11,Afterpay,Home and Furniture,312.64,4,78.16,2025-01-17,No,0,0,312.64
TXN11503,BNPL5396,High Exposure User,2024-07-09,2024-07,Klarna,Electronics and Tech,404.14,6,67.36,2024-10-01,No,0,0,404.14
TXN11504,BNPL5396,High Exposure User,2024-08-08,2024-08,Sezzle,Sporting Goods,213.67,4,53.42,2024-10-03,No,0,0,213.67
TXN11505,BNPL5396,High Exposure User,2024-03-31,2024-03,Afterpay,Footwear,138.68,3,46.23,2024-05-12,No,0,0,138.68
TXN11506,BNPL5396,High Exposure User,2024-02-24,2024-02,Klarna,Electronics and Tech,309.79,4,77.45,2024-04-20,No,0,0,309.79
TXN11507,BNPL5396,High Exposure User,2024-09-11,2024-09,Sezzle,Home and Furniture,458.47,4,114.62,2024-11-06,No,0,0,458.47
TXN11508,BNPL5396,High Exposure User,2024-02-21,2024-02,Afterpay,"Fast Fashion (Shein, Temu, ASOS)",68.46,4,17.11,2024-04-17,No,0,0,68.46
TXN11509,BNPL5396,High Exposure User,2024-11-16,2024-11,Afterpay,Footwear,114.32,4,28.58,2025-01-11,Yes,1,8.0,122.32
TXN11510,BNPL5396,High Exposure User,2024-08-27,2024-08,Afterpay,Footwear,212.53,4,53.13,2024-10-22,No,0,0,212.53
TXN11511,BNPL5396,High Exposure User,2024-07-05,2024-07,Afterpay,"Fast Fashion (Shein, Temu, ASOS)",56.96,6,9.49,2024-09-27,No,0,0,56.96
TXN11512,BNPL5396,High Exposure User,2024-09-10,2024-09,PayBright,Footwear,116.64,6,19.44,2024-12-03,No,0,0,116.64
TXN11513,BNPL5396,High Exposure User,2024-03-20,2024-03,Klarna,Home and Furniture,276.21,4,69.05,2024-05-15,Yes,2,16.0,292.21
TXN11514,BNPL5396,High Exposure User,2024-01-05,2024-01,Klarna,Electronics and Tech,365.33,4,91.33,2024-03-01,No,0,0,365.33
TXN11515,BNPL5396,High Exposure User,2024-01-21,2024-01,Klarna,"Fast Fashion (Shein, Temu, ASOS)",54.53,3,18.18,2024-03-03,Yes,1,8.0,62.53
TXN11516,BNPL5396,High Exposure User,2024-03-03,2024-03,Sezzle,Beauty and Skincare,59.57,4,14.89,2024-04-28,Yes,1,8.0,67.57
TXN11517,BNPL5396,High Exposure User,2024-04-16,2024-04,Sezzle,"Fast Fashion (Shein, Temu, ASOS)",53.31,6,8.88,2024-07-09,Yes,1,8.0,61.31
TXN11518,BNPL5397,Regular User,2024-10-05,2024-10,Sezzle,Electronics and Tech,263.54,4,65.89,2024-11-30,Yes,2,16.0,279.54
TXN11519,BNPL5397,Regular User,2024-04-26,2024-04,Klarna,Footwear,133.23,3,44.41,2024-06-07,No,0,0,133.23
TXN11520,BNPL5397,Regular User,2024-12-15,2024-12,Afterpay,Footwear,104.82,4,26.2,2025-02-09,No,0,0,104.82
TXN11521,BNPL5397,Regular User,2024-05-22,2024-05,Afterpay,"Fast Fashion (Shein, Temu, ASOS)",39.46,6,6.58,2024-08-14,No,0,0,39.46
TXN11522,BNPL5397,Regular User,2024-10-12,2024-10,Klarna,Electronics and Tech,319.95,4,79.99,2024-12-07,No,0,0,319.95
TXN11523,BNPL5397,Regular User,2024-02-03,2024-02,Klarna,Beauty and Skincare,96.84,6,16.14,2024-04-27,No,0,0,96.84
TXN11524,BNPL5398,High Exposure User,2024-02-08,2024-02,Afterpay,"Fast Fashion (Shein, Temu, ASOS)",30.77,4,7.69,2024-04-04,Yes,2,16.0,46.77
TXN11525,BNPL5398,High Exposure User,2024-08-16,2024-08,Klarna,Footwear,114.67,3,38.22,2024-09-27,No,0,0,114.67
TXN11526,BNPL5398,High Exposure User,2024-03-27,2024-03,Sezzle,"Fast Fashion (Shein, Temu, ASOS)",33.03,3,11.01,2024-05-08,Yes,1,8.0,41.03
TXN11527,BNPL5398,High Exposure User,2024-07-17,2024-07,Afterpay,"Fast Fashion (Shein, Temu, ASOS)",59.69,4,14.92,2024-09-11,Yes,2,16.0,75.69
TXN11528,BNPL5398,High Exposure User,2024-03-19,2024-03,Afterpay,Electronics and Tech,294.58,3,98.19,2024-04-30,Yes,1,8.0,302.58
TXN11529,BNPL5398,High Exposure User,2024-08-20,2024-08,Klarna,Footwear,132.82,4,33.2,2024-10-15,No,0,0,132.82
TXN11530,BNPL5398,High Exposure User,2024-11-29,2024-11,Sezzle,Home and Furniture,281.31,4,70.33,2025-01-24,No,0,0,281.31
TXN11531,BNPL5398,High Exposure User,2024-06-09,2024-06,Afterpay,Footwear,149.68,4,37.42,2024-08-04,Yes,1,8.0,157.68
TXN11532,BNPL5398,High Exposure User,2024-01-23,2024-01,Klarna,Sporting Goods,297.14,4,74.28,2024-03-19,Yes,1,8.0,305.14
TXN11533,BNPL5398,High Exposure User,2024-04-11,2024-04,PayBright,Footwear,139.58,4,34.9,2024-06-06,No,0,0,139.58
TXN11534,BNPL5398,High Exposure User,2024-05-14,2024-05,Afterpay,Footwear,192.06,6,32.01,2024-08-06,No,0,0,192.06
TXN11535,BNPL5398,High Exposure User,2024-12-24,2024-12,Sezzle,"Fast Fashion (Shein, Temu, ASOS)",64.73,3,21.58,2025-02-04,No,0,0,64.73
TXN11536,BNPL5398,High Exposure User,2024-10-20,2024-10,Klarna,"Fast Fashion (Shein, Temu, ASOS)",60.15,4,15.04,2024-12-15,No,0,0,60.15
TXN11537,BNPL5398,High Exposure User,2024-07-10,2024-07,Afterpay,"Fast Fashion (Shein, Temu, ASOS)",57.28,4,14.32,2024-09-04,No,0,0,57.28
TXN11538,BNPL5399,Occasional User,2024-09-30,2024-09,Sezzle,"Fast Fashion (Shein, Temu, ASOS)",62.98,4,15.74,2024-11-25,No,0,0,62.98
TXN11539,BNPL5400,High Exposure User,2024-09-24,2024-09,Klarna,"Fast Fashion (Shein, Temu, ASOS)",70.08,3,23.36,2024-11-05,No,0,0,70.08
TXN11540,BNPL5400,High Exposure User,2024-06-30,2024-06,Klarna,Electronics and Tech,297.59,3,99.2,2024-08-11,Yes,2,16.0,313.59
TXN11541,BNPL5400,High Exposure User,2024-09-08,2024-09,Klarna,Home and Furniture,556.32,4,139.08,2024-11-03,No,0,0,556.32
TXN11542,BNPL5400,High Exposure User,2024-01-10,2024-01,Klarna,Home and Furniture,424.93,4,106.23,2024-03-06,No,0,0,424.93
TXN11543,BNPL5400,High Exposure User,2024-03-29,2024-03,Klarna,"Fast Fashion (Shein, Temu, ASOS)",55.31,6,9.22,2024-06-21,No,0,0,55.31
TXN11544,BNPL5400,High Exposure User,2024-10-10,2024-10,Klarna,"Fast Fashion (Shein, Temu, ASOS)",56.15,6,9.36,2025-01-02,Yes,2,16.0,72.15
TXN11545,BNPL5400,High Exposure User,2024-06-27,2024-06,Afterpay,Home and Furniture,293.66,3,97.89,2024-08-08,No,0,0,293.66
TXN11546,BNPL5400,High Exposure User,2024-01-06,2024-01,Afterpay,Beauty and Skincare,95.38,6,15.9,2024-03-30,Yes,1,8.0,103.38
TXN11547,BNPL5400,High Exposure User,2024-01-23,2024-01,Paidy,"Fast Fashion (Shein, Temu, ASOS)",78.03,4,19.51,2024-03-19,No,0,0,78.03
TXN11548,BNPL5400,High Exposure User,2024-10-13,2024-10,Afterpay,Beauty and Skincare,85.54,4,21.39,2024-12-08,No,0,0,85.54
TXN11549,BNPL5400,High Exposure User,2024-10-30,2024-10,Afterpay,Electronics and Tech,303.36,3,101.12,2024-12-11,No,0,0,303.36
TXN11550,BNPL5400,High Exposure User,2024-12-13,2024-12,Afterpay,Electronics and Tech,333.74,4,83.44,2025-02-07,No,0,0,333.74
TXN11551,BNPL5400,High Exposure User,2024-10-11,2024-10,Klarna,Footwear,95.55,4,23.89,2024-12-06,Yes,1,8.0,103.55
TXN11552,BNPL5400,High Exposure User,2024-04-27,2024-04,Afterpay,Footwear,124.77,4,31.19,2024-06-22,Yes,2,16.0,140.77
TXN11553,BNPL5400,High Exposure User,2024-03-08,2024-03,Afterpay,Footwear,102.57,4,25.64,2024-05-03,No,0,0,102.57
TXN11554,BNPL5400,High Exposure User,2024-09-06,2024-09,Afterpay,"Fast Fashion (Shein, Temu, ASOS)",67.25,4,16.81,2024-11-01,No,0,0,67.25
TXN11555,BNPL5400,High Exposure User,2024-12-09,2024-12,Afterpay,Beauty and Skincare,84.47,4,21.12,2025-02-03,No,0,0,84.47
TXN11556,BNPL5400,High Exposure User,2024-02-08,2024-02,Klarna,"Fast Fashion (Shein, Temu, ASOS)",51.68,3,17.23,2024-03-21,No,0,0,51.68
TXN11557,BNPL5400,High Exposure User,2024-12-20,2024-12,Klarna,"Fast Fashion (Shein, Temu, ASOS)",63.68,3,21.23,2025-01-31,Yes,2,16.0,79.68
TXN11558,BNPL5400,High Exposure User,2024-07-07,2024-07,Sezzle,Footwear,56.89,4,14.22,2024-09-01,No,0,0,56.89
TXN11559,BNPL5401,Regular User,2024-03-08,2024-03,PayBright,Home and Furniture,232.3,6,38.72,2024-05-31,Yes,1,8.0,240.3
TXN11560,BNPL5401,Regular User,2024-02-18,2024-02,Klarna,Footwear,148.98,6,24.83,2024-05-12,Yes,2,16.0,164.98
TXN11561,BNPL5401,Regular User,2024-11-17,2024-11,PayBright,"Fast Fashion (Shein, Temu, ASOS)",56.11,4,14.03,2025-01-12,Yes,1,8.0,64.11
TXN11562,BNPL5401,Regular User,2024-08-13,2024-08,PayBright,Beauty and Skincare,69.11,4,17.28,2024-10-08,No,0,0,69.11
TXN11563,BNPL5401,Regular User,2024-02-16,2024-02,Sezzle,"Fast Fashion (Shein, Temu, ASOS)",45.37,4,11.34,2024-04-12,No,0,0,45.37
TXN11564,BNPL5401,Regular User,2024-01-16,2024-01,Sezzle,"Fast Fashion (Shein, Temu, ASOS)",67.74,4,16.93,2024-03-12,No,0,0,67.74
TXN11565,BNPL5401,Regular User,2024-01-28,2024-01,Sezzle,"Fast Fashion (Shein, Temu, ASOS)",38.75,3,12.92,2024-03-10,No,0,0,38.75
TXN11566,BNPL5401,Regular User,2024-07-30,2024-07,Afterpay,Beauty and Skincare,72.19,6,12.03,2024-10-22,No,0,0,72.19
TXN11567,BNPL5401,Regular User,2024-09-01,2024-09,Afterpay,Sporting Goods,227.68,4,56.92,2024-10-27,No,0,0,227.68
TXN11568,BNPL5402,High Exposure User,2024-08-10,2024-08,Klarna,Footwear,161.27,4,40.32,2024-10-05,Yes,1,8.0,169.27
TXN11569,BNPL5402,High Exposure User,2024-04-18,2024-04,Klarna,"Fast Fashion (Shein, Temu, ASOS)",59.11,4,14.78,2024-06-13,No,0,0,59.11
TXN11570,BNPL5402,High Exposure User,2024-11-14,2024-11,Sezzle,Footwear,129.01,4,32.25,2025-01-09,No,0,0,129.01
TXN11571,BNPL5402,High Exposure User,2024-03-09,2024-03,Afterpay,Footwear,61.55,4,15.39,2024-05-04,No,0,0,61.55
TXN11572,BNPL5402,High Exposure User,2024-04-26,2024-04,Afterpay,Home and Furniture,336.4,4,84.1,2024-06-21,Yes,2,16.0,352.4
TXN11573,BNPL5402,High Exposure User,2024-07-06,2024-07,Afterpay,"Fast Fashion (Shein, Temu, ASOS)",48.35,4,12.09,2024-08-31,No,0,0,48.35
TXN11574,BNPL5402,High Exposure User,2024-05-19,2024-05,PayBright,Footwear,107.62,4,26.91,2024-07-14,No,0,0,107.62
TXN11575,BNPL5402,High Exposure User,2024-04-16,2024-04,Afterpay,"Fast Fashion (Shein, Temu, ASOS)",49.49,4,12.37,2024-06-11,No,0,0,49.49
TXN11576,BNPL5402,High Exposure User,2024-07-13,2024-07,Sezzle,Electronics and Tech,478.82,4,119.7,2024-09-07,No,0,0,478.82
TXN11577,BNPL5402,High Exposure User,2024-04-19,2024-04,Klarna,Footwear,132.14,3,44.05,2024-05-31,No,0,0,132.14
TXN11578,BNPL5402,High Exposure User,2024-07-30,2024-07,Afterpay,Footwear,78.33,3,26.11,2024-09-10,No,0,0,78.33
TXN11579,BNPL5402,High Exposure User,2024-07-31,2024-07,Afterpay,"Fast Fashion (Shein, Temu, ASOS)",45.71,4,11.43,2024-09-25,No,0,0,45.71
TXN11580,BNPL5402,High Exposure User,2024-05-11,2024-05,Paidy,Footwear,123.63,4,30.91,2024-07-06,No,0,0,123.63
TXN11581,BNPL5402,High Exposure User,2024-07-10,2024-07,PayBright,Beauty and Skincare,90.87,6,15.15,2024-10-02,No,0,0,90.87
TXN11582,BNPL5402,High Exposure User,2024-07-30,2024-07,Afterpay,Beauty and Skincare,70.62,6,11.77,2024-10-22,No,0,0,70.62
TXN11583,BNPL5403,Occasional User,2024-12-30,2024-12,Klarna,Footwear,129.56,6,21.59,2025-03-24,No,0,0,129.56
TXN11584,BNPL5403,Occasional User,2024-05-31,2024-05,Klarna,"Fast Fashion (Shein, Temu, ASOS)",67.35,6,11.22,2024-08-23,No,0,0,67.35
TXN11585,BNPL5403,Occasional User,2024-03-18,2024-03,Sezzle,Beauty and Skincare,111.27,6,18.54,2024-06-10,No,0,0,111.27
TXN11586,BNPL5404,Occasional User,2024-11-29,2024-11,Klarna,Home and Furniture,285.59,6,47.6,2025-02-21,Yes,1,8.0,293.59
TXN11587,BNPL5405,Regular User,2024-05-02,2024-05,Afterpay,"Fast Fashion (Shein, Temu, ASOS)",68.62,6,11.44,2024-07-25,No,0,0,68.62
TXN11588,BNPL5405,Regular User,2024-05-11,2024-05,Klarna,"Fast Fashion (Shein, Temu, ASOS)",61.18,6,10.2,2024-08-03,No,0,0,61.18
TXN11589,BNPL5406,Occasional User,2024-08-30,2024-08,Sezzle,Footwear,162.32,4,40.58,2024-10-25,No,0,0,162.32
TXN11590,BNPL5406,Occasional User,2024-08-27,2024-08,Afterpay,"Fast Fashion (Shein, Temu, ASOS)",69.73,4,17.43,2024-10-22,No,0,0,69.73
TXN11591,BNPL5406,Occasional User,2024-11-13,2024-11,Afterpay,Electronics and Tech,248.63,3,82.88,2024-12-25,No,0,0,248.63
TXN11592,BNPL5407,High Exposure User,2024-06-20,2024-06,Klarna,Home and Furniture,370.88,4,92.72,2024-08-15,No,0,0,370.88
TXN11593,BNPL5407,High Exposure User,2024-04-11,2024-04,Afterpay,Footwear,193.08,3,64.36,2024-05-23,No,0,0,193.08
TXN11594,BNPL5407,High Exposure User,2024-07-14,2024-07,Afterpay,"Fast Fashion (Shein, Temu, ASOS)",61.26,6,10.21,2024-10-06,No,0,0,61.26
TXN11595,BNPL5407,High Exposure User,2024-05-28,2024-05,Afterpay,Footwear,174.57,4,43.64,2024-07-23,Yes,1,8.0,182.57
TXN11596,BNPL5407,High Exposure User,2024-01-23,2024-01,Afterpay,Sporting Goods,178.3,4,44.58,2024-03-19,Yes,1,8.0,186.3
TXN11597,BNPL5407,High Exposure User,2024-09-07,2024-09,Afterpay,"Fast Fashion (Shein, Temu, ASOS)",45.68,4,11.42,2024-11-02,Yes,2,16.0,61.68
TXN11598,BNPL5407,High Exposure User,2024-04-29,2024-04,Klarna,Electronics and Tech,188.23,4,47.06,2024-06-24,No,0,0,188.23
TXN11599,BNPL5407,High Exposure User,2024-08-22,2024-08,Afterpay,"Fast Fashion (Shein, Temu, ASOS)",30.39,4,7.6,2024-10-17,No,0,0,30.39
TXN11600,BNPL5407,High Exposure User,2024-12-15,2024-12,Klarna,Footwear,142.5,6,23.75,2025-03-09,No,0,0,142.5
TXN11601,BNPL5407,High Exposure User,2024-04-28,2024-04,Afterpay,"Fast Fashion (Shein, Temu, ASOS)",73.15,4,18.29,2024-06-23,No,0,0,73.15
TXN11602,BNPL5407,High Exposure User,2024-02-02,2024-02,Afterpay,Home and Furniture,259.63,4,64.91,2024-03-29,No,0,0,259.63
TXN11603,BNPL5407,High Exposure User,2024-10-18,2024-10,Afterpay,"Fast Fashion (Shein, Temu, ASOS)",48.63,4,12.16,2024-12-13,No,0,0,48.63
TXN11604,BNPL5407,High Exposure User,2024-01-09,2024-01,Afterpay,"Fast Fashion (Shein, Temu, ASOS)",49.15,3,16.38,2024-02-20,Yes,2,16.0,65.15
TXN11605,BNPL5407,High Exposure User,2024-06-17,2024-06,Klarna,Electronics and Tech,340.97,6,56.83,2024-09-09,No,0,0,340.97
TXN11606,BNPL5407,High Exposure User,2024-04-13,2024-04,Afterpay,"Fast Fashion (Shein, Temu, ASOS)",39.8,4,9.95,2024-06-08,Yes,1,8.0,47.8
TXN11607,BNPL5407,High Exposure User,2024-07-20,2024-07,Afterpay,Electronics and Tech,317.26,4,79.31,2024-09-14,No,0,0,317.26
TXN11608,BNPL5408,Occasional User,2024-06-11,2024-06,Sezzle,Beauty and Skincare,90.5,4,22.62,2024-08-06,No,0,0,90.5
TXN11609,BNPL5408,Occasional User,2024-12-29,2024-12,PayBright,Home and Furniture,222.83,4,55.71,2025-02-23,No,0,0,222.83
TXN11610,BNPL5409,Occasional User,2024-08-03,2024-08,Afterpay,"Fast Fashion (Shein, Temu, ASOS)",45.83,3,15.28,2024-09-14,No,0,0,45.83
TXN11611,BNPL5409,Occasional User,2024-05-17,2024-05,Klarna,"Fast Fashion (Shein, Temu, ASOS)",40.45,4,10.11,2024-07-12,No,0,0,40.45
TXN11612,BNPL5410,Occasional User,2024-01-04,2024-01,Sezzle,Footwear,89.64,6,14.94,2024-03-28,No,0,0,89.64
TXN11613,BNPL5410,Occasional User,2024-10-18,2024-10,Afterpay,"Fast Fashion (Shein, Temu, ASOS)",53.46,4,13.37,2024-12-13,No,0,0,53.46
TXN11614,BNPL5411,Occasional User,2024-07-17,2024-07,Afterpay,Home and Furniture,436.64,3,145.55,2024-08-28,No,0,0,436.64
TXN11615,BNPL5411,Occasional User,2024-06-30,2024-06,Klarna,Beauty and Skincare,57.24,6,9.54,2024-09-22,No,0,0,57.24
TXN11616,BNPL5412,Occasional User,2024-04-14,2024-04,Paidy,"Fast Fashion (Shein, Temu, ASOS)",53.87,6,8.98,2024-07-07,No,0,0,53.87
TXN11617,BNPL5412,Occasional User,2024-07-08,2024-07,Klarna,Footwear,167.75,4,41.94,2024-09-02,No,0,0,167.75
TXN11618,BNPL5413,Occasional User,2024-08-09,2024-08,Klarna,"Fast Fashion (Shein, Temu, ASOS)",54.87,6,9.14,2024-11-01,No,0,0,54.87
TXN11619,BNPL5414,Regular User,2024-11-06,2024-11,Afterpay,Footwear,136.77,4,34.19,2025-01-01,No,0,0,136.77
TXN11620,BNPL5415,High Exposure User,2024-05-10,2024-05,Afterpay,Sporting Goods,272.5,4,68.12,2024-07-05,No,0,0,272.5
TXN11621,BNPL5415,High Exposure User,2024-12-16,2024-12,Klarna,Sporting Goods,196.37,4,49.09,2025-02-10,No,0,0,196.37
TXN11622,BNPL5415,High Exposure User,2024-10-14,2024-10,Afterpay,Footwear,98.89,6,16.48,2025-01-06,No,0,0,98.89
TXN11623,BNPL5415,High Exposure User,2024-10-25,2024-10,Klarna,Electronics and Tech,382.23,6,63.71,2025-01-17,No,0,0,382.23
TXN11624,BNPL5415,High Exposure User,2024-06-04,2024-06,Klarna,Electronics and Tech,303.53,6,50.59,2024-08-27,Yes,1,8.0,311.53
TXN11625,BNPL5415,High Exposure User,2024-10-22,2024-10,Sezzle,"Fast Fashion (Shein, Temu, ASOS)",91.68,3,30.56,2024-12-03,No,0,0,91.68
TXN11626,BNPL5415,High Exposure User,2024-05-21,2024-05,Afterpay,"Fast Fashion (Shein, Temu, ASOS)",26.69,6,4.45,2024-08-13,Yes,2,16.0,42.69
TXN11627,BNPL5415,High Exposure User,2024-07-14,2024-07,Klarna,Beauty and Skincare,60.41,3,20.14,2024-08-25,No,0,0,60.41
TXN11628,BNPL5415,High Exposure User,2024-06-01,2024-06,Afterpay,Beauty and Skincare,86.96,4,21.74,2024-07-27,Yes,1,8.0,94.96
TXN11629,BNPL5415,High Exposure User,2024-11-25,2024-11,Afterpay,Beauty and Skincare,75.22,4,18.8,2025-01-20,No,0,0,75.22
TXN11630,BNPL5415,High Exposure User,2024-05-28,2024-05,Sezzle,"Fast Fashion (Shein, Temu, ASOS)",32.19,4,8.05,2024-07-23,No,0,0,32.19
TXN11631,BNPL5415,High Exposure User,2024-03-24,2024-03,Afterpay,Sporting Goods,169.62,4,42.41,2024-05-19,Yes,2,16.0,185.62
TXN11632,BNPL5415,High Exposure User,2024-12-07,2024-12,Afterpay,Electronics and Tech,383.49,4,95.87,2025-02-01,Yes,2,16.0,399.49
TXN11633,BNPL5416,Occasional User,2024-08-22,2024-08,Paidy,Footwear,89.25,6,14.88,2024-11-14,No,0,0,89.25
TXN11634,BNPL5416,Occasional User,2024-02-29,2024-02,PayBright,"Fast Fashion (Shein, Temu, ASOS)",50.39,3,16.8,2024-04-11,No,0,0,50.39
TXN11635,BNPL5417,Regular User,2024-08-23,2024-08,Sezzle,Sporting Goods,257.69,4,64.42,2024-10-18,No,0,0,257.69
TXN11636,BNPL5417,Regular User,2024-07-03,2024-07,Sezzle,"Fast Fashion (Shein, Temu, ASOS)",46.82,4,11.71,2024-08-28,No,0,0,46.82
TXN11637,BNPL5417,Regular User,2024-09-20,2024-09,Klarna,Beauty and Skincare,52.67,6,8.78,2024-12-13,No,0,0,52.67
TXN11638,BNPL5417,Regular User,2024-03-15,2024-03,Sezzle,Electronics and Tech,254.64,4,63.66,2024-05-10,No,0,0,254.64
TXN11639,BNPL5417,Regular User,2024-02-17,2024-02,Klarna,Beauty and Skincare,88.09,4,22.02,2024-04-13,No,0,0,88.09
TXN11640,BNPL5417,Regular User,2024-12-08,2024-12,Afterpay,Electronics and Tech,191.97,3,63.99,2025-01-19,No,0,0,191.97
TXN11641,BNPL5418,Occasional User,2024-05-30,2024-05,Klarna,"Fast Fashion (Shein, Temu, ASOS)",56.15,4,14.04,2024-07-25,No,0,0,56.15
TXN11642,BNPL5419,Regular User,2024-04-21,2024-04,Afterpay,Beauty and Skincare,92.35,4,23.09,2024-06-16,No,0,0,92.35
TXN11643,BNPL5419,Regular User,2024-07-12,2024-07,Afterpay,Footwear,78.04,4,19.51,2024-09-06,No,0,0,78.04
TXN11644,BNPL5419,Regular User,2024-12-14,2024-12,Sezzle,Footwear,135.74,4,33.94,2025-02-08,No,0,0,135.74
TXN11645,BNPL5419,Regular User,2024-01-05,2024-01,Paidy,Footwear,101.1,4,25.27,2024-03-01,No,0,0,101.1
TXN11646,BNPL5419,Regular User,2024-07-11,2024-07,Klarna,"Fast Fashion (Shein, Temu, ASOS)",58.34,4,14.59,2024-09-05,No,0,0,58.34
TXN11647,BNPL5419,Regular User,2024-08-30,2024-08,Klarna,Home and Furniture,345.23,3,115.08,2024-10-11,No,0,0,345.23
TXN11648,BNPL5419,Regular User,2024-09-14,2024-09,Sezzle,Footwear,90.54,6,15.09,2024-12-07,No,0,0,90.54
TXN11649,BNPL5419,Regular User,2024-09-07,2024-09,Afterpay,Footwear,110.96,4,27.74,2024-11-02,No,0,0,110.96
TXN11650,BNPL5419,Regular User,2024-09-27,2024-09,Klarna,"Fast Fashion (Shein, Temu, ASOS)",25,6,4.17,2024-12-20,No,0,0,25
TXN11651,BNPL5420,Occasional User,2024-12-11,2024-12,Paidy,"Fast Fashion (Shein, Temu, ASOS)",49.05,3,16.35,2025-01-22,No,0,0,49.05
TXN11652,BNPL5421,Occasional User,2024-12-11,2024-12,Klarna,"Fast Fashion (Shein, Temu, ASOS)",54.96,3,18.32,2025-01-22,No,0,0,54.96
TXN11653,BNPL5421,Occasional User,2024-07-25,2024-07,Afterpay,Footwear,91.39,4,22.85,2024-09-19,No,0,0,91.39
TXN11654,BNPL5422,Occasional User,2024-11-26,2024-11,Klarna,Beauty and Skincare,73.29,6,12.22,2025-02-18,No,0,0,73.29
TXN11655,BNPL5422,Occasional User,2024-06-23,2024-06,Sezzle,"Fast Fashion (Shein, Temu, ASOS)",57.16,4,14.29,2024-08-18,No,0,0,57.16
TXN11656,BNPL5422,Occasional User,2024-07-24,2024-07,Klarna,Beauty and Skincare,69.89,3,23.3,2024-09-04,No,0,0,69.89
TXN11657,BNPL5423,High Exposure User,2024-09-23,2024-09,Klarna,Sporting Goods,131.77,4,32.94,2024-11-18,No,0,0,131.77
TXN11658,BNPL5423,High Exposure User,2024-11-14,2024-11,Klarna,Sporting Goods,186.81,6,31.14,2025-02-06,No,0,0,186.81
TXN11659,BNPL5423,High Exposure User,2024-01-12,2024-01,Afterpay,Footwear,103.82,4,25.95,2024-03-08,No,0,0,103.82
TXN11660,BNPL5423,High Exposure User,2024-03-01,2024-03,Klarna,"Fast Fashion (Shein, Temu, ASOS)",49.66,4,12.41,2024-04-26,No,0,0,49.66
TXN11661,BNPL5423,High Exposure User,2024-05-27,2024-05,Afterpay,Home and Furniture,413.97,4,103.49,2024-07-22,No,0,0,413.97
TXN11662,BNPL5423,High Exposure User,2024-08-21,2024-08,PayBright,"Fast Fashion (Shein, Temu, ASOS)",61.03,3,20.34,2024-10-02,Yes,2,16.0,77.03
TXN11663,BNPL5423,High Exposure User,2024-02-09,2024-02,PayBright,"Fast Fashion (Shein, Temu, ASOS)",61.15,4,15.29,2024-04-05,Yes,2,16.0,77.15
TXN11664,BNPL5423,High Exposure User,2024-12-24,2024-12,Sezzle,"Fast Fashion (Shein, Temu, ASOS)",78.81,6,13.13,2025-03-18,No,0,0,78.81
TXN11665,BNPL5423,High Exposure User,2024-01-27,2024-01,Afterpay,Footwear,157.69,3,52.56,2024-03-09,Yes,2,16.0,173.69
TXN11666,BNPL5423,High Exposure User,2024-07-04,2024-07,Afterpay,Home and Furniture,292.76,6,48.79,2024-09-26,Yes,1,8.0,300.76
TXN11667,BNPL5423,High Exposure User,2024-08-06,2024-08,Afterpay,Sporting Goods,161.96,4,40.49,2024-10-01,No,0,0,161.96
TXN11668,BNPL5423,High Exposure User,2024-02-24,2024-02,Afterpay,Beauty and Skincare,105.27,4,26.32,2024-04-20,No,0,0,105.27
TXN11669,BNPL5423,High Exposure User,2024-12-11,2024-12,Sezzle,"Fast Fashion (Shein, Temu, ASOS)",91.02,4,22.75,2025-02-05,No,0,0,91.02
TXN11670,BNPL5423,High Exposure User,2024-09-08,2024-09,Afterpay,"Fast Fashion (Shein, Temu, ASOS)",53.19,4,13.3,2024-11-03,No,0,0,53.19
TXN11671,BNPL5423,High Exposure User,2024-01-17,2024-01,Klarna,Beauty and Skincare,69.18,3,23.06,2024-02-28,Yes,2,16.0,85.18
TXN11672,BNPL5423,High Exposure User,2024-08-19,2024-08,Klarna,Beauty and Skincare,95.19,4,23.8,2024-10-14,Yes,1,8.0,103.19
TXN11673,BNPL5424,Occasional User,2024-05-23,2024-05,PayBright,Sporting Goods,151.16,4,37.79,2024-07-18,No,0,0,151.16
TXN11674,BNPL5424,Occasional User,2024-12-06,2024-12,Sezzle,Sporting Goods,98.09,4,24.52,2025-01-31,No,0,0,98.09
TXN11675,BNPL5425,Regular User,2024-03-02,2024-03,Sezzle,Footwear,144.66,4,36.16,2024-04-27,Yes,1,8.0,152.66
TXN11676,BNPL5425,Regular User,2024-03-23,2024-03,PayBright,Beauty and Skincare,91.76,3,30.59,2024-05-04,No,0,0,91.76
TXN11677,BNPL5425,Regular User,2024-05-01,2024-05,Afterpay,"Fast Fashion (Shein, Temu, ASOS)",73.08,4,18.27,2024-06-26,No,0,0,73.08
TXN11678,BNPL5425,Regular User,2024-08-02,2024-08,Afterpay,"Fast Fashion (Shein, Temu, ASOS)",47.14,6,7.86,2024-10-25,No,0,0,47.14
TXN11679,BNPL5425,Regular User,2024-02-27,2024-02,Afterpay,Sporting Goods,134.2,3,44.73,2024-04-09,No,0,0,134.2
TXN11680,BNPL5425,Regular User,2024-11-08,2024-11,Klarna,"Fast Fashion (Shein, Temu, ASOS)",64.0,3,21.33,2024-12-20,No,0,0,64.0
TXN11681,BNPL5425,Regular User,2024-02-18,2024-02,Sezzle,Beauty and Skincare,94.07,4,23.52,2024-04-14,Yes,1,8.0,102.07
TXN11682,BNPL5425,Regular User,2024-07-10,2024-07,Sezzle,Beauty and Skincare,44.49,6,7.42,2024-10-02,No,0,0,44.49
TXN11683,BNPL5426,Regular User,2024-11-16,2024-11,Paidy,"Fast Fashion (Shein, Temu, ASOS)",65.06,4,16.27,2025-01-11,No,0,0,65.06
TXN11684,BNPL5426,Regular User,2024-07-17,2024-07,Klarna,"Fast Fashion (Shein, Temu, ASOS)",68.67,4,17.17,2024-09-11,No,0,0,68.67
TXN11685,BNPL5426,Regular User,2024-11-30,2024-11,Klarna,Sporting Goods,215.49,3,71.83,2025-01-11,Yes,1,8.0,223.49
TXN11686,BNPL5426,Regular User,2024-09-02,2024-09,Klarna,Beauty and Skincare,53.55,6,8.92,2024-11-25,No,0,0,53.55
TXN11687,BNPL5426,Regular User,2024-06-16,2024-06,Afterpay,"Fast Fashion (Shein, Temu, ASOS)",77.47,6,12.91,2024-09-08,No,0,0,77.47
TXN11688,BNPL5427,High Exposure User,2024-05-27,2024-05,Sezzle,"Fast Fashion (Shein, Temu, ASOS)",40.27,4,10.07,2024-07-22,No,0,0,40.27
TXN11689,BNPL5427,High Exposure User,2024-06-23,2024-06,Sezzle,"Fast Fashion (Shein, Temu, ASOS)",43.67,3,14.56,2024-08-04,Yes,2,16.0,59.67
TXN11690,BNPL5427,High Exposure User,2024-12-04,2024-12,Klarna,Sporting Goods,229.21,4,57.3,2025-01-29,No,0,0,229.21
TXN11691,BNPL5427,High Exposure User,2024-01-21,2024-01,Afterpay,"Fast Fashion (Shein, Temu, ASOS)",73.37,3,24.46,2024-03-03,Yes,1,8.0,81.37
TXN11692,BNPL5427,High Exposure User,2024-01-27,2024-01,Klarna,Footwear,84.65,3,28.22,2024-03-09,No,0,0,84.65
TXN11693,BNPL5427,High Exposure User,2024-06-24,2024-06,Klarna,Footwear,105.72,4,26.43,2024-08-19,No,0,0,105.72
TXN11694,BNPL5427,High Exposure User,2024-09-03,2024-09,Afterpay,"Fast Fashion (Shein, Temu, ASOS)",50.73,4,12.68,2024-10-29,Yes,2,16.0,66.73
TXN11695,BNPL5427,High Exposure User,2024-01-21,2024-01,Klarna,Beauty and Skincare,84.75,3,28.25,2024-03-03,No,0,0,84.75
TXN11696,BNPL5427,High Exposure User,2024-09-07,2024-09,Afterpay,"Fast Fashion (Shein, Temu, ASOS)",68.85,4,17.21,2024-11-02,No,0,0,68.85
TXN11697,BNPL5427,High Exposure User,2024-10-27,2024-10,Sezzle,Beauty and Skincare,63.85,4,15.96,2024-12-22,Yes,1,8.0,71.85
TXN11698,BNPL5428,Occasional User,2024-09-20,2024-09,Paidy,Electronics and Tech,264.3,4,66.08,2024-11-15,No,0,0,264.3
TXN11699,BNPL5428,Occasional User,2024-12-09,2024-12,Afterpay,Beauty and Skincare,79.99,6,13.33,2025-03-03,No,0,0,79.99
TXN11700,BNPL5428,Occasional User,2024-04-02,2024-04,Sezzle,Beauty and Skincare,88.87,4,22.22,2024-05-28,No,0,0,88.87
TXN11701,BNPL5429,Occasional User,2024-05-13,2024-05,Afterpay,Sporting Goods,105.92,6,17.65,2024-08-05,No,0,0,105.92
TXN11702,BNPL5430,Regular User,2024-03-01,2024-03,Paidy,Beauty and Skincare,91.13,4,22.78,2024-04-26,No,0,0,91.13
TXN11703,BNPL5430,Regular User,2024-03-23,2024-03,PayBright,Beauty and Skincare,88.3,4,22.07,2024-05-18,No,0,0,88.3
TXN11704,BNPL5430,Regular User,2024-09-29,2024-09,Klarna,"Fast Fashion (Shein, Temu, ASOS)",45.13,6,7.52,2024-12-22,Yes,1,8.0,53.13
TXN11705,BNPL5430,Regular User,2024-02-18,2024-02,Afterpay,"Fast Fashion (Shein, Temu, ASOS)",64.49,3,21.5,2024-03-31,No,0,0,64.49
TXN11706,BNPL5430,Regular User,2024-09-13,2024-09,Klarna,Electronics and Tech,215.28,4,53.82,2024-11-08,No,0,0,215.28
TXN11707,BNPL5430,Regular User,2024-04-12,2024-04,Afterpay,Beauty and Skincare,55.24,3,18.41,2024-05-24,Yes,2,16.0,71.24
TXN11708,BNPL5430,Regular User,2024-04-21,2024-04,PayBright,"Fast Fashion (Shein, Temu, ASOS)",80.23,3,26.74,2024-06-02,No,0,0,80.23
TXN11709,BNPL5430,Regular User,2024-07-20,2024-07,Klarna,Sporting Goods,167.02,4,41.76,2024-09-14,No,0,0,167.02
TXN11710,BNPL5430,Regular User,2024-09-15,2024-09,Afterpay,Sporting Goods,158.0,4,39.5,2024-11-10,No,0,0,158.0
TXN11711,BNPL5431,Regular User,2024-06-26,2024-06,Klarna,Footwear,130.53,4,32.63,2024-08-21,No,0,0,130.53
TXN11712,BNPL5431,Regular User,2024-04-09,2024-04,Klarna,Beauty and Skincare,78.73,4,19.68,2024-06-04,No,0,0,78.73
TXN11713,BNPL5431,Regular User,2024-12-07,2024-12,Klarna,"Fast Fashion (Shein, Temu, ASOS)",50.59,4,12.65,2025-02-01,No,0,0,50.59
TXN11714,BNPL5431,Regular User,2024-09-28,2024-09,Afterpay,Electronics and Tech,343.95,4,85.99,2024-11-23,No,0,0,343.95
TXN11715,BNPL5431,Regular User,2024-06-16,2024-06,Klarna,"Fast Fashion (Shein, Temu, ASOS)",45.33,3,15.11,2024-07-28,No,0,0,45.33
TXN11716,BNPL5432,High Exposure User,2024-12-09,2024-12,Sezzle,Electronics and Tech,143.69,3,47.9,2025-01-20,No,0,0,143.69
TXN11717,BNPL5432,High Exposure User,2024-09-01,2024-09,Afterpay,"Fast Fashion (Shein, Temu, ASOS)",54.96,4,13.74,2024-10-27,Yes,1,8.0,62.96
TXN11718,BNPL5432,High Exposure User,2024-10-06,2024-10,Afterpay,"Fast Fashion (Shein, Temu, ASOS)",49.88,3,16.63,2024-11-17,No,0,0,49.88
TXN11719,BNPL5432,High Exposure User,2024-03-29,2024-03,Klarna,"Fast Fashion (Shein, Temu, ASOS)",46.44,4,11.61,2024-05-24,No,0,0,46.44
TXN11720,BNPL5432,High Exposure User,2024-11-08,2024-11,PayBright,Electronics and Tech,140.79,6,23.46,2025-01-31,Yes,1,8.0,148.79
TXN11721,BNPL5432,High Exposure User,2024-02-15,2024-02,Afterpay,Footwear,176.62,4,44.16,2024-04-11,No,0,0,176.62
TXN11722,BNPL5432,High Exposure User,2024-04-21,2024-04,Sezzle,"Fast Fashion (Shein, Temu, ASOS)",62.85,4,15.71,2024-06-16,No,0,0,62.85
TXN11723,BNPL5432,High Exposure User,2024-12-17,2024-12,Klarna,"Fast Fashion (Shein, Temu, ASOS)",36.99,4,9.25,2025-02-11,No,0,0,36.99
TXN11724,BNPL5432,High Exposure User,2024-10-30,2024-10,Afterpay,Beauty and Skincare,89.26,4,22.32,2024-12-25,No,0,0,89.26
TXN11725,BNPL5432,High Exposure User,2024-08-20,2024-08,Afterpay,Electronics and Tech,282.68,4,70.67,2024-10-15,Yes,2,16.0,298.68
TXN11726,BNPL5433,Occasional User,2024-06-21,2024-06,Afterpay,"Fast Fashion (Shein, Temu, ASOS)",68.29,4,17.07,2024-08-16,No,0,0,68.29
TXN11727,BNPL5433,Occasional User,2024-10-22,2024-10,PayBright,Home and Furniture,320.76,3,106.92,2024-12-03,No,0,0,320.76
TXN11728,BNPL5434,Regular User,2024-06-10,2024-06,Sezzle,Footwear,110.4,3,36.8,2024-07-22,No,0,0,110.4
TXN11729,BNPL5434,Regular User,2024-08-07,2024-08,Afterpay,Electronics and Tech,329.36,6,54.89,2024-10-30,No,0,0,329.36
TXN11730,BNPL5434,Regular User,2024-01-02,2024-01,Klarna,"Fast Fashion (Shein, Temu, ASOS)",60.24,4,15.06,2024-02-27,No,0,0,60.24
TXN11731,BNPL5434,Regular User,2024-11-04,2024-11,Paidy,Sporting Goods,130.76,6,21.79,2025-01-27,No,0,0,130.76
TXN11732,BNPL5434,Regular User,2024-05-13,2024-05,Afterpay,Home and Furniture,344.15,3,114.72,2024-06-24,Yes,2,16.0,360.15
TXN11733,BNPL5435,High Exposure User,2024-05-24,2024-05,Afterpay,Beauty and Skincare,74.8,6,12.47,2024-08-16,No,0,0,74.8
TXN11734,BNPL5435,High Exposure User,2024-08-24,2024-08,Klarna,Beauty and Skincare,104.31,4,26.08,2024-10-19,No,0,0,104.31
TXN11735,BNPL5435,High Exposure User,2024-05-23,2024-05,Klarna,Beauty and Skincare,118.35,4,29.59,2024-07-18,No,0,0,118.35
TXN11736,BNPL5435,High Exposure User,2024-06-13,2024-06,Afterpay,Footwear,145.0,6,24.17,2024-09-05,No,0,0,145.0
TXN11737,BNPL5435,High Exposure User,2024-03-24,2024-03,Sezzle,"Fast Fashion (Shein, Temu, ASOS)",25.08,4,6.27,2024-05-19,No,0,0,25.08
TXN11738,BNPL5435,High Exposure User,2024-06-03,2024-06,PayBright,"Fast Fashion (Shein, Temu, ASOS)",48.38,4,12.1,2024-07-29,No,0,0,48.38
TXN11739,BNPL5435,High Exposure User,2024-10-24,2024-10,Klarna,Footwear,155.32,4,38.83,2024-12-19,No,0,0,155.32
TXN11740,BNPL5435,High Exposure User,2024-07-21,2024-07,PayBright,Electronics and Tech,293.09,4,73.27,2024-09-15,No,0,0,293.09
TXN11741,BNPL5435,High Exposure User,2024-06-02,2024-06,Sezzle,Electronics and Tech,337.0,4,84.25,2024-07-28,No,0,0,337.0
TXN11742,BNPL5435,High Exposure User,2024-01-27,2024-01,Klarna,"Fast Fashion (Shein, Temu, ASOS)",37.52,4,9.38,2024-03-23,No,0,0,37.52
TXN11743,BNPL5435,High Exposure User,2024-10-28,2024-10,Afterpay,"Fast Fashion (Shein, Temu, ASOS)",55.13,3,18.38,2024-12-09,No,0,0,55.13
TXN11744,BNPL5435,High Exposure User,2024-05-01,2024-05,Afterpay,"Fast Fashion (Shein, Temu, ASOS)",78.91,6,13.15,2024-07-24,No,0,0,78.91
TXN11745,BNPL5435,High Exposure User,2024-06-15,2024-06,Sezzle,Footwear,134.71,6,22.45,2024-09-07,No,0,0,134.71
TXN11746,BNPL5435,High Exposure User,2024-01-08,2024-01,Sezzle,"Fast Fashion (Shein, Temu, ASOS)",52.03,6,8.67,2024-04-01,No,0,0,52.03
TXN11747,BNPL5435,High Exposure User,2024-09-11,2024-09,Afterpay,Electronics and Tech,380.42,3,126.81,2024-10-23,Yes,1,8.0,388.42
TXN11748,BNPL5436,Regular User,2024-07-06,2024-07,Afterpay,Footwear,110.94,3,36.98,2024-08-17,No,0,0,110.94
TXN11749,BNPL5436,Regular User,2024-04-17,2024-04,Afterpay,"Fast Fashion (Shein, Temu, ASOS)",67.78,4,16.95,2024-06-12,No,0,0,67.78
TXN11750,BNPL5436,Regular User,2024-04-17,2024-04,Klarna,"Fast Fashion (Shein, Temu, ASOS)",58.73,4,14.68,2024-06-12,No,0,0,58.73
TXN11751,BNPL5436,Regular User,2024-04-21,2024-04,Sezzle,Beauty and Skincare,65.24,4,16.31,2024-06-16,Yes,1,8.0,73.24
TXN11752,BNPL5436,Regular User,2024-09-04,2024-09,Afterpay,Footwear,108.76,4,27.19,2024-10-30,No,0,0,108.76
TXN11753,BNPL5436,Regular User,2024-03-14,2024-03,Paidy,Footwear,127.19,4,31.8,2024-05-09,No,0,0,127.19
TXN11754,BNPL5436,Regular User,2024-09-13,2024-09,PayBright,Footwear,95.48,6,15.91,2024-12-06,No,0,0,95.48
TXN11755,BNPL5437,Regular User,2024-12-21,2024-12,Afterpay,Home and Furniture,413.69,4,103.42,2025-02-15,Yes,2,16.0,429.69
TXN11756,BNPL5437,Regular User,2024-08-09,2024-08,Sezzle,"Fast Fashion (Shein, Temu, ASOS)",42.11,6,7.02,2024-11-01,No,0,0,42.11
TXN11757,BNPL5437,Regular User,2024-10-17,2024-10,Klarna,Beauty and Skincare,40.32,6,6.72,2025-01-09,No,0,0,40.32
TXN11758,BNPL5438,High Exposure User,2024-02-13,2024-02,Klarna,Footwear,97.05,3,32.35,2024-03-26,Yes,2,16.0,113.05
TXN11759,BNPL5438,High Exposure User,2024-12-30,2024-12,Klarna,Footwear,164.22,4,41.05,2025-02-24,No,0,0,164.22
TXN11760,BNPL5438,High Exposure User,2024-12-17,2024-12,Paidy,"Fast Fashion (Shein, Temu, ASOS)",53.11,4,13.28,2025-02-11,Yes,1,8.0,61.11
TXN11761,BNPL5438,High Exposure User,2024-03-06,2024-03,Sezzle,"Fast Fashion (Shein, Temu, ASOS)",61.31,6,10.22,2024-05-29,No,0,0,61.31
TXN11762,BNPL5438,High Exposure User,2024-04-05,2024-04,PayBright,Sporting Goods,223.38,4,55.84,2024-05-31,No,0,0,223.38
TXN11763,BNPL5438,High Exposure User,2024-05-06,2024-05,Klarna,Footwear,99.09,4,24.77,2024-07-01,No,0,0,99.09
TXN11764,BNPL5438,High Exposure User,2024-07-21,2024-07,PayBright,Beauty and Skincare,73.72,3,24.57,2024-09-01,Yes,2,16.0,89.72
TXN11765,BNPL5438,High Exposure User,2024-03-23,2024-03,Sezzle,Beauty and Skincare,82.62,4,20.66,2024-05-18,No,0,0,82.62
TXN11766,BNPL5438,High Exposure User,2024-12-29,2024-12,Sezzle,Footwear,113.0,4,28.25,2025-02-23,Yes,1,8.0,121.0
TXN11767,BNPL5438,High Exposure User,2024-11-14,2024-11,Klarna,"Fast Fashion (Shein, Temu, ASOS)",67.45,3,22.48,2024-12-26,No,0,0,67.45
TXN11768,BNPL5438,High Exposure User,2024-09-26,2024-09,Sezzle,Sporting Goods,161.86,6,26.98,2024-12-19,No,0,0,161.86
TXN11769,BNPL5438,High Exposure User,2024-05-09,2024-05,Klarna,"Fast Fashion (Shein, Temu, ASOS)",73.09,3,24.36,2024-06-20,Yes,2,16.0,89.09
TXN11770,BNPL5438,High Exposure User,2024-01-22,2024-01,PayBright,Electronics and Tech,252.12,3,84.04,2024-03-04,No,0,0,252.12
TXN11771,BNPL5438,High Exposure User,2024-11-27,2024-11,PayBright,Beauty and Skincare,94.25,4,23.56,2025-01-22,Yes,2,16.0,110.25
TXN11772,BNPL5438,High Exposure User,2024-11-01,2024-11,Klarna,Beauty and Skincare,88.13,4,22.03,2024-12-27,Yes,1,8.0,96.13
TXN11773,BNPL5438,High Exposure User,2024-06-02,2024-06,Sezzle,"Fast Fashion (Shein, Temu, ASOS)",70.49,6,11.75,2024-08-25,No,0,0,70.49
TXN11774,BNPL5438,High Exposure User,2024-08-14,2024-08,Paidy,"Fast Fashion (Shein, Temu, ASOS)",87.38,6,14.56,2024-11-06,Yes,2,16.0,103.38
TXN11775,BNPL5438,High Exposure User,2024-11-27,2024-11,Afterpay,"Fast Fashion (Shein, Temu, ASOS)",47.63,3,15.88,2025-01-08,No,0,0,47.63
TXN11776,BNPL5438,High Exposure User,2024-12-02,2024-12,Klarna,"Fast Fashion (Shein, Temu, ASOS)",59.0,3,19.67,2025-01-13,No,0,0,59.0
TXN11777,BNPL5439,Regular User,2024-07-05,2024-07,Afterpay,Footwear,158.08,4,39.52,2024-08-30,No,0,0,158.08
TXN11778,BNPL5439,Regular User,2024-09-11,2024-09,Klarna,Electronics and Tech,273.15,4,68.29,2024-11-06,Yes,1,8.0,281.15
TXN11779,BNPL5439,Regular User,2024-02-17,2024-02,Klarna,Footwear,154.33,4,38.58,2024-04-13,No,0,0,154.33
TXN11780,BNPL5439,Regular User,2024-07-15,2024-07,PayBright,"Fast Fashion (Shein, Temu, ASOS)",73.21,4,18.3,2024-09-09,No,0,0,73.21
TXN11781,BNPL5439,Regular User,2024-04-03,2024-04,PayBright,Footwear,83.57,3,27.86,2024-05-15,No,0,0,83.57
TXN11782,BNPL5440,Occasional User,2024-01-28,2024-01,Klarna,"Fast Fashion (Shein, Temu, ASOS)",71.07,4,17.77,2024-03-24,No,0,0,71.07
TXN11783,BNPL5440,Occasional User,2024-05-16,2024-05,Sezzle,Footwear,122.55,4,30.64,2024-07-11,No,0,0,122.55
TXN11784,BNPL5441,Regular User,2024-05-26,2024-05,Afterpay,"Fast Fashion (Shein, Temu, ASOS)",57.05,3,19.02,2024-07-07,No,0,0,57.05
TXN11785,BNPL5441,Regular User,2024-11-01,2024-11,Klarna,Beauty and Skincare,82.3,6,13.72,2025-01-24,No,0,0,82.3
TXN11786,BNPL5441,Regular User,2024-08-12,2024-08,Klarna,Beauty and Skincare,101.33,4,25.33,2024-10-07,No,0,0,101.33
TXN11787,BNPL5441,Regular User,2024-09-29,2024-09,Klarna,Home and Furniture,350.87,3,116.96,2024-11-10,Yes,1,8.0,358.87
TXN11788,BNPL5442,High Exposure User,2024-01-23,2024-01,Sezzle,"Fast Fashion (Shein, Temu, ASOS)",42.77,6,7.13,2024-04-16,No,0,0,42.77
TXN11789,BNPL5442,High Exposure User,2024-01-21,2024-01,PayBright,"Fast Fashion (Shein, Temu, ASOS)",52.44,4,13.11,2024-03-17,No,0,0,52.44
TXN11790,BNPL5442,High Exposure User,2024-05-26,2024-05,Klarna,Sporting Goods,102.82,3,34.27,2024-07-07,Yes,2,16.0,118.82
TXN11791,BNPL5442,High Exposure User,2024-10-15,2024-10,Sezzle,Footwear,144.97,4,36.24,2024-12-10,Yes,1,8.0,152.97
TXN11792,BNPL5442,High Exposure User,2024-11-24,2024-11,Paidy,"Fast Fashion (Shein, Temu, ASOS)",48.69,3,16.23,2025-01-05,No,0,0,48.69
TXN11793,BNPL5442,High Exposure User,2024-11-01,2024-11,Afterpay,"Fast Fashion (Shein, Temu, ASOS)",47.93,3,15.98,2024-12-13,Yes,2,16.0,63.93
TXN11794,BNPL5442,High Exposure User,2024-12-18,2024-12,Sezzle,Electronics and Tech,343.65,3,114.55,2025-01-29,No,0,0,343.65
TXN11795,BNPL5442,High Exposure User,2024-01-11,2024-01,Afterpay,Electronics and Tech,243.7,3,81.23,2024-02-22,Yes,1,8.0,251.7
TXN11796,BNPL5442,High Exposure User,2024-06-18,2024-06,Afterpay,Electronics and Tech,412.87,4,103.22,2024-08-13,No,0,0,412.87
TXN11797,BNPL5442,High Exposure User,2024-11-18,2024-11,Klarna,Footwear,146.9,6,24.48,2025-02-10,No,0,0,146.9
TXN11798,BNPL5442,High Exposure User,2024-12-12,2024-12,Sezzle,Footwear,96.46,4,24.11,2025-02-06,Yes,1,8.0,104.46
TXN11799,BNPL5442,High Exposure User,2024-01-27,2024-01,Afterpay,"Fast Fashion (Shein, Temu, ASOS)",63.89,6,10.65,2024-04-20,No,0,0,63.89
TXN11800,BNPL5443,Occasional User,2024-05-13,2024-05,PayBright,"Fast Fashion (Shein, Temu, ASOS)",63.15,4,15.79,2024-07-08,No,0,0,63.15
TXN11801,BNPL5444,High Exposure User,2024-01-14,2024-01,PayBright,"Fast Fashion (Shein, Temu, ASOS)",60.24,4,15.06,2024-03-10,Yes,1,8.0,68.24
TXN11802,BNPL5444,High Exposure User,2024-04-25,2024-04,Sezzle,Electronics and Tech,129.49,4,32.37,2024-06-20,No,0,0,129.49
TXN11803,BNPL5444,High Exposure User,2024-02-28,2024-02,PayBright,"Fast Fashion (Shein, Temu, ASOS)",51.0,4,12.75,2024-04-24,Yes,2,16.0,67.0
TXN11804,BNPL5444,High Exposure User,2024-01-06,2024-01,Afterpay,Electronics and Tech,287.55,4,71.89,2024-03-02,No,0,0,287.55
TXN11805,BNPL5444,High Exposure User,2024-09-21,2024-09,Klarna,Home and Furniture,428.95,4,107.24,2024-11-16,No,0,0,428.95
TXN11806,BNPL5444,High Exposure User,2024-04-04,2024-04,Sezzle,Electronics and Tech,226.49,3,75.5,2024-05-16,No,0,0,226.49
TXN11807,BNPL5444,High Exposure User,2024-11-17,2024-11,PayBright,Footwear,158.74,6,26.46,2025-02-09,Yes,1,8.0,166.74
TXN11808,BNPL5444,High Exposure User,2024-05-16,2024-05,Sezzle,Electronics and Tech,214.6,6,35.77,2024-08-08,No,0,0,214.6
TXN11809,BNPL5444,High Exposure User,2024-07-22,2024-07,Klarna,"Fast Fashion (Shein, Temu, ASOS)",40.01,3,13.34,2024-09-02,Yes,1,8.0,48.01
TXN11810,BNPL5444,High Exposure User,2024-03-12,2024-03,Klarna,Beauty and Skincare,116.15,4,29.04,2024-05-07,No,0,0,116.15
TXN11811,BNPL5444,High Exposure User,2024-03-14,2024-03,Klarna,Home and Furniture,342.54,4,85.64,2024-05-09,No,0,0,342.54
TXN11812,BNPL5444,High Exposure User,2024-03-29,2024-03,Sezzle,Footwear,111.43,6,18.57,2024-06-21,No,0,0,111.43
TXN11813,BNPL5444,High Exposure User,2024-03-31,2024-03,Sezzle,"Fast Fashion (Shein, Temu, ASOS)",62.5,3,20.83,2024-05-12,No,0,0,62.5
TXN11814,BNPL5444,High Exposure User,2024-05-17,2024-05,PayBright,Beauty and Skincare,147.97,6,24.66,2024-08-09,No,0,0,147.97
TXN11815,BNPL5444,High Exposure User,2024-09-06,2024-09,Sezzle,Beauty and Skincare,59.33,4,14.83,2024-11-01,No,0,0,59.33
TXN11816,BNPL5444,High Exposure User,2024-12-23,2024-12,Afterpay,Electronics and Tech,149.84,4,37.46,2025-02-17,No,0,0,149.84
TXN11817,BNPL5444,High Exposure User,2024-06-25,2024-06,Paidy,"Fast Fashion (Shein, Temu, ASOS)",63.9,4,15.97,2024-08-20,No,0,0,63.9
TXN11818,BNPL5444,High Exposure User,2024-01-20,2024-01,Afterpay,"Fast Fashion (Shein, Temu, ASOS)",51.39,4,12.85,2024-03-16,No,0,0,51.39
TXN11819,BNPL5444,High Exposure User,2024-05-01,2024-05,Klarna,Beauty and Skincare,114.22,4,28.55,2024-06-26,No,0,0,114.22
TXN11820,BNPL5445,Occasional User,2024-12-12,2024-12,Sezzle,"Fast Fashion (Shein, Temu, ASOS)",64.18,4,16.05,2025-02-06,No,0,0,64.18
TXN11821,BNPL5446,Regular User,2024-07-12,2024-07,Klarna,Home and Furniture,464.01,4,116.0,2024-09-06,No,0,0,464.01
TXN11822,BNPL5446,Regular User,2024-01-10,2024-01,Klarna,Beauty and Skincare,56.27,6,9.38,2024-04-03,No,0,0,56.27
TXN11823,BNPL5446,Regular User,2024-01-14,2024-01,PayBright,Home and Furniture,123.32,4,30.83,2024-03-10,No,0,0,123.32
TXN11824,BNPL5447,Occasional User,2024-06-23,2024-06,Klarna,Home and Furniture,473.2,4,118.3,2024-08-18,No,0,0,473.2
TXN11825,BNPL5447,Occasional User,2024-01-12,2024-01,Paidy,Sporting Goods,263.37,4,65.84,2024-03-08,No,0,0,263.37
TXN11826,BNPL5448,High Exposure User,2024-09-29,2024-09,Afterpay,"Fast Fashion (Shein, Temu, ASOS)",51.27,3,17.09,2024-11-10,No,0,0,51.27
TXN11827,BNPL5448,High Exposure User,2024-08-03,2024-08,Sezzle,"Fast Fashion (Shein, Temu, ASOS)",62.94,6,10.49,2024-10-26,Yes,2,16.0,78.94
TXN11828,BNPL5448,High Exposure User,2024-11-18,2024-11,Afterpay,"Fast Fashion (Shein, Temu, ASOS)",28.05,4,7.01,2025-01-13,No,0,0,28.05
TXN11829,BNPL5448,High Exposure User,2024-07-08,2024-07,Afterpay,Sporting Goods,217.62,3,72.54,2024-08-19,No,0,0,217.62
TXN11830,BNPL5448,High Exposure User,2024-08-28,2024-08,Afterpay,Electronics and Tech,255.89,4,63.97,2024-10-23,No,0,0,255.89
TXN11831,BNPL5448,High Exposure User,2024-12-30,2024-12,Afterpay,Footwear,112.87,4,28.22,2025-02-24,No,0,0,112.87
TXN11832,BNPL5448,High Exposure User,2024-10-11,2024-10,PayBright,Sporting Goods,172.49,4,43.12,2024-12-06,No,0,0,172.49
TXN11833,BNPL5448,High Exposure User,2024-11-17,2024-11,Afterpay,Sporting Goods,157.04,4,39.26,2025-01-12,No,0,0,157.04
TXN11834,BNPL5448,High Exposure User,2024-03-23,2024-03,Sezzle,Home and Furniture,242.48,4,60.62,2024-05-18,No,0,0,242.48
TXN11835,BNPL5448,High Exposure User,2024-02-04,2024-02,Afterpay,Footwear,202.38,4,50.59,2024-03-31,No,0,0,202.38
TXN11836,BNPL5448,High Exposure User,2024-08-04,2024-08,Klarna,"Fast Fashion (Shein, Temu, ASOS)",59.85,4,14.96,2024-09-29,No,0,0,59.85
TXN11837,BNPL5448,High Exposure User,2024-01-10,2024-01,Klarna,Beauty and Skincare,57.56,6,9.59,2024-04-03,No,0,0,57.56
TXN11838,BNPL5448,High Exposure User,2024-11-29,2024-11,Sezzle,Sporting Goods,184.18,4,46.05,2025-01-24,No,0,0,184.18
TXN11839,BNPL5449,Regular User,2024-11-02,2024-11,Sezzle,Home and Furniture,262.33,4,65.58,2024-12-28,No,0,0,262.33
TXN11840,BNPL5449,Regular User,2024-10-24,2024-10,Klarna,"Fast Fashion (Shein, Temu, ASOS)",65.53,4,16.38,2024-12-19,No,0,0,65.53
TXN11841,BNPL5449,Regular User,2024-08-11,2024-08,Afterpay,Home and Furniture,296.4,4,74.1,2024-10-06,No,0,0,296.4
TXN11842,BNPL5449,Regular User,2024-03-14,2024-03,Klarna,Beauty and Skincare,67.94,6,11.32,2024-06-06,No,0,0,67.94
TXN11843,BNPL5450,Occasional User,2024-07-13,2024-07,Klarna,Electronics and Tech,234.32,6,39.05,2024-10-05,No,0,0,234.32
TXN11844,BNPL5450,Occasional User,2024-10-07,2024-10,Sezzle,Beauty and Skincare,54.13,3,18.04,2024-11-18,No,0,0,54.13
TXN11845,BNPL5450,Occasional User,2024-05-11,2024-05,Afterpay,Footwear,152.78,6,25.46,2024-08-03,No,0,0,152.78
TXN11846,BNPL5450,Occasional User,2024-12-06,2024-12,PayBright,"Fast Fashion (Shein, Temu, ASOS)",65.03,3,21.68,2025-01-17,No,0,0,65.03
TXN11847,BNPL5451,Occasional User,2024-04-04,2024-04,Afterpay,Sporting Goods,84.43,6,14.07,2024-06-27,No,0,0,84.43
TXN11848,BNPL5451,Occasional User,2024-08-08,2024-08,Sezzle,Electronics and Tech,208.0,3,69.33,2024-09-19,No,0,0,208.0
TXN11849,BNPL5452,Occasional User,2024-09-04,2024-09,Afterpay,Beauty and Skincare,75.1,3,25.03,2024-10-16,No,0,0,75.1
TXN11850,BNPL5453,Regular User,2024-03-10,2024-03,PayBright,"Fast Fashion (Shein, Temu, ASOS)",61.38,4,15.35,2024-05-05,No,0,0,61.38
TXN11851,BNPL5453,Regular User,2024-10-12,2024-10,Klarna,Home and Furniture,126.01,6,21.0,2025-01-04,No,0,0,126.01
TXN11852,BNPL5453,Regular User,2024-04-08,2024-04,PayBright,"Fast Fashion (Shein, Temu, ASOS)",60.37,4,15.09,2024-06-03,No,0,0,60.37
TXN11853,BNPL5453,Regular User,2024-09-01,2024-09,Paidy,Footwear,180.75,6,30.12,2024-11-24,No,0,0,180.75
TXN11854,BNPL5453,Regular User,2024-10-07,2024-10,PayBright,"Fast Fashion (Shein, Temu, ASOS)",68.86,4,17.21,2024-12-02,Yes,1,8.0,76.86
TXN11855,BNPL5453,Regular User,2024-11-30,2024-11,Klarna,Beauty and Skincare,49.56,4,12.39,2025-01-25,No,0,0,49.56
TXN11856,BNPL5454,Regular User,2024-02-12,2024-02,Klarna,Beauty and Skincare,87.68,4,21.92,2024-04-08,No,0,0,87.68
TXN11857,BNPL5454,Regular User,2024-11-14,2024-11,Klarna,"Fast Fashion (Shein, Temu, ASOS)",51.43,4,12.86,2025-01-09,No,0,0,51.43
TXN11858,BNPL5454,Regular User,2024-06-11,2024-06,Afterpay,Electronics and Tech,304.91,6,50.82,2024-09-03,Yes,1,8.0,312.91
TXN11859,BNPL5454,Regular User,2024-04-19,2024-04,Klarna,"Fast Fashion (Shein, Temu, ASOS)",49.2,3,16.4,2024-05-31,No,0,0,49.2
TXN11860,BNPL5454,Regular User,2024-06-24,2024-06,Klarna,Electronics and Tech,349.73,4,87.43,2024-08-19,No,0,0,349.73
TXN11861,BNPL5454,Regular User,2024-06-23,2024-06,Sezzle,Electronics and Tech,445.76,4,111.44,2024-08-18,No,0,0,445.76
TXN11862,BNPL5454,Regular User,2024-07-24,2024-07,Sezzle,"Fast Fashion (Shein, Temu, ASOS)",52.32,4,13.08,2024-09-18,Yes,1,8.0,60.32
TXN11863,BNPL5454,Regular User,2024-06-15,2024-06,Afterpay,"Fast Fashion (Shein, Temu, ASOS)",73.87,6,12.31,2024-09-07,No,0,0,73.87
TXN11864,BNPL5454,Regular User,2024-08-24,2024-08,Afterpay,Beauty and Skincare,106.06,4,26.52,2024-10-19,No,0,0,106.06
TXN11865,BNPL5454,Regular User,2024-11-07,2024-11,PayBright,Beauty and Skincare,78.72,4,19.68,2025-01-02,No,0,0,78.72
TXN11866,BNPL5455,Occasional User,2024-06-25,2024-06,Afterpay,"Fast Fashion (Shein, Temu, ASOS)",73.38,4,18.34,2024-08-20,No,0,0,73.38
TXN11867,BNPL5455,Occasional User,2024-10-02,2024-10,Klarna,Home and Furniture,414.31,4,103.58,2024-11-27,No,0,0,414.31
TXN11868,BNPL5456,High Exposure User,2024-10-19,2024-10,Paidy,"Fast Fashion (Shein, Temu, ASOS)",53.26,4,13.31,2024-12-14,No,0,0,53.26
TXN11869,BNPL5456,High Exposure User,2024-04-06,2024-04,Klarna,Electronics and Tech,449.26,6,74.88,2024-06-29,No,0,0,449.26
TXN11870,BNPL5456,High Exposure User,2024-01-13,2024-01,Afterpay,Footwear,153.11,6,25.52,2024-04-06,Yes,2,16.0,169.11
TXN11871,BNPL5456,High Exposure User,2024-09-06,2024-09,Afterpay,Beauty and Skincare,84.17,6,14.03,2024-11-29,No,0,0,84.17
TXN11872,BNPL5456,High Exposure User,2024-10-24,2024-10,Paidy,"Fast Fashion (Shein, Temu, ASOS)",72.49,4,18.12,2024-12-19,No,0,0,72.49
TXN11873,BNPL5456,High Exposure User,2024-05-30,2024-05,Afterpay,"Fast Fashion (Shein, Temu, ASOS)",56.94,6,9.49,2024-08-22,No,0,0,56.94
TXN11874,BNPL5456,High Exposure User,2024-09-22,2024-09,Sezzle,"Fast Fashion (Shein, Temu, ASOS)",74.46,6,12.41,2024-12-15,Yes,1,8.0,82.46
TXN11875,BNPL5456,High Exposure User,2024-01-12,2024-01,Klarna,Beauty and Skincare,80.37,3,26.79,2024-02-23,No,0,0,80.37
TXN11876,BNPL5456,High Exposure User,2024-11-16,2024-11,Afterpay,Beauty and Skincare,97.64,3,32.55,2024-12-28,Yes,2,16.0,113.64
TXN11877,BNPL5456,High Exposure User,2024-05-21,2024-05,Sezzle,Footwear,148.16,3,49.39,2024-07-02,No,0,0,148.16
TXN11878,BNPL5456,High Exposure User,2024-06-11,2024-06,Sezzle,Electronics and Tech,246.46,3,82.15,2024-07-23,No,0,0,246.46
TXN11879,BNPL5457,Occasional User,2024-05-17,2024-05,Sezzle,Beauty and Skincare,66.77,4,16.69,2024-07-12,Yes,2,16.0,82.77
TXN11880,BNPL5458,Regular User,2024-10-17,2024-10,PayBright,Beauty and Skincare,50.02,4,12.51,2024-12-12,No,0,0,50.02
TXN11881,BNPL5458,Regular User,2024-01-11,2024-01,PayBright,"Fast Fashion (Shein, Temu, ASOS)",96.57,3,32.19,2024-02-22,No,0,0,96.57
TXN11882,BNPL5458,Regular User,2024-11-02,2024-11,Klarna,Beauty and Skincare,83.84,4,20.96,2024-12-28,No,0,0,83.84
TXN11883,BNPL5458,Regular User,2024-12-21,2024-12,Klarna,Beauty and Skincare,75.71,4,18.93,2025-02-15,No,0,0,75.71
TXN11884,BNPL5458,Regular User,2024-08-10,2024-08,Afterpay,Home and Furniture,222.02,4,55.51,2024-10-05,No,0,0,222.02
TXN11885,BNPL5458,Regular User,2024-08-23,2024-08,Afterpay,"Fast Fashion (Shein, Temu, ASOS)",54.12,3,18.04,2024-10-04,No,0,0,54.12
TXN11886,BNPL5458,Regular User,2024-01-18,2024-01,Afterpay,"Fast Fashion (Shein, Temu, ASOS)",43.78,4,10.95,2024-03-14,No,0,0,43.78
TXN11887,BNPL5459,Occasional User,2024-11-27,2024-11,Afterpay,Sporting Goods,176.58,3,58.86,2025-01-08,No,0,0,176.58
TXN11888,BNPL5459,Occasional User,2024-11-07,2024-11,Klarna,Home and Furniture,236.55,4,59.14,2025-01-02,No,0,0,236.55
TXN11889,BNPL5460,Occasional User,2024-10-04,2024-10,PayBright,Home and Furniture,464.3,6,77.38,2024-12-27,No,0,0,464.3
TXN11890,BNPL5460,Occasional User,2024-10-26,2024-10,PayBright,Beauty and Skincare,65.43,4,16.36,2024-12-21,No,0,0,65.43
TXN11891,BNPL5461,Regular User,2024-01-01,2024-01,Afterpay,Footwear,97.22,4,24.3,2024-02-26,No,0,0,97.22
TXN11892,BNPL5461,Regular User,2024-03-17,2024-03,Sezzle,Electronics and Tech,369.19,6,61.53,2024-06-09,No,0,0,369.19
TXN11893,BNPL5461,Regular User,2024-02-11,2024-02,Klarna,Footwear,152.97,6,25.5,2024-05-05,No,0,0,152.97
TXN11894,BNPL5461,Regular User,2024-08-06,2024-08,Afterpay,Sporting Goods,211.72,3,70.57,2024-09-17,Yes,2,16.0,227.72
TXN11895,BNPL5461,Regular User,2024-07-23,2024-07,Klarna,"Fast Fashion (Shein, Temu, ASOS)",54.98,3,18.33,2024-09-03,Yes,1,8.0,62.98
TXN11896,BNPL5461,Regular User,2024-06-03,2024-06,Klarna,"Fast Fashion (Shein, Temu, ASOS)",45.14,4,11.29,2024-07-29,No,0,0,45.14
TXN11897,BNPL5461,Regular User,2024-12-19,2024-12,Afterpay,"Fast Fashion (Shein, Temu, ASOS)",58.93,4,14.73,2025-02-13,No,0,0,58.93
TXN11898,BNPL5462,Occasional User,2024-11-05,2024-11,Klarna,"Fast Fashion (Shein, Temu, ASOS)",45.1,4,11.28,2024-12-31,No,0,0,45.1
TXN11899,BNPL5462,Occasional User,2024-09-22,2024-09,Klarna,"Fast Fashion (Shein, Temu, ASOS)",54.64,6,9.11,2024-12-15,No,0,0,54.64
TXN11900,BNPL5463,Occasional User,2024-01-16,2024-01,Klarna,Home and Furniture,235.95,4,58.99,2024-03-12,No,0,0,235.95
TXN11901,BNPL5463,Occasional User,2024-10-06,2024-10,Klarna,Footwear,119.31,3,39.77,2024-11-17,No,0,0,119.31
TXN11902,BNPL5464,High Exposure User,2024-09-10,2024-09,Paidy,Footwear,120.91,4,30.23,2024-11-05,Yes,2,16.0,136.91
TXN11903,BNPL5464,High Exposure User,2024-01-19,2024-01,PayBright,"Fast Fashion (Shein, Temu, ASOS)",86.08,4,21.52,2024-03-15,No,0,0,86.08
TXN11904,BNPL5464,High Exposure User,2024-09-24,2024-09,Sezzle,Beauty and Skincare,56.53,3,18.84,2024-11-05,No,0,0,56.53
TXN11905,BNPL5464,High Exposure User,2024-03-21,2024-03,Afterpay,"Fast Fashion (Shein, Temu, ASOS)",55.27,4,13.82,2024-05-16,Yes,1,8.0,63.27
TXN11906,BNPL5464,High Exposure User,2024-10-03,2024-10,Afterpay,"Fast Fashion (Shein, Temu, ASOS)",66.7,4,16.68,2024-11-28,No,0,0,66.7
TXN11907,BNPL5464,High Exposure User,2024-06-09,2024-06,Klarna,Sporting Goods,184.09,4,46.02,2024-08-04,Yes,1,8.0,192.09
TXN11908,BNPL5464,High Exposure User,2024-11-29,2024-11,PayBright,"Fast Fashion (Shein, Temu, ASOS)",62.7,4,15.68,2025-01-24,Yes,2,16.0,78.7
TXN11909,BNPL5464,High Exposure User,2024-12-07,2024-12,Afterpay,Beauty and Skincare,55.26,3,18.42,2025-01-18,No,0,0,55.26
TXN11910,BNPL5464,High Exposure User,2024-11-17,2024-11,Afterpay,Home and Furniture,379.3,3,126.43,2024-12-29,No,0,0,379.3
TXN11911,BNPL5464,High Exposure User,2024-09-27,2024-09,Sezzle,Electronics and Tech,363.91,4,90.98,2024-11-22,Yes,2,16.0,379.91
TXN11912,BNPL5464,High Exposure User,2024-11-21,2024-11,Sezzle,"Fast Fashion (Shein, Temu, ASOS)",68.17,4,17.04,2025-01-16,No,0,0,68.17
TXN11913,BNPL5465,Occasional User,2024-04-19,2024-04,PayBright,"Fast Fashion (Shein, Temu, ASOS)",79.56,4,19.89,2024-06-14,No,0,0,79.56
TXN11914,BNPL5466,Regular User,2024-05-30,2024-05,Afterpay,"Fast Fashion (Shein, Temu, ASOS)",68.18,4,17.05,2024-07-25,No,0,0,68.18
TXN11915,BNPL5466,Regular User,2024-12-29,2024-12,Klarna,Footwear,160.03,4,40.01,2025-02-23,Yes,1,8.0,168.03
TXN11916,BNPL5466,Regular User,2024-09-01,2024-09,Afterpay,Sporting Goods,217.35,6,36.23,2024-11-24,No,0,0,217.35
TXN11917,BNPL5466,Regular User,2024-03-08,2024-03,Sezzle,"Fast Fashion (Shein, Temu, ASOS)",49.42,4,12.36,2024-05-03,No,0,0,49.42
TXN11918,BNPL5466,Regular User,2024-02-12,2024-02,Afterpay,Beauty and Skincare,88.24,3,29.41,2024-03-25,No,0,0,88.24
TXN11919,BNPL5466,Regular User,2024-03-28,2024-03,Afterpay,Footwear,175.93,3,58.64,2024-05-09,No,0,0,175.93
TXN11920,BNPL5466,Regular User,2024-08-29,2024-08,Sezzle,Sporting Goods,192.85,6,32.14,2024-11-21,No,0,0,192.85
TXN11921,BNPL5466,Regular User,2024-08-19,2024-08,Paidy,"Fast Fashion (Shein, Temu, ASOS)",71.29,3,23.76,2024-09-30,No,0,0,71.29
TXN11922,BNPL5466,Regular User,2024-07-28,2024-07,Klarna,Home and Furniture,349.05,6,58.18,2024-10-20,No,0,0,349.05
TXN11923,BNPL5467,High Exposure User,2024-03-07,2024-03,Klarna,Beauty and Skincare,73.1,4,18.27,2024-05-02,Yes,2,16.0,89.1
TXN11924,BNPL5467,High Exposure User,2024-11-18,2024-11,PayBright,Electronics and Tech,240.7,4,60.17,2025-01-13,No,0,0,240.7
TXN11925,BNPL5467,High Exposure User,2024-06-21,2024-06,Sezzle,Sporting Goods,159.98,6,26.66,2024-09-13,No,0,0,159.98
TXN11926,BNPL5467,High Exposure User,2024-06-10,2024-06,PayBright,Footwear,126.12,6,21.02,2024-09-02,No,0,0,126.12
TXN11927,BNPL5467,High Exposure User,2024-02-04,2024-02,Klarna,Sporting Goods,248.37,3,82.79,2024-03-17,Yes,1,8.0,256.37
TXN11928,BNPL5467,High Exposure User,2024-10-27,2024-10,Klarna,Electronics and Tech,295.07,4,73.77,2024-12-22,No,0,0,295.07
TXN11929,BNPL5468,High Exposure User,2024-11-06,2024-11,PayBright,Beauty and Skincare,61.05,4,15.26,2025-01-01,No,0,0,61.05
TXN11930,BNPL5468,High Exposure User,2024-12-06,2024-12,Afterpay,Beauty and Skincare,64.73,4,16.18,2025-01-31,No,0,0,64.73
TXN11931,BNPL5468,High Exposure User,2024-12-10,2024-12,Afterpay,"Fast Fashion (Shein, Temu, ASOS)",43.91,4,10.98,2025-02-04,Yes,2,16.0,59.91
TXN11932,BNPL5468,High Exposure User,2024-10-10,2024-10,Sezzle,Beauty and Skincare,77.6,6,12.93,2025-01-02,No,0,0,77.6
TXN11933,BNPL5468,High Exposure User,2024-04-25,2024-04,Afterpay,"Fast Fashion (Shein, Temu, ASOS)",64.66,6,10.78,2024-07-18,Yes,2,16.0,80.66
TXN11934,BNPL5468,High Exposure User,2024-10-04,2024-10,PayBright,Sporting Goods,234.47,4,58.62,2024-11-29,No,0,0,234.47
TXN11935,BNPL5468,High Exposure User,2024-12-17,2024-12,Klarna,Beauty and Skincare,59.44,4,14.86,2025-02-11,No,0,0,59.44
TXN11936,BNPL5468,High Exposure User,2024-08-05,2024-08,Klarna,Beauty and Skincare,75.78,6,12.63,2024-10-28,No,0,0,75.78
TXN11937,BNPL5468,High Exposure User,2024-01-12,2024-01,Sezzle,Sporting Goods,164.41,4,41.1,2024-03-08,No,0,0,164.41
TXN11938,BNPL5468,High Exposure User,2024-12-12,2024-12,Afterpay,Electronics and Tech,92.79,4,23.2,2025-02-06,Yes,1,8.0,100.79
TXN11939,BNPL5468,High Exposure User,2024-08-31,2024-08,PayBright,Footwear,163.9,6,27.32,2024-11-23,Yes,2,16.0,179.9
TXN11940,BNPL5468,High Exposure User,2024-06-20,2024-06,Sezzle,Electronics and Tech,327.51,3,109.17,2024-08-01,No,0,0,327.51
TXN11941,BNPL5468,High Exposure User,2024-07-31,2024-07,Afterpay,Footwear,132.62,4,33.16,2024-09-25,Yes,2,16.0,148.62
TXN11942,BNPL5468,High Exposure User,2024-09-10,2024-09,PayBright,Home and Furniture,258.91,6,43.15,2024-12-03,No,0,0,258.91
TXN11943,BNPL5468,High Exposure User,2024-03-25,2024-03,Klarna,Beauty and Skincare,87.28,4,21.82,2024-05-20,Yes,1,8.0,95.28
TXN11944,BNPL5468,High Exposure User,2024-09-06,2024-09,Sezzle,Sporting Goods,213.67,6,35.61,2024-11-29,No,0,0,213.67
TXN11945,BNPL5468,High Exposure User,2024-05-29,2024-05,Afterpay,Electronics and Tech,294.64,4,73.66,2024-07-24,No,0,0,294.64
TXN11946,BNPL5468,High Exposure User,2024-01-22,2024-01,Sezzle,"Fast Fashion (Shein, Temu, ASOS)",54.39,6,9.06,2024-04-15,Yes,1,8.0,62.39
TXN11947,BNPL5469,Regular User,2024-04-17,2024-04,Klarna,"Fast Fashion (Shein, Temu, ASOS)",48.29,4,12.07,2024-06-12,No,0,0,48.29
TXN11948,BNPL5469,Regular User,2024-11-26,2024-11,PayBright,Footwear,105.25,4,26.31,2025-01-21,No,0,0,105.25
TXN11949,BNPL5469,Regular User,2024-03-04,2024-03,Sezzle,"Fast Fashion (Shein, Temu, ASOS)",70.57,4,17.64,2024-04-29,Yes,1,8.0,78.57
TXN11950,BNPL5469,Regular User,2024-07-07,2024-07,Sezzle,Footwear,137.0,6,22.83,2024-09-29,Yes,2,16.0,153.0
TXN11951,BNPL5469,Regular User,2024-09-27,2024-09,Klarna,"Fast Fashion (Shein, Temu, ASOS)",44.71,4,11.18,2024-11-22,No,0,0,44.71
TXN11952,BNPL5469,Regular User,2024-08-14,2024-08,Paidy,"Fast Fashion (Shein, Temu, ASOS)",62.44,4,15.61,2024-10-09,No,0,0,62.44
TXN11953,BNPL5470,Occasional User,2024-05-18,2024-05,Afterpay,Sporting Goods,259.63,3,86.54,2024-06-29,No,0,0,259.63
TXN11954,BNPL5471,Occasional User,2024-08-09,2024-08,PayBright,Home and Furniture,281.31,6,46.88,2024-11-01,No,0,0,281.31
TXN11955,BNPL5472,High Exposure User,2024-07-10,2024-07,Sezzle,Home and Furniture,216.27,3,72.09,2024-08-21,Yes,1,8.0,224.27
TXN11956,BNPL5472,High Exposure User,2024-08-23,2024-08,Afterpay,Electronics and Tech,346.16,4,86.54,2024-10-18,No,0,0,346.16
TXN11957,BNPL5472,High Exposure User,2024-08-30,2024-08,Afterpay,Home and Furniture,473.9,4,118.47,2024-10-25,No,0,0,473.9
TXN11958,BNPL5472,High Exposure User,2024-12-12,2024-12,Sezzle,Electronics and Tech,342.98,4,85.75,2025-02-06,Yes,1,8.0,350.98
TXN11959,BNPL5472,High Exposure User,2024-09-20,2024-09,Afterpay,Beauty and Skincare,82.26,6,13.71,2024-12-13,No,0,0,82.26
TXN11960,BNPL5472,High Exposure User,2024-08-10,2024-08,Afterpay,Beauty and Skincare,115.41,4,28.85,2024-10-05,No,0,0,115.41
TXN11961,BNPL5472,High Exposure User,2024-05-26,2024-05,PayBright,Home and Furniture,353.65,4,88.41,2024-07-21,Yes,2,16.0,369.65
TXN11962,BNPL5472,High Exposure User,2024-04-07,2024-04,Afterpay,Electronics and Tech,304.95,4,76.24,2024-06-02,No,0,0,304.95
TXN11963,BNPL5472,High Exposure User,2024-06-30,2024-06,Afterpay,Home and Furniture,528.04,4,132.01,2024-08-25,Yes,1,8.0,536.04
TXN11964,BNPL5472,High Exposure User,2024-08-25,2024-08,Sezzle,Sporting Goods,251.68,4,62.92,2024-10-20,No,0,0,251.68
TXN11965,BNPL5472,High Exposure User,2024-04-09,2024-04,Klarna,Beauty and Skincare,79.82,4,19.95,2024-06-04,No,0,0,79.82
TXN11966,BNPL5472,High Exposure User,2024-11-22,2024-11,PayBright,Footwear,161.7,6,26.95,2025-02-14,No,0,0,161.7
TXN11967,BNPL5472,High Exposure User,2024-02-09,2024-02,Sezzle,Home and Furniture,329.85,4,82.46,2024-04-05,No,0,0,329.85
TXN11968,BNPL5472,High Exposure User,2024-07-07,2024-07,Klarna,Electronics and Tech,247.84,3,82.61,2024-08-18,Yes,2,16.0,263.84
TXN11969,BNPL5472,High Exposure User,2024-03-13,2024-03,Afterpay,"Fast Fashion (Shein, Temu, ASOS)",56.1,3,18.7,2024-04-24,No,0,0,56.1
TXN11970,BNPL5472,High Exposure User,2024-03-02,2024-03,Sezzle,Beauty and Skincare,106.9,6,17.82,2024-05-25,No,0,0,106.9
TXN11971,BNPL5472,High Exposure User,2024-12-04,2024-12,Sezzle,Footwear,90.43,4,22.61,2025-01-29,No,0,0,90.43
TXN11972,BNPL5472,High Exposure User,2024-10-29,2024-10,PayBright,Beauty and Skincare,64.25,4,16.06,2024-12-24,No,0,0,64.25
TXN11973,BNPL5473,Regular User,2024-10-05,2024-10,Afterpay,Footwear,79.53,4,19.88,2024-11-30,No,0,0,79.53
TXN11974,BNPL5473,Regular User,2024-03-30,2024-03,Klarna,"Fast Fashion (Shein, Temu, ASOS)",48.67,4,12.17,2024-05-25,Yes,1,8.0,56.67
TXN11975,BNPL5473,Regular User,2024-10-24,2024-10,Afterpay,Footwear,150.41,4,37.6,2024-12-19,No,0,0,150.41
TXN11976,BNPL5473,Regular User,2024-02-12,2024-02,PayBright,Footwear,86.53,3,28.84,2024-03-25,No,0,0,86.53
TXN11977,BNPL5473,Regular User,2024-12-02,2024-12,Klarna,Footwear,140.47,4,35.12,2025-01-27,No,0,0,140.47
TXN11978,BNPL5473,Regular User,2024-09-11,2024-09,Afterpay,"Fast Fashion (Shein, Temu, ASOS)",80.71,4,20.18,2024-11-06,Yes,2,16.0,96.71
TXN11979,BNPL5474,Occasional User,2024-12-19,2024-12,Afterpay,Sporting Goods,196.86,4,49.22,2025-02-13,No,0,0,196.86
TXN11980,BNPL5475,Regular User,2024-12-25,2024-12,Klarna,Home and Furniture,330.6,4,82.65,2025-02-19,No,0,0,330.6
TXN11981,BNPL5475,Regular User,2024-12-04,2024-12,Afterpay,Electronics and Tech,222.78,3,74.26,2025-01-15,No,0,0,222.78
TXN11982,BNPL5475,Regular User,2024-08-24,2024-08,Afterpay,Beauty and Skincare,42.87,6,7.14,2024-11-16,No,0,0,42.87
TXN11983,BNPL5475,Regular User,2024-07-05,2024-07,PayBright,"Fast Fashion (Shein, Temu, ASOS)",45.34,3,15.11,2024-08-16,Yes,2,16.0,61.34
TXN11984,BNPL5475,Regular User,2024-12-12,2024-12,PayBright,Beauty and Skincare,67.83,4,16.96,2025-02-06,Yes,2,16.0,83.83
TXN11985,BNPL5475,Regular User,2024-11-23,2024-11,Klarna,Electronics and Tech,328.56,4,82.14,2025-01-18,No,0,0,328.56
TXN11986,BNPL5475,Regular User,2024-04-23,2024-04,Afterpay,Electronics and Tech,251.99,6,42.0,2024-07-16,No,0,0,251.99
TXN11987,BNPL5475,Regular User,2024-11-04,2024-11,Klarna,"Fast Fashion (Shein, Temu, ASOS)",64.32,3,21.44,2024-12-16,Yes,1,8.0,72.32
TXN11988,BNPL5475,Regular User,2024-05-23,2024-05,Afterpay,Electronics and Tech,336.06,3,112.02,2024-07-04,No,0,0,336.06
TXN11989,BNPL5476,Regular User,2024-10-14,2024-10,Klarna,Footwear,173.71,3,57.9,2024-11-25,No,0,0,173.71
TXN11990,BNPL5476,Regular User,2024-11-10,2024-11,Afterpay,"Fast Fashion (Shein, Temu, ASOS)",62.73,4,15.68,2025-01-05,No,0,0,62.73
TXN11991,BNPL5476,Regular User,2024-01-07,2024-01,Sezzle,Beauty and Skincare,80.09,4,20.02,2024-03-03,No,0,0,80.09
TXN11992,BNPL5476,Regular User,2024-04-05,2024-04,Sezzle,Beauty and Skincare,71.43,4,17.86,2024-05-31,No,0,0,71.43
TXN11993,BNPL5476,Regular User,2024-09-24,2024-09,Afterpay,"Fast Fashion (Shein, Temu, ASOS)",60.81,4,15.2,2024-11-19,No,0,0,60.81
TXN11994,BNPL5476,Regular User,2024-05-21,2024-05,Klarna,Home and Furniture,390.59,4,97.65,2024-07-16,No,0,0,390.59
TXN11995,BNPL5476,Regular User,2024-01-22,2024-01,Sezzle,"Fast Fashion (Shein, Temu, ASOS)",52.73,6,8.79,2024-04-15,No,0,0,52.73
TXN11996,BNPL5476,Regular User,2024-02-10,2024-02,Klarna,Footwear,129.85,3,43.28,2024-03-23,Yes,1,8.0,137.85
TXN11997,BNPL5476,Regular User,2024-05-16,2024-05,Afterpay,Home and Furniture,416.93,4,104.23,2024-07-11,Yes,1,8.0,424.93
TXN11998,BNPL5477,High Exposure User,2024-04-14,2024-04,Afterpay,"Fast Fashion (Shein, Temu, ASOS)",25,3,8.33,2024-05-26,No,0,0,25
TXN11999,BNPL5477,High Exposure User,2024-05-18,2024-05,Afterpay,Sporting Goods,148.75,6,24.79,2024-08-10,Yes,2,16.0,164.75
TXN12000,BNPL5477,High Exposure User,2024-09-04,2024-09,Afterpay,"Fast Fashion (Shein, Temu, ASOS)",58.29,4,14.57,2024-10-30,Yes,2,16.0,74.29
TXN12001,BNPL5477,High Exposure User,2024-03-30,2024-03,Sezzle,Home and Furniture,360.87,4,90.22,2024-05-25,Yes,2,16.0,376.87
TXN12002,BNPL5477,High Exposure User,2024-07-05,2024-07,Afterpay,Footwear,117.57,4,29.39,2024-08-30,No,0,0,117.57
TXN12003,BNPL5477,High Exposure User,2024-05-12,2024-05,Afterpay,"Fast Fashion (Shein, Temu, ASOS)",68.97,6,11.49,2024-08-04,Yes,2,16.0,84.97
TXN12004,BNPL5477,High Exposure User,2024-02-15,2024-02,Klarna,"Fast Fashion (Shein, Temu, ASOS)",44.08,4,11.02,2024-04-11,Yes,1,8.0,52.08
TXN12005,BNPL5477,High Exposure User,2024-02-17,2024-02,Sezzle,"Fast Fashion (Shein, Temu, ASOS)",57.74,4,14.44,2024-04-13,No,0,0,57.74
TXN12006,BNPL5477,High Exposure User,2024-07-29,2024-07,Sezzle,Sporting Goods,142.71,4,35.68,2024-09-23,Yes,1,8.0,150.71
TXN12007,BNPL5477,High Exposure User,2024-04-19,2024-04,Afterpay,"Fast Fashion (Shein, Temu, ASOS)",74.81,4,18.7,2024-06-14,No,0,0,74.81
TXN12008,BNPL5478,Occasional User,2024-01-05,2024-01,Afterpay,Electronics and Tech,346.7,6,57.78,2024-03-29,No,0,0,346.7
TXN12009,BNPL5479,Occasional User,2024-04-08,2024-04,Paidy,"Fast Fashion (Shein, Temu, ASOS)",44.63,4,11.16,2024-06-03,No,0,0,44.63
TXN12010,BNPL5480,Occasional User,2024-06-28,2024-06,Afterpay,Beauty and Skincare,77.98,6,13.0,2024-09-20,No,0,0,77.98
TXN12011,BNPL5481,Occasional User,2024-08-31,2024-08,Sezzle,Footwear,53.2,4,13.3,2024-10-26,No,0,0,53.2
TXN12012,BNPL5482,Occasional User,2024-09-07,2024-09,Klarna,Beauty and Skincare,72.94,4,18.23,2024-11-02,No,0,0,72.94
TXN12013,BNPL5482,Occasional User,2024-08-31,2024-08,Afterpay,"Fast Fashion (Shein, Temu, ASOS)",39.62,4,9.9,2024-10-26,No,0,0,39.62
TXN12014,BNPL5483,Regular User,2024-09-01,2024-09,Sezzle,Electronics and Tech,276.12,3,92.04,2024-10-13,No,0,0,276.12
TXN12015,BNPL5483,Regular User,2024-12-02,2024-12,Afterpay,Footwear,130.78,6,21.8,2025-02-24,No,0,0,130.78
TXN12016,BNPL5483,Regular User,2024-08-23,2024-08,Klarna,Footwear,77.26,6,12.88,2024-11-15,No,0,0,77.26
TXN12017,BNPL5483,Regular User,2024-03-05,2024-03,Sezzle,Beauty and Skincare,74.17,6,12.36,2024-05-28,No,0,0,74.17
TXN12018,BNPL5483,Regular User,2024-05-09,2024-05,Paidy,Beauty and Skincare,77.32,4,19.33,2024-07-04,No,0,0,77.32
TXN12019,BNPL5483,Regular User,2024-08-23,2024-08,Afterpay,"Fast Fashion (Shein, Temu, ASOS)",61.95,4,15.49,2024-10-18,No,0,0,61.95
TXN12020,BNPL5483,Regular User,2024-04-04,2024-04,Klarna,"Fast Fashion (Shein, Temu, ASOS)",71.09,4,17.77,2024-05-30,No,0,0,71.09
TXN12021,BNPL5483,Regular User,2024-12-15,2024-12,Klarna,Sporting Goods,191.08,6,31.85,2025-03-09,Yes,1,8.0,199.08
TXN12022,BNPL5484,Occasional User,2024-12-11,2024-12,Afterpay,"Fast Fashion (Shein, Temu, ASOS)",56.27,3,18.76,2025-01-22,No,0,0,56.27
TXN12023,BNPL5485,Occasional User,2024-03-09,2024-03,Afterpay,Footwear,114.32,4,28.58,2024-05-04,No,0,0,114.32
TXN12024,BNPL5485,Occasional User,2024-08-03,2024-08,Sezzle,Beauty and Skincare,97.7,6,16.28,2024-10-26,No,0,0,97.7
TXN12025,BNPL5486,Occasional User,2024-05-22,2024-05,Sezzle,Footwear,146.78,4,36.7,2024-07-17,No,0,0,146.78
TXN12026,BNPL5487,Regular User,2024-04-25,2024-04,Afterpay,"Fast Fashion (Shein, Temu, ASOS)",47.68,6,7.95,2024-07-18,No,0,0,47.68
TXN12027,BNPL5487,Regular User,2024-08-15,2024-08,Klarna,"Fast Fashion (Shein, Temu, ASOS)",95.97,4,23.99,2024-10-10,No,0,0,95.97
TXN12028,BNPL5487,Regular User,2024-04-12,2024-04,Klarna,Footwear,115.15,6,19.19,2024-07-05,No,0,0,115.15
TXN12029,BNPL5487,Regular User,2024-03-17,2024-03,Afterpay,"Fast Fashion (Shein, Temu, ASOS)",68.55,4,17.14,2024-05-12,No,0,0,68.55
TXN12030,BNPL5487,Regular User,2024-11-06,2024-11,Sezzle,Electronics and Tech,391.01,4,97.75,2025-01-01,Yes,2,16.0,407.01
TXN12031,BNPL5487,Regular User,2024-08-08,2024-08,Afterpay,Home and Furniture,298.14,3,99.38,2024-09-19,No,0,0,298.14
TXN12032,BNPL5488,Regular User,2024-08-22,2024-08,Sezzle,"Fast Fashion (Shein, Temu, ASOS)",76.51,4,19.13,2024-10-17,No,0,0,76.51
TXN12033,BNPL5488,Regular User,2024-05-20,2024-05,Klarna,"Fast Fashion (Shein, Temu, ASOS)",25,4,6.25,2024-07-15,No,0,0,25
TXN12034,BNPL5488,Regular User,2024-06-19,2024-06,Afterpay,Home and Furniture,333.84,4,83.46,2024-08-14,No,0,0,333.84
TXN12035,BNPL5489,High Exposure User,2024-09-21,2024-09,Paidy,Electronics and Tech,321.38,4,80.34,2024-11-16,No,0,0,321.38
TXN12036,BNPL5489,High Exposure User,2024-05-04,2024-05,Afterpay,Footwear,112.77,4,28.19,2024-06-29,No,0,0,112.77
TXN12037,BNPL5489,High Exposure User,2024-04-29,2024-04,Afterpay,Home and Furniture,338.59,3,112.86,2024-06-10,No,0,0,338.59
TXN12038,BNPL5489,High Exposure User,2024-10-31,2024-10,Sezzle,"Fast Fashion (Shein, Temu, ASOS)",68.02,4,17.0,2024-12-26,No,0,0,68.02
TXN12039,BNPL5489,High Exposure User,2024-01-20,2024-01,Afterpay,"Fast Fashion (Shein, Temu, ASOS)",73.31,4,18.33,2024-03-16,Yes,2,16.0,89.31
TXN12040,BNPL5489,High Exposure User,2024-04-12,2024-04,Afterpay,Sporting Goods,187.02,4,46.76,2024-06-07,No,0,0,187.02
TXN12041,BNPL5489,High Exposure User,2024-10-07,2024-10,Klarna,Footwear,133.45,6,22.24,2024-12-30,No,0,0,133.45
TXN12042,BNPL5489,High Exposure User,2024-12-13,2024-12,Paidy,"Fast Fashion (Shein, Temu, ASOS)",38.98,4,9.74,2025-02-07,No,0,0,38.98
TXN12043,BNPL5489,High Exposure User,2024-10-17,2024-10,Klarna,"Fast Fashion (Shein, Temu, ASOS)",55.39,4,13.85,2024-12-12,No,0,0,55.39
TXN12044,BNPL5489,High Exposure User,2024-07-16,2024-07,Sezzle,Beauty and Skincare,79.83,4,19.96,2024-09-10,No,0,0,79.83
TXN12045,BNPL5489,High Exposure User,2024-07-18,2024-07,PayBright,Home and Furniture,318.31,3,106.1,2024-08-29,No,0,0,318.31
TXN12046,BNPL5489,High Exposure User,2024-06-11,2024-06,Afterpay,"Fast Fashion (Shein, Temu, ASOS)",68.8,4,17.2,2024-08-06,Yes,1,8.0,76.8
TXN12047,BNPL5489,High Exposure User,2024-10-01,2024-10,Sezzle,Beauty and Skincare,89.42,6,14.9,2024-12-24,No,0,0,89.42
TXN12048,BNPL5489,High Exposure User,2024-10-23,2024-10,Paidy,Home and Furniture,435.8,4,108.95,2024-12-18,No,0,0,435.8
TXN12049,BNPL5490,Occasional User,2024-09-21,2024-09,Klarna,Sporting Goods,148.65,4,37.16,2024-11-16,No,0,0,148.65
TXN12050,BNPL5490,Occasional User,2024-05-22,2024-05,Klarna,Beauty and Skincare,55.93,4,13.98,2024-07-17,No,0,0,55.93
TXN12051,BNPL5491,Regular User,2024-05-13,2024-05,Sezzle,Footwear,109.53,4,27.38,2024-07-08,No,0,0,109.53
TXN12052,BNPL5491,Regular User,2024-08-22,2024-08,Afterpay,Sporting Goods,238.16,3,79.39,2024-10-03,No,0,0,238.16
TXN12053,BNPL5491,Regular User,2024-03-06,2024-03,PayBright,Sporting Goods,177.79,6,29.63,2024-05-29,No,0,0,177.79
TXN12054,BNPL5491,Regular User,2024-03-16,2024-03,Sezzle,Home and Furniture,375.17,4,93.79,2024-05-11,No,0,0,375.17
TXN12055,BNPL5491,Regular User,2024-09-16,2024-09,PayBright,Home and Furniture,311.39,3,103.8,2024-10-28,No,0,0,311.39
TXN12056,BNPL5491,Regular User,2024-08-03,2024-08,Klarna,Home and Furniture,378.72,6,63.12,2024-10-26,No,0,0,378.72
TXN12057,BNPL5492,Regular User,2024-03-05,2024-03,Afterpay,Footwear,70.81,4,17.7,2024-04-30,No,0,0,70.81
TXN12058,BNPL5492,Regular User,2024-04-12,2024-04,Klarna,Beauty and Skincare,93.87,4,23.47,2024-06-07,No,0,0,93.87
TXN12059,BNPL5493,Regular User,2024-05-22,2024-05,Paidy,Sporting Goods,241.21,4,60.3,2024-07-17,No,0,0,241.21
TXN12060,BNPL5493,Regular User,2024-11-24,2024-11,Afterpay,"Fast Fashion (Shein, Temu, ASOS)",41.0,4,10.25,2025-01-19,No,0,0,41.0
TXN12061,BNPL5493,Regular User,2024-03-28,2024-03,Paidy,Footwear,161.85,6,26.97,2024-06-20,No,0,0,161.85
TXN12062,BNPL5493,Regular User,2024-08-02,2024-08,Klarna,"Fast Fashion (Shein, Temu, ASOS)",60.58,4,15.14,2024-09-27,Yes,2,16.0,76.58
TXN12063,BNPL5493,Regular User,2024-07-18,2024-07,Afterpay,Home and Furniture,392.6,4,98.15,2024-09-12,No,0,0,392.6
TXN12064,BNPL5493,Regular User,2024-10-24,2024-10,Klarna,Beauty and Skincare,86.09,3,28.7,2024-12-05,No,0,0,86.09
TXN12065,BNPL5493,Regular User,2024-04-28,2024-04,Afterpay,Footwear,135.97,6,22.66,2024-07-21,No,0,0,135.97
TXN12066,BNPL5494,Occasional User,2024-09-18,2024-09,Klarna,Electronics and Tech,184.54,4,46.13,2024-11-13,No,0,0,184.54
TXN12067,BNPL5495,Occasional User,2024-08-04,2024-08,Klarna,Footwear,109.82,6,18.3,2024-10-27,No,0,0,109.82
TXN12068,BNPL5495,Occasional User,2024-04-24,2024-04,Afterpay,Beauty and Skincare,67.35,4,16.84,2024-06-19,No,0,0,67.35
TXN12069,BNPL5496,Regular User,2024-02-05,2024-02,Klarna,Beauty and Skincare,77.57,6,12.93,2024-04-29,No,0,0,77.57
TXN12070,BNPL5496,Regular User,2024-09-20,2024-09,Klarna,Footwear,116.27,3,38.76,2024-11-01,No,0,0,116.27
TXN12071,BNPL5496,Regular User,2024-12-20,2024-12,Klarna,"Fast Fashion (Shein, Temu, ASOS)",49.63,4,12.41,2025-02-14,No,0,0,49.63
TXN12072,BNPL5496,Regular User,2024-01-27,2024-01,Klarna,"Fast Fashion (Shein, Temu, ASOS)",64.28,4,16.07,2024-03-23,No,0,0,64.28
TXN12073,BNPL5496,Regular User,2024-07-28,2024-07,Klarna,Home and Furniture,242.79,6,40.46,2024-10-20,No,0,0,242.79
TXN12074,BNPL5497,Regular User,2024-07-31,2024-07,Klarna,Footwear,113.56,6,18.93,2024-10-23,No,0,0,113.56
TXN12075,BNPL5497,Regular User,2024-02-20,2024-02,Afterpay,"Fast Fashion (Shein, Temu, ASOS)",57.88,4,14.47,2024-04-16,No,0,0,57.88
TXN12076,BNPL5497,Regular User,2024-04-05,2024-04,Afterpay,Beauty and Skincare,44.19,6,7.36,2024-06-28,No,0,0,44.19
TXN12077,BNPL5497,Regular User,2024-04-11,2024-04,Afterpay,"Fast Fashion (Shein, Temu, ASOS)",45.73,4,11.43,2024-06-06,No,0,0,45.73
TXN12078,BNPL5497,Regular User,2024-11-06,2024-11,Afterpay,Beauty and Skincare,63.79,4,15.95,2025-01-01,No,0,0,63.79
TXN12079,BNPL5498,Regular User,2024-12-07,2024-12,Afterpay,Electronics and Tech,275.51,4,68.88,2025-02-01,No,0,0,275.51
TXN12080,BNPL5498,Regular User,2024-03-07,2024-03,Afterpay,Electronics and Tech,290.18,4,72.55,2024-05-02,No,0,0,290.18
TXN12081,BNPL5498,Regular User,2024-11-27,2024-11,Paidy,Footwear,153.42,4,38.35,2025-01-22,No,0,0,153.42
TXN12082,BNPL5498,Regular User,2024-05-21,2024-05,Klarna,Beauty and Skincare,44.26,6,7.38,2024-08-13,No,0,0,44.26
TXN12083,BNPL5498,Regular User,2024-07-15,2024-07,Paidy,Home and Furniture,410.71,4,102.68,2024-09-09,No,0,0,410.71
TXN12084,BNPL5498,Regular User,2024-08-24,2024-08,Klarna,Beauty and Skincare,89.85,4,22.46,2024-10-19,No,0,0,89.85
TXN12085,BNPL5498,Regular User,2024-04-09,2024-04,Afterpay,Footwear,133.56,6,22.26,2024-07-02,No,0,0,133.56
TXN12086,BNPL5498,Regular User,2024-03-04,2024-03,Sezzle,"Fast Fashion (Shein, Temu, ASOS)",55.55,6,9.26,2024-05-27,No,0,0,55.55
TXN12087,BNPL5498,Regular User,2024-03-18,2024-03,Afterpay,Footwear,139.49,4,34.87,2024-05-13,No,0,0,139.49
TXN12088,BNPL5499,High Exposure User,2024-01-07,2024-01,Klarna,Beauty and Skincare,94.95,4,23.74,2024-03-03,No,0,0,94.95
TXN12089,BNPL5499,High Exposure User,2024-02-15,2024-02,PayBright,Footwear,162.1,4,40.52,2024-04-11,No,0,0,162.1
TXN12090,BNPL5499,High Exposure User,2024-03-02,2024-03,Klarna,Beauty and Skincare,47.93,3,15.98,2024-04-13,No,0,0,47.93
TXN12091,BNPL5499,High Exposure User,2024-09-18,2024-09,Afterpay,Sporting Goods,209.09,6,34.85,2024-12-11,No,0,0,209.09
TXN12092,BNPL5499,High Exposure User,2024-12-04,2024-12,PayBright,Beauty and Skincare,56.19,3,18.73,2025-01-15,No,0,0,56.19
TXN12093,BNPL5499,High Exposure User,2024-07-24,2024-07,Sezzle,"Fast Fashion (Shein, Temu, ASOS)",78.15,4,19.54,2024-09-18,No,0,0,78.15
TXN12094,BNPL5499,High Exposure User,2024-09-24,2024-09,Sezzle,"Fast Fashion (Shein, Temu, ASOS)",35.74,4,8.94,2024-11-19,Yes,1,8.0,43.74
TXN12095,BNPL5499,High Exposure User,2024-09-18,2024-09,Afterpay,Beauty and Skincare,42.15,4,10.54,2024-11-13,Yes,1,8.0,50.15
TXN12096,BNPL5499,High Exposure User,2024-09-17,2024-09,Sezzle,Beauty and Skincare,79.53,4,19.88,2024-11-12,No,0,0,79.53
TXN12097,BNPL5499,High Exposure User,2024-11-06,2024-11,Paidy,Home and Furniture,278.64,6,46.44,2025-01-29,No,0,0,278.64
TXN12098,BNPL5499,High Exposure User,2024-08-19,2024-08,Afterpay,"Fast Fashion (Shein, Temu, ASOS)",77.56,4,19.39,2024-10-14,No,0,0,77.56
TXN12099,BNPL5499,High Exposure User,2024-11-15,2024-11,Afterpay,Footwear,119.94,4,29.98,2025-01-10,Yes,1,8.0,127.94
TXN12100,BNPL5500,Occasional User,2024-08-31,2024-08,Paidy,"Fast Fashion (Shein, Temu, ASOS)",63.83,4,15.96,2024-10-26,No,0,0,63.83
TXN12101,BNPL5500,Occasional User,2024-07-28,2024-07,Klarna,Sporting Goods,204.26,4,51.06,2024-09-22,No,0,0,204.26
TXN12102,BNPL5501,Regular User,2024-08-21,2024-08,Afterpay,Footwear,112.51,6,18.75,2024-11-13,No,0,0,112.51
TXN12103,BNPL5501,Regular User,2024-02-11,2024-02,Sezzle,Home and Furniture,291.22,4,72.81,2024-04-07,Yes,1,8.0,299.22
TXN12104,BNPL5501,Regular User,2024-04-16,2024-04,Afterpay,Sporting Goods,200.32,4,50.08,2024-06-11,No,0,0,200.32
TXN12105,BNPL5501,Regular User,2024-04-10,2024-04,Afterpay,"Fast Fashion (Shein, Temu, ASOS)",35.92,6,5.99,2024-07-03,No,0,0,35.92
TXN12106,BNPL5501,Regular User,2024-02-28,2024-02,PayBright,Beauty and Skincare,99.7,3,33.23,2024-04-10,No,0,0,99.7
TXN12107,BNPL5501,Regular User,2024-09-22,2024-09,Paidy,Footwear,143.57,4,35.89,2024-11-17,No,0,0,143.57
TXN12108,BNPL5502,Occasional User,2024-08-19,2024-08,Klarna,"Fast Fashion (Shein, Temu, ASOS)",54.92,6,9.15,2024-11-11,No,0,0,54.92
TXN12109,BNPL5502,Occasional User,2024-04-09,2024-04,Paidy,Electronics and Tech,305.39,3,101.8,2024-05-21,No,0,0,305.39
TXN12110,BNPL5503,Regular User,2024-09-09,2024-09,Sezzle,Beauty and Skincare,84.46,6,14.08,2024-12-02,No,0,0,84.46
TXN12111,BNPL5503,Regular User,2024-06-06,2024-06,PayBright,Beauty and Skincare,75.84,4,18.96,2024-08-01,No,0,0,75.84
TXN12112,BNPL5503,Regular User,2024-01-29,2024-01,Klarna,Beauty and Skincare,82.26,4,20.57,2024-03-25,No,0,0,82.26
TXN12113,BNPL5503,Regular User,2024-03-19,2024-03,Sezzle,"Fast Fashion (Shein, Temu, ASOS)",71.7,3,23.9,2024-04-30,No,0,0,71.7
TXN12114,BNPL5503,Regular User,2024-05-22,2024-05,Afterpay,Beauty and Skincare,74.02,4,18.5,2024-07-17,No,0,0,74.02
TXN12115,BNPL5504,Regular User,2024-04-14,2024-04,Afterpay,"Fast Fashion (Shein, Temu, ASOS)",68.35,3,22.78,2024-05-26,No,0,0,68.35
TXN12116,BNPL5504,Regular User,2024-06-17,2024-06,PayBright,Home and Furniture,243.25,6,40.54,2024-09-09,No,0,0,243.25
TXN12117,BNPL5504,Regular User,2024-12-04,2024-12,Sezzle,"Fast Fashion (Shein, Temu, ASOS)",42.8,4,10.7,2025-01-29,No,0,0,42.8
TXN12118,BNPL5504,Regular User,2024-09-18,2024-09,Afterpay,Electronics and Tech,399.84,6,66.64,2024-12-11,No,0,0,399.84
TXN12119,BNPL5504,Regular User,2024-01-06,2024-01,Klarna,Sporting Goods,260.63,4,65.16,2024-03-02,No,0,0,260.63
TXN12120,BNPL5504,Regular User,2024-03-25,2024-03,Afterpay,Beauty and Skincare,96.58,3,32.19,2024-05-06,No,0,0,96.58
TXN12121,BNPL5505,High Exposure User,2024-11-24,2024-11,Sezzle,"Fast Fashion (Shein, Temu, ASOS)",44.99,4,11.25,2025-01-19,No,0,0,44.99
TXN12122,BNPL5505,High Exposure User,2024-09-08,2024-09,Klarna,"Fast Fashion (Shein, Temu, ASOS)",50.38,6,8.4,2024-12-01,No,0,0,50.38
TXN12123,BNPL5505,High Exposure User,2024-08-27,2024-08,PayBright,Footwear,118.79,6,19.8,2024-11-19,No,0,0,118.79
TXN12124,BNPL5505,High Exposure User,2024-04-04,2024-04,Sezzle,Electronics and Tech,293.22,4,73.31,2024-05-30,No,0,0,293.22
TXN12125,BNPL5505,High Exposure User,2024-04-03,2024-04,Sezzle,Footwear,88.0,4,22.0,2024-05-29,No,0,0,88.0
TXN12126,BNPL5505,High Exposure User,2024-12-04,2024-12,Klarna,"Fast Fashion (Shein, Temu, ASOS)",79.5,4,19.88,2025-01-29,No,0,0,79.5
TXN12127,BNPL5505,High Exposure User,2024-07-16,2024-07,Paidy,Footwear,119.28,4,29.82,2024-09-10,No,0,0,119.28
TXN12128,BNPL5505,High Exposure User,2024-12-17,2024-12,PayBright,Sporting Goods,103.03,3,34.34,2025-01-28,No,0,0,103.03
TXN12129,BNPL5505,High Exposure User,2024-11-23,2024-11,Sezzle,"Fast Fashion (Shein, Temu, ASOS)",46.39,4,11.6,2025-01-18,Yes,2,16.0,62.39
TXN12130,BNPL5505,High Exposure User,2024-06-11,2024-06,Klarna,Footwear,140.55,4,35.14,2024-08-06,No,0,0,140.55
TXN12131,BNPL5505,High Exposure User,2024-06-10,2024-06,Afterpay,Electronics and Tech,225.08,3,75.03,2024-07-22,No,0,0,225.08
TXN12132,BNPL5505,High Exposure User,2024-11-02,2024-11,PayBright,Beauty and Skincare,76.95,4,19.24,2024-12-28,No,0,0,76.95
TXN12133,BNPL5505,High Exposure User,2024-02-26,2024-02,Afterpay,"Fast Fashion (Shein, Temu, ASOS)",63.92,4,15.98,2024-04-22,No,0,0,63.92
TXN12134,BNPL5506,High Exposure User,2024-05-26,2024-05,Sezzle,Electronics and Tech,154.36,4,38.59,2024-07-21,Yes,1,8.0,162.36
TXN12135,BNPL5506,High Exposure User,2024-08-12,2024-08,Klarna,Footwear,122.69,4,30.67,2024-10-07,No,0,0,122.69
TXN12136,BNPL5506,High Exposure User,2024-06-09,2024-06,Klarna,Footwear,127.07,4,31.77,2024-08-04,No,0,0,127.07
TXN12137,BNPL5506,High Exposure User,2024-04-27,2024-04,Sezzle,"Fast Fashion (Shein, Temu, ASOS)",53.93,4,13.48,2024-06-22,No,0,0,53.93
TXN12138,BNPL5506,High Exposure User,2024-09-13,2024-09,Afterpay,Beauty and Skincare,52.44,6,8.74,2024-12-06,No,0,0,52.44
TXN12139,BNPL5506,High Exposure User,2024-02-10,2024-02,Klarna,"Fast Fashion (Shein, Temu, ASOS)",63.37,4,15.84,2024-04-06,No,0,0,63.37
TXN12140,BNPL5506,High Exposure User,2024-11-02,2024-11,Afterpay,Electronics and Tech,309.65,4,77.41,2024-12-28,Yes,2,16.0,325.65
TXN12141,BNPL5506,High Exposure User,2024-11-13,2024-11,Klarna,Home and Furniture,228.65,4,57.16,2025-01-08,No,0,0,228.65
TXN12142,BNPL5506,High Exposure User,2024-11-25,2024-11,Afterpay,"Fast Fashion (Shein, Temu, ASOS)",56.87,4,14.22,2025-01-20,No,0,0,56.87
TXN12143,BNPL5506,High Exposure User,2024-07-29,2024-07,Afterpay,Sporting Goods,209.7,6,34.95,2024-10-21,No,0,0,209.7
TXN12144,BNPL5506,High Exposure User,2024-10-03,2024-10,Klarna,Beauty and Skincare,92.57,4,23.14,2024-11-28,No,0,0,92.57
TXN12145,BNPL5506,High Exposure User,2024-09-28,2024-09,Afterpay,Footwear,60.84,6,10.14,2024-12-21,No,0,0,60.84
TXN12146,BNPL5506,High Exposure User,2024-03-22,2024-03,Afterpay,"Fast Fashion (Shein, Temu, ASOS)",53.42,6,8.9,2024-06-14,No,0,0,53.42
TXN12147,BNPL5506,High Exposure User,2024-12-23,2024-12,Afterpay,Sporting Goods,153.13,3,51.04,2025-02-03,No,0,0,153.13
TXN12148,BNPL5506,High Exposure User,2024-11-24,2024-11,Sezzle,Beauty and Skincare,80.41,4,20.1,2025-01-19,No,0,0,80.41
TXN12149,BNPL5506,High Exposure User,2024-04-14,2024-04,Klarna,Beauty and Skincare,71.36,3,23.79,2024-05-26,No,0,0,71.36
TXN12150,BNPL5506,High Exposure User,2024-01-06,2024-01,Klarna,Beauty and Skincare,49.25,4,12.31,2024-03-02,No,0,0,49.25
TXN12151,BNPL5506,High Exposure User,2024-02-24,2024-02,Afterpay,Sporting Goods,201.51,4,50.38,2024-04-20,Yes,1,8.0,209.51
TXN12152,BNPL5507,High Exposure User,2024-12-22,2024-12,PayBright,"Fast Fashion (Shein, Temu, ASOS)",70.44,4,17.61,2025-02-16,No,0,0,70.44
TXN12153,BNPL5507,High Exposure User,2024-04-19,2024-04,Afterpay,"Fast Fashion (Shein, Temu, ASOS)",48.67,6,8.11,2024-07-12,Yes,2,16.0,64.67
TXN12154,BNPL5507,High Exposure User,2024-10-31,2024-10,Sezzle,"Fast Fashion (Shein, Temu, ASOS)",74.93,3,24.98,2024-12-12,No,0,0,74.93
TXN12155,BNPL5507,High Exposure User,2024-01-03,2024-01,PayBright,"Fast Fashion (Shein, Temu, ASOS)",80.06,4,20.02,2024-02-28,Yes,1,8.0,88.06
TXN12156,BNPL5507,High Exposure User,2024-02-27,2024-02,Afterpay,Footwear,107.0,4,26.75,2024-04-23,No,0,0,107.0
TXN12157,BNPL5507,High Exposure User,2024-10-23,2024-10,Afterpay,Electronics and Tech,336.52,4,84.13,2024-12-18,No,0,0,336.52
TXN12158,BNPL5507,High Exposure User,2024-11-15,2024-11,Afterpay,"Fast Fashion (Shein, Temu, ASOS)",50.24,4,12.56,2025-01-10,No,0,0,50.24
TXN12159,BNPL5507,High Exposure User,2024-09-25,2024-09,Klarna,Home and Furniture,361.2,4,90.3,2024-11-20,Yes,1,8.0,369.2
TXN12160,BNPL5507,High Exposure User,2024-04-14,2024-04,Sezzle,Electronics and Tech,91.83,4,22.96,2024-06-09,No,0,0,91.83
TXN12161,BNPL5507,High Exposure User,2024-10-26,2024-10,Klarna,Footwear,168.89,4,42.22,2024-12-21,No,0,0,168.89
TXN12162,BNPL5507,High Exposure User,2024-09-08,2024-09,Paidy,Beauty and Skincare,76.12,4,19.03,2024-11-03,No,0,0,76.12
TXN12163,BNPL5508,High Exposure User,2024-03-07,2024-03,Afterpay,Sporting Goods,223.97,4,55.99,2024-05-02,No,0,0,223.97
TXN12164,BNPL5508,High Exposure User,2024-04-14,2024-04,Klarna,Beauty and Skincare,73.1,6,12.18,2024-07-07,No,0,0,73.1
TXN12165,BNPL5508,High Exposure User,2024-11-18,2024-11,Afterpay,Electronics and Tech,299.98,3,99.99,2024-12-30,No,0,0,299.98
TXN12166,BNPL5508,High Exposure User,2024-11-02,2024-11,Afterpay,Sporting Goods,153.6,4,38.4,2024-12-28,Yes,2,16.0,169.6
TXN12167,BNPL5508,High Exposure User,2024-12-29,2024-12,Sezzle,Home and Furniture,464.15,4,116.04,2025-02-23,No,0,0,464.15
TXN12168,BNPL5508,High Exposure User,2024-08-31,2024-08,Sezzle,"Fast Fashion (Shein, Temu, ASOS)",79.8,3,26.6,2024-10-12,No,0,0,79.8
TXN12169,BNPL5508,High Exposure User,2024-05-19,2024-05,Klarna,Footwear,95.2,6,15.87,2024-08-11,No,0,0,95.2
TXN12170,BNPL5508,High Exposure User,2024-02-21,2024-02,Sezzle,Footwear,134.3,6,22.38,2024-05-15,No,0,0,134.3
TXN12171,BNPL5508,High Exposure User,2024-12-13,2024-12,Afterpay,Footwear,60.11,4,15.03,2025-02-07,No,0,0,60.11
TXN12172,BNPL5508,High Exposure User,2024-09-15,2024-09,Afterpay,Footwear,108.79,3,36.26,2024-10-27,No,0,0,108.79
TXN12173,BNPL5508,High Exposure User,2024-01-19,2024-01,Klarna,Sporting Goods,109.79,3,36.6,2024-03-01,No,0,0,109.79
TXN12174,BNPL5508,High Exposure User,2024-03-01,2024-03,Afterpay,Footwear,121.79,4,30.45,2024-04-26,Yes,2,16.0,137.79
TXN12175,BNPL5508,High Exposure User,2024-10-20,2024-10,Afterpay,Beauty and Skincare,77.02,4,19.25,2024-12-15,No,0,0,77.02
TXN12176,BNPL5509,Occasional User,2024-06-16,2024-06,Klarna,Footwear,120.47,3,40.16,2024-07-28,No,0,0,120.47
TXN12177,BNPL5510,Occasional User,2024-08-06,2024-08,Afterpay,Sporting Goods,171.16,4,42.79,2024-10-01,No,0,0,171.16
TXN12178,BNPL5511,High Exposure User,2024-11-11,2024-11,Afterpay,Home and Furniture,342.88,3,114.29,2024-12-23,No,0,0,342.88
TXN12179,BNPL5511,High Exposure User,2024-12-16,2024-12,Afterpay,Home and Furniture,361.25,4,90.31,2025-02-10,No,0,0,361.25
TXN12180,BNPL5511,High Exposure User,2024-12-24,2024-12,Afterpay,Sporting Goods,230.7,4,57.67,2025-02-18,No,0,0,230.7
TXN12181,BNPL5511,High Exposure User,2024-11-18,2024-11,Sezzle,Footwear,89.02,4,22.25,2025-01-13,No,0,0,89.02
TXN12182,BNPL5511,High Exposure User,2024-04-25,2024-04,Klarna,"Fast Fashion (Shein, Temu, ASOS)",50.47,3,16.82,2024-06-06,No,0,0,50.47
TXN12183,BNPL5511,High Exposure User,2024-07-04,2024-07,Sezzle,Beauty and Skincare,106.33,4,26.58,2024-08-29,No,0,0,106.33
TXN12184,BNPL5511,High Exposure User,2024-03-10,2024-03,Klarna,"Fast Fashion (Shein, Temu, ASOS)",40.24,4,10.06,2024-05-05,Yes,2,16.0,56.24
TXN12185,BNPL5511,High Exposure User,2024-10-22,2024-10,PayBright,Footwear,153.25,4,38.31,2024-12-17,Yes,2,16.0,169.25
TXN12186,BNPL5511,High Exposure User,2024-06-29,2024-06,Klarna,Electronics and Tech,230.88,4,57.72,2024-08-24,No,0,0,230.88
TXN12187,BNPL5511,High Exposure User,2024-07-15,2024-07,Afterpay,Footwear,137.97,4,34.49,2024-09-09,Yes,1,8.0,145.97
TXN12188,BNPL5511,High Exposure User,2024-11-24,2024-11,Sezzle,Footwear,170.05,4,42.51,2025-01-19,No,0,0,170.05
TXN12189,BNPL5511,High Exposure User,2024-05-12,2024-05,Afterpay,Sporting Goods,211.08,4,52.77,2024-07-07,No,0,0,211.08
TXN12190,BNPL5511,High Exposure User,2024-04-07,2024-04,Klarna,Beauty and Skincare,77.48,6,12.91,2024-06-30,No,0,0,77.48
TXN12191,BNPL5511,High Exposure User,2024-08-29,2024-08,Afterpay,Beauty and Skincare,104.09,4,26.02,2024-10-24,Yes,2,16.0,120.09
TXN12192,BNPL5511,High Exposure User,2024-05-06,2024-05,Afterpay,Home and Furniture,322.84,4,80.71,2024-07-01,No,0,0,322.84
TXN12193,BNPL5512,Regular User,2024-06-22,2024-06,Afterpay,Footwear,101.05,4,25.26,2024-08-17,No,0,0,101.05
TXN12194,BNPL5512,Regular User,2024-09-03,2024-09,Afterpay,Footwear,120.9,4,30.23,2024-10-29,No,0,0,120.9
TXN12195,BNPL5512,Regular User,2024-03-23,2024-03,Klarna,"Fast Fashion (Shein, Temu, ASOS)",65.67,4,16.42,2024-05-18,No,0,0,65.67
TXN12196,BNPL5512,Regular User,2024-09-12,2024-09,PayBright,Electronics and Tech,258.44,4,64.61,2024-11-07,No,0,0,258.44
TXN12197,BNPL5512,Regular User,2024-07-14,2024-07,Paidy,Home and Furniture,335.63,4,83.91,2024-09-08,No,0,0,335.63
TXN12198,BNPL5512,Regular User,2024-02-21,2024-02,Sezzle,Electronics and Tech,261.18,4,65.3,2024-04-17,No,0,0,261.18
TXN12199,BNPL5512,Regular User,2024-02-13,2024-02,Sezzle,Beauty and Skincare,103.63,4,25.91,2024-04-09,No,0,0,103.63
TXN12200,BNPL5513,Regular User,2024-11-12,2024-11,PayBright,Sporting Goods,172.66,4,43.16,2025-01-07,No,0,0,172.66
TXN12201,BNPL5513,Regular User,2024-04-25,2024-04,Sezzle,Sporting Goods,268.02,4,67.0,2024-06-20,No,0,0,268.02
TXN12202,BNPL5513,Regular User,2024-12-08,2024-12,Afterpay,"Fast Fashion (Shein, Temu, ASOS)",66.58,6,11.1,2025-03-02,No,0,0,66.58
TXN12203,BNPL5513,Regular User,2024-02-08,2024-02,Paidy,"Fast Fashion (Shein, Temu, ASOS)",41.39,4,10.35,2024-04-04,No,0,0,41.39
TXN12204,BNPL5513,Regular User,2024-04-04,2024-04,PayBright,Home and Furniture,289.63,6,48.27,2024-06-27,No,0,0,289.63
TXN12205,BNPL5513,Regular User,2024-08-14,2024-08,Afterpay,Beauty and Skincare,75.8,4,18.95,2024-10-09,No,0,0,75.8
TXN12206,BNPL5513,Regular User,2024-09-09,2024-09,Klarna,Footwear,97.62,6,16.27,2024-12-02,No,0,0,97.62
TXN12207,BNPL5514,High Exposure User,2024-07-20,2024-07,PayBright,Footwear,98.34,4,24.59,2024-09-14,Yes,1,8.0,106.34
TXN12208,BNPL5514,High Exposure User,2024-02-11,2024-02,Sezzle,Beauty and Skincare,64.72,3,21.57,2024-03-24,Yes,1,8.0,72.72
TXN12209,BNPL5514,High Exposure User,2024-01-11,2024-01,Afterpay,Electronics and Tech,373.88,4,93.47,2024-03-07,No,0,0,373.88
TXN12210,BNPL5514,High Exposure User,2024-03-18,2024-03,Afterpay,"Fast Fashion (Shein, Temu, ASOS)",40.74,6,6.79,2024-06-10,Yes,1,8.0,48.74
TXN12211,BNPL5514,High Exposure User,2024-05-30,2024-05,Afterpay,"Fast Fashion (Shein, Temu, ASOS)",51.44,3,17.15,2024-07-11,No,0,0,51.44
TXN12212,BNPL5514,High Exposure User,2024-07-24,2024-07,Sezzle,"Fast Fashion (Shein, Temu, ASOS)",62.22,4,15.55,2024-09-18,Yes,1,8.0,70.22
TXN12213,BNPL5514,High Exposure User,2024-01-15,2024-01,Sezzle,"Fast Fashion (Shein, Temu, ASOS)",39.38,3,13.13,2024-02-26,Yes,1,8.0,47.38
TXN12214,BNPL5514,High Exposure User,2024-04-05,2024-04,Sezzle,Beauty and Skincare,84.93,4,21.23,2024-05-31,No,0,0,84.93
TXN12215,BNPL5514,High Exposure User,2024-07-13,2024-07,Sezzle,Electronics and Tech,292.14,6,48.69,2024-10-05,No,0,0,292.14
TXN12216,BNPL5514,High Exposure User,2024-02-07,2024-02,Sezzle,Home and Furniture,452.58,3,150.86,2024-03-20,No,0,0,452.58
TXN12217,BNPL5514,High Exposure User,2024-12-03,2024-12,Klarna,"Fast Fashion (Shein, Temu, ASOS)",45.66,6,7.61,2025-02-25,No,0,0,45.66
TXN12218,BNPL5514,High Exposure User,2024-11-27,2024-11,Afterpay,"Fast Fashion (Shein, Temu, ASOS)",72.68,3,24.23,2025-01-08,Yes,1,8.0,80.68
TXN12219,BNPL5514,High Exposure User,2024-07-16,2024-07,Klarna,Home and Furniture,446.48,6,74.41,2024-10-08,Yes,1,8.0,454.48
TXN12220,BNPL5514,High Exposure User,2024-02-22,2024-02,Afterpay,Electronics and Tech,324.21,4,81.05,2024-04-18,No,0,0,324.21
TXN12221,BNPL5515,High Exposure User,2024-02-20,2024-02,Klarna,Footwear,143.51,3,47.84,2024-04-02,No,0,0,143.51
TXN12222,BNPL5515,High Exposure User,2024-02-09,2024-02,Afterpay,"Fast Fashion (Shein, Temu, ASOS)",50.51,4,12.63,2024-04-05,No,0,0,50.51
TXN12223,BNPL5515,High Exposure User,2024-12-18,2024-12,Afterpay,Footwear,99.86,3,33.29,2025-01-29,No,0,0,99.86
TXN12224,BNPL5515,High Exposure User,2024-11-14,2024-11,Afterpay,Home and Furniture,416.93,6,69.49,2025-02-06,No,0,0,416.93
TXN12225,BNPL5515,High Exposure User,2024-10-18,2024-10,Afterpay,Footwear,130.74,4,32.69,2024-12-13,No,0,0,130.74
TXN12226,BNPL5515,High Exposure User,2024-06-14,2024-06,PayBright,Beauty and Skincare,95.2,6,15.87,2024-09-06,No,0,0,95.2
TXN12227,BNPL5515,High Exposure User,2024-02-03,2024-02,Sezzle,"Fast Fashion (Shein, Temu, ASOS)",66.02,4,16.5,2024-03-30,No,0,0,66.02
TXN12228,BNPL5515,High Exposure User,2024-06-16,2024-06,PayBright,Footwear,84.23,4,21.06,2024-08-11,Yes,2,16.0,100.23
TXN12229,BNPL5515,High Exposure User,2024-05-31,2024-05,Afterpay,Electronics and Tech,401.15,4,100.29,2024-07-26,No,0,0,401.15
TXN12230,BNPL5515,High Exposure User,2024-10-26,2024-10,Afterpay,"Fast Fashion (Shein, Temu, ASOS)",53.68,6,8.95,2025-01-18,Yes,1,8.0,61.68
TXN12231,BNPL5515,High Exposure User,2024-06-12,2024-06,Sezzle,Beauty and Skincare,62.8,3,20.93,2024-07-24,No,0,0,62.8
TXN12232,BNPL5515,High Exposure User,2024-11-25,2024-11,Afterpay,Footwear,121.77,6,20.29,2025-02-17,No,0,0,121.77
TXN12233,BNPL5515,High Exposure User,2024-05-12,2024-05,Sezzle,Home and Furniture,243.9,4,60.98,2024-07-07,No,0,0,243.9
TXN12234,BNPL5515,High Exposure User,2024-10-27,2024-10,PayBright,Footwear,197.97,6,32.99,2025-01-19,No,0,0,197.97
TXN12235,BNPL5515,High Exposure User,2024-05-13,2024-05,Afterpay,"Fast Fashion (Shein, Temu, ASOS)",33.1,4,8.28,2024-07-08,No,0,0,33.1
TXN12236,BNPL5516,Occasional User,2024-10-03,2024-10,Paidy,"Fast Fashion (Shein, Temu, ASOS)",53.03,4,13.26,2024-11-28,No,0,0,53.03
TXN12237,BNPL5517,Occasional User,2024-11-04,2024-11,Afterpay,Beauty and Skincare,98.68,6,16.45,2025-01-27,No,0,0,98.68
TXN12238,BNPL5517,Occasional User,2024-07-02,2024-07,Afterpay,"Fast Fashion (Shein, Temu, ASOS)",47.29,4,11.82,2024-08-27,No,0,0,47.29
TXN12239,BNPL5517,Occasional User,2024-09-05,2024-09,Afterpay,"Fast Fashion (Shein, Temu, ASOS)",67.84,6,11.31,2024-11-28,No,0,0,67.84
TXN12240,BNPL5518,Occasional User,2024-08-16,2024-08,PayBright,"Fast Fashion (Shein, Temu, ASOS)",54.57,4,13.64,2024-10-11,No,0,0,54.57
TXN12241,BNPL5519,Occasional User,2024-11-19,2024-11,Paidy,Electronics and Tech,306.03,4,76.51,2025-01-14,No,0,0,306.03
TXN12242,BNPL5519,Occasional User,2024-04-23,2024-04,Sezzle,Beauty and Skincare,99.01,4,24.75,2024-06-18,No,0,0,99.01
TXN12243,BNPL5520,Regular User,2024-02-15,2024-02,Paidy,Electronics and Tech,221.35,4,55.34,2024-04-11,No,0,0,221.35
TXN12244,BNPL5520,Regular User,2024-04-15,2024-04,Sezzle,Electronics and Tech,379.67,4,94.92,2024-06-10,Yes,2,16.0,395.67
TXN12245,BNPL5520,Regular User,2024-07-09,2024-07,Afterpay,Home and Furniture,298.48,4,74.62,2024-09-03,No,0,0,298.48
TXN12246,BNPL5520,Regular User,2024-07-11,2024-07,Sezzle,"Fast Fashion (Shein, Temu, ASOS)",52.08,6,8.68,2024-10-03,No,0,0,52.08
TXN12247,BNPL5520,Regular User,2024-10-30,2024-10,Afterpay,Home and Furniture,452.42,3,150.81,2024-12-11,No,0,0,452.42
TXN12248,BNPL5520,Regular User,2024-09-01,2024-09,Afterpay,Home and Furniture,436.18,4,109.05,2024-10-27,No,0,0,436.18
TXN12249,BNPL5521,Occasional User,2024-07-17,2024-07,Afterpay,Home and Furniture,426.46,4,106.61,2024-09-11,No,0,0,426.46
TXN12250,BNPL5522,High Exposure User,2024-10-07,2024-10,Klarna,Electronics and Tech,410.09,4,102.52,2024-12-02,No,0,0,410.09
TXN12251,BNPL5522,High Exposure User,2024-04-21,2024-04,Klarna,"Fast Fashion (Shein, Temu, ASOS)",53.64,4,13.41,2024-06-16,No,0,0,53.64
TXN12252,BNPL5522,High Exposure User,2024-04-12,2024-04,Klarna,Footwear,152.17,4,38.04,2024-06-07,Yes,1,8.0,160.17
TXN12253,BNPL5522,High Exposure User,2024-08-25,2024-08,Afterpay,Beauty and Skincare,112.4,6,18.73,2024-11-17,No,0,0,112.4
TXN12254,BNPL5522,High Exposure User,2024-05-17,2024-05,Afterpay,Beauty and Skincare,81.59,4,20.4,2024-07-12,Yes,1,8.0,89.59
TXN12255,BNPL5522,High Exposure User,2024-10-15,2024-10,Sezzle,"Fast Fashion (Shein, Temu, ASOS)",68.36,3,22.79,2024-11-26,Yes,2,16.0,84.36
TXN12256,BNPL5522,High Exposure User,2024-03-04,2024-03,Afterpay,"Fast Fashion (Shein, Temu, ASOS)",52.55,4,13.14,2024-04-29,No,0,0,52.55
TXN12257,BNPL5522,High Exposure User,2024-09-16,2024-09,Afterpay,Beauty and Skincare,89.68,3,29.89,2024-10-28,Yes,2,16.0,105.68
TXN12258,BNPL5522,High Exposure User,2024-04-30,2024-04,Klarna,Beauty and Skincare,73.68,4,18.42,2024-06-25,No,0,0,73.68
TXN12259,BNPL5522,High Exposure User,2024-10-09,2024-10,Afterpay,Footwear,64.97,4,16.24,2024-12-04,Yes,1,8.0,72.97
TXN12260,BNPL5523,Regular User,2024-05-10,2024-05,Sezzle,"Fast Fashion (Shein, Temu, ASOS)",60.34,4,15.09,2024-07-05,No,0,0,60.34
TXN12261,BNPL5523,Regular User,2024-09-28,2024-09,Afterpay,Beauty and Skincare,61.78,4,15.45,2024-11-23,No,0,0,61.78
TXN12262,BNPL5523,Regular User,2024-06-09,2024-06,Klarna,"Fast Fashion (Shein, Temu, ASOS)",74.2,3,24.73,2024-07-21,No,0,0,74.2
TXN12263,BNPL5524,Occasional User,2024-08-01,2024-08,Afterpay,"Fast Fashion (Shein, Temu, ASOS)",44.99,4,11.25,2024-09-26,No,0,0,44.99
TXN12264,BNPL5525,High Exposure User,2024-09-15,2024-09,Klarna,Beauty and Skincare,86.75,6,14.46,2024-12-08,Yes,2,16.0,102.75
TXN12265,BNPL5525,High Exposure User,2024-07-10,2024-07,PayBright,"Fast Fashion (Shein, Temu, ASOS)",69.82,4,17.45,2024-09-04,Yes,2,16.0,85.82
TXN12266,BNPL5525,High Exposure User,2024-06-25,2024-06,Afterpay,Electronics and Tech,276.39,4,69.1,2024-08-20,No,0,0,276.39
TXN12267,BNPL5525,High Exposure User,2024-10-25,2024-10,Klarna,Electronics and Tech,325.3,3,108.43,2024-12-06,No,0,0,325.3
TXN12268,BNPL5525,High Exposure User,2024-09-03,2024-09,Afterpay,"Fast Fashion (Shein, Temu, ASOS)",55.98,4,13.99,2024-10-29,Yes,2,16.0,71.98
TXN12269,BNPL5525,High Exposure User,2024-11-10,2024-11,Afterpay,Electronics and Tech,308.7,4,77.17,2025-01-05,No,0,0,308.7
TXN12270,BNPL5525,High Exposure User,2024-08-08,2024-08,Paidy,Footwear,130.51,4,32.63,2024-10-03,No,0,0,130.51
TXN12271,BNPL5525,High Exposure User,2024-05-11,2024-05,Klarna,Beauty and Skincare,95.66,6,15.94,2024-08-03,No,0,0,95.66
TXN12272,BNPL5525,High Exposure User,2024-02-16,2024-02,Afterpay,Electronics and Tech,224.04,4,56.01,2024-04-12,No,0,0,224.04
TXN12273,BNPL5525,High Exposure User,2024-11-05,2024-11,Paidy,Electronics and Tech,203.69,4,50.92,2024-12-31,No,0,0,203.69
TXN12274,BNPL5525,High Exposure User,2024-06-16,2024-06,Paidy,Footwear,95.23,4,23.81,2024-08-11,No,0,0,95.23
TXN12275,BNPL5525,High Exposure User,2024-01-17,2024-01,Afterpay,"Fast Fashion (Shein, Temu, ASOS)",59.25,4,14.81,2024-03-13,Yes,2,16.0,75.25
TXN12276,BNPL5525,High Exposure User,2024-04-22,2024-04,Sezzle,"Fast Fashion (Shein, Temu, ASOS)",28.92,4,7.23,2024-06-17,No,0,0,28.92
TXN12277,BNPL5525,High Exposure User,2024-07-28,2024-07,Paidy,Footwear,114.02,4,28.5,2024-09-22,No,0,0,114.02
TXN12278,BNPL5526,Regular User,2024-10-25,2024-10,Klarna,Footwear,135.07,4,33.77,2024-12-20,Yes,2,16.0,151.07
TXN12279,BNPL5526,Regular User,2024-12-18,2024-12,Klarna,"Fast Fashion (Shein, Temu, ASOS)",29.38,3,9.79,2025-01-29,No,0,0,29.38
TXN12280,BNPL5526,Regular User,2024-10-05,2024-10,Sezzle,Electronics and Tech,347.19,6,57.87,2024-12-28,No,0,0,347.19
TXN12281,BNPL5526,Regular User,2024-09-10,2024-09,Paidy,Sporting Goods,143.41,4,35.85,2024-11-05,No,0,0,143.41
TXN12282,BNPL5526,Regular User,2024-10-05,2024-10,Sezzle,Footwear,171.83,3,57.28,2024-11-16,No,0,0,171.83
TXN12283,BNPL5526,Regular User,2024-03-17,2024-03,Sezzle,"Fast Fashion (Shein, Temu, ASOS)",51.31,4,12.83,2024-05-12,No,0,0,51.31
TXN12284,BNPL5527,Occasional User,2024-07-13,2024-07,Afterpay,Sporting Goods,223.56,4,55.89,2024-09-07,No,0,0,223.56
TXN12285,BNPL5527,Occasional User,2024-02-09,2024-02,Afterpay,Footwear,169.1,4,42.27,2024-04-05,No,0,0,169.1
TXN12286,BNPL5528,High Exposure User,2024-05-18,2024-05,Sezzle,Sporting Goods,155.74,4,38.94,2024-07-13,No,0,0,155.74
TXN12287,BNPL5528,High Exposure User,2024-03-08,2024-03,Afterpay,Electronics and Tech,257.68,4,64.42,2024-05-03,No,0,0,257.68
TXN12288,BNPL5528,High Exposure User,2024-06-07,2024-06,Paidy,Beauty and Skincare,101.17,4,25.29,2024-08-02,Yes,1,8.0,109.17
TXN12289,BNPL5528,High Exposure User,2024-12-04,2024-12,Afterpay,Footwear,183.13,6,30.52,2025-02-26,No,0,0,183.13
TXN12290,BNPL5528,High Exposure User,2024-09-08,2024-09,Afterpay,"Fast Fashion (Shein, Temu, ASOS)",83.78,4,20.95,2024-11-03,Yes,1,8.0,91.78
TXN12291,BNPL5529,Regular User,2024-09-03,2024-09,Afterpay,"Fast Fashion (Shein, Temu, ASOS)",47.11,4,11.78,2024-10-29,No,0,0,47.11
TXN12292,BNPL5529,Regular User,2024-09-10,2024-09,Afterpay,Sporting Goods,182.71,3,60.9,2024-10-22,No,0,0,182.71
TXN12293,BNPL5529,Regular User,2024-02-09,2024-02,Afterpay,Home and Furniture,466.18,4,116.55,2024-04-05,No,0,0,466.18
TXN12294,BNPL5529,Regular User,2024-10-17,2024-10,PayBright,Electronics and Tech,169.27,6,28.21,2025-01-09,No,0,0,169.27
TXN12295,BNPL5529,Regular User,2024-04-22,2024-04,Paidy,Sporting Goods,142.51,3,47.5,2024-06-03,No,0,0,142.51
TXN12296,BNPL5529,Regular User,2024-12-10,2024-12,PayBright,Sporting Goods,252.59,4,63.15,2025-02-04,No,0,0,252.59
TXN12297,BNPL5529,Regular User,2024-10-24,2024-10,Afterpay,"Fast Fashion (Shein, Temu, ASOS)",58.91,4,14.73,2024-12-19,No,0,0,58.91
TXN12298,BNPL5530,Occasional User,2024-08-12,2024-08,Sezzle,"Fast Fashion (Shein, Temu, ASOS)",65.8,3,21.93,2024-09-23,No,0,0,65.8
TXN12299,BNPL5530,Occasional User,2024-04-07,2024-04,Afterpay,Beauty and Skincare,75.75,4,18.94,2024-06-02,No,0,0,75.75
TXN12300,BNPL5531,High Exposure User,2024-11-09,2024-11,Sezzle,"Fast Fashion (Shein, Temu, ASOS)",81.33,4,20.33,2025-01-04,No,0,0,81.33
TXN12301,BNPL5531,High Exposure User,2024-04-19,2024-04,Afterpay,"Fast Fashion (Shein, Temu, ASOS)",44.3,6,7.38,2024-07-12,Yes,1,8.0,52.3
TXN12302,BNPL5531,High Exposure User,2024-06-01,2024-06,Klarna,Electronics and Tech,282.44,4,70.61,2024-07-27,No,0,0,282.44
TXN12303,BNPL5531,High Exposure User,2024-02-16,2024-02,Sezzle,"Fast Fashion (Shein, Temu, ASOS)",42.74,4,10.69,2024-04-12,No,0,0,42.74
TXN12304,BNPL5531,High Exposure User,2024-10-27,2024-10,PayBright,Electronics and Tech,394.16,4,98.54,2024-12-22,No,0,0,394.16
TXN12305,BNPL5531,High Exposure User,2024-09-27,2024-09,Afterpay,"Fast Fashion (Shein, Temu, ASOS)",65.91,3,21.97,2024-11-08,No,0,0,65.91
TXN12306,BNPL5531,High Exposure User,2024-06-10,2024-06,Sezzle,Beauty and Skincare,83.4,6,13.9,2024-09-02,No,0,0,83.4
TXN12307,BNPL5531,High Exposure User,2024-09-22,2024-09,Afterpay,"Fast Fashion (Shein, Temu, ASOS)",25,3,8.33,2024-11-03,No,0,0,25
TXN12308,BNPL5531,High Exposure User,2024-04-06,2024-04,Afterpay,Electronics and Tech,286.2,3,95.4,2024-05-18,No,0,0,286.2
TXN12309,BNPL5531,High Exposure User,2024-12-19,2024-12,Klarna,Home and Furniture,391.17,4,97.79,2025-02-13,No,0,0,391.17
TXN12310,BNPL5531,High Exposure User,2024-09-20,2024-09,Afterpay,Sporting Goods,252.79,3,84.26,2024-11-01,No,0,0,252.79
TXN12311,BNPL5531,High Exposure User,2024-12-03,2024-12,Paidy,Sporting Goods,203.78,4,50.95,2025-01-28,No,0,0,203.78
TXN12312,BNPL5531,High Exposure User,2024-08-23,2024-08,Paidy,"Fast Fashion (Shein, Temu, ASOS)",66.57,3,22.19,2024-10-04,No,0,0,66.57
TXN12313,BNPL5531,High Exposure User,2024-08-03,2024-08,Afterpay,Electronics and Tech,319.45,4,79.86,2024-09-28,No,0,0,319.45
TXN12314,BNPL5531,High Exposure User,2024-02-24,2024-02,Klarna,Footwear,109.77,4,27.44,2024-04-20,No,0,0,109.77
TXN12315,BNPL5531,High Exposure User,2024-06-24,2024-06,Afterpay,"Fast Fashion (Shein, Temu, ASOS)",60.99,4,15.25,2024-08-19,No,0,0,60.99
TXN12316,BNPL5531,High Exposure User,2024-09-21,2024-09,Afterpay,"Fast Fashion (Shein, Temu, ASOS)",50.81,4,12.7,2024-11-16,No,0,0,50.81
TXN12317,BNPL5532,Regular User,2024-12-16,2024-12,Klarna,"Fast Fashion (Shein, Temu, ASOS)",40.92,6,6.82,2025-03-10,No,0,0,40.92
TXN12318,BNPL5532,Regular User,2024-05-14,2024-05,Klarna,Electronics and Tech,291.37,4,72.84,2024-07-09,No,0,0,291.37
TXN12319,BNPL5532,Regular User,2024-10-23,2024-10,Sezzle,"Fast Fashion (Shein, Temu, ASOS)",54.59,3,18.2,2024-12-04,No,0,0,54.59
TXN12320,BNPL5532,Regular User,2024-09-08,2024-09,Klarna,Footwear,141.32,4,35.33,2024-11-03,No,0,0,141.32
TXN12321,BNPL5532,Regular User,2024-08-31,2024-08,Klarna,Footwear,114.74,3,38.25,2024-10-12,No,0,0,114.74
TXN12322,BNPL5532,Regular User,2024-12-30,2024-12,Klarna,"Fast Fashion (Shein, Temu, ASOS)",38.12,3,12.71,2025-02-10,No,0,0,38.12
TXN12323,BNPL5533,Occasional User,2024-08-14,2024-08,Afterpay,"Fast Fashion (Shein, Temu, ASOS)",40.4,6,6.73,2024-11-06,No,0,0,40.4
TXN12324,BNPL5533,Occasional User,2024-03-03,2024-03,Afterpay,Sporting Goods,132.42,4,33.1,2024-04-28,No,0,0,132.42
TXN12325,BNPL5534,Occasional User,2024-06-06,2024-06,Afterpay,Sporting Goods,266.9,6,44.48,2024-08-29,No,0,0,266.9
TXN12326,BNPL5535,High Exposure User,2024-03-17,2024-03,Klarna,Sporting Goods,186.89,4,46.72,2024-05-12,No,0,0,186.89
TXN12327,BNPL5535,High Exposure User,2024-09-25,2024-09,Klarna,Beauty and Skincare,59.52,4,14.88,2024-11-20,Yes,1,8.0,67.52
TXN12328,BNPL5535,High Exposure User,2024-11-05,2024-11,Sezzle,Footwear,111.85,4,27.96,2024-12-31,No,0,0,111.85
TXN12329,BNPL5535,High Exposure User,2024-09-09,2024-09,PayBright,Beauty and Skincare,80.92,3,26.97,2024-10-21,No,0,0,80.92
TXN12330,BNPL5535,High Exposure User,2024-08-13,2024-08,Afterpay,Home and Furniture,254.6,4,63.65,2024-10-08,No,0,0,254.6
TXN12331,BNPL5536,High Exposure User,2024-11-22,2024-11,Klarna,Beauty and Skincare,116.73,4,29.18,2025-01-17,Yes,1,8.0,124.73
TXN12332,BNPL5536,High Exposure User,2024-09-16,2024-09,Klarna,Home and Furniture,223.15,4,55.79,2024-11-11,No,0,0,223.15
TXN12333,BNPL5536,High Exposure User,2024-09-22,2024-09,Paidy,"Fast Fashion (Shein, Temu, ASOS)",58.55,4,14.64,2024-11-17,No,0,0,58.55
TXN12334,BNPL5536,High Exposure User,2024-11-09,2024-11,Paidy,"Fast Fashion (Shein, Temu, ASOS)",66.15,4,16.54,2025-01-04,No,0,0,66.15
TXN12335,BNPL5536,High Exposure User,2024-06-09,2024-06,Klarna,Electronics and Tech,220.0,4,55.0,2024-08-04,No,0,0,220.0
TXN12336,BNPL5536,High Exposure User,2024-04-22,2024-04,Klarna,"Fast Fashion (Shein, Temu, ASOS)",81.24,4,20.31,2024-06-17,No,0,0,81.24
TXN12337,BNPL5536,High Exposure User,2024-02-14,2024-02,Paidy,Footwear,28.11,4,7.03,2024-04-10,Yes,2,16.0,44.11
TXN12338,BNPL5536,High Exposure User,2024-07-10,2024-07,Afterpay,"Fast Fashion (Shein, Temu, ASOS)",75.17,4,18.79,2024-09-04,No,0,0,75.17
TXN12339,BNPL5536,High Exposure User,2024-11-03,2024-11,Klarna,Electronics and Tech,273.79,6,45.63,2025-01-26,Yes,2,16.0,289.79
TXN12340,BNPL5536,High Exposure User,2024-09-09,2024-09,Afterpay,Beauty and Skincare,69.8,4,17.45,2024-11-04,No,0,0,69.8
TXN12341,BNPL5536,High Exposure User,2024-11-12,2024-11,Sezzle,"Fast Fashion (Shein, Temu, ASOS)",73.25,6,12.21,2025-02-04,No,0,0,73.25
TXN12342,BNPL5536,High Exposure User,2024-11-25,2024-11,Afterpay,"Fast Fashion (Shein, Temu, ASOS)",41.15,3,13.72,2025-01-06,No,0,0,41.15
TXN12343,BNPL5536,High Exposure User,2024-02-08,2024-02,Paidy,Footwear,131.16,3,43.72,2024-03-21,No,0,0,131.16
TXN12344,BNPL5536,High Exposure User,2024-04-10,2024-04,Afterpay,Beauty and Skincare,57.85,3,19.28,2024-05-22,No,0,0,57.85
TXN12345,BNPL5536,High Exposure User,2024-05-10,2024-05,Afterpay,"Fast Fashion (Shein, Temu, ASOS)",59.07,3,19.69,2024-06-21,No,0,0,59.07
TXN12346,BNPL5536,High Exposure User,2024-11-09,2024-11,Afterpay,"Fast Fashion (Shein, Temu, ASOS)",71.25,4,17.81,2025-01-04,No,0,0,71.25
TXN12347,BNPL5536,High Exposure User,2024-02-29,2024-02,Sezzle,Footwear,151.32,4,37.83,2024-04-25,No,0,0,151.32
TXN12348,BNPL5536,High Exposure User,2024-12-13,2024-12,Afterpay,Beauty and Skincare,110.55,4,27.64,2025-02-07,No,0,0,110.55
TXN12349,BNPL5537,Regular User,2024-05-23,2024-05,Afterpay,"Fast Fashion (Shein, Temu, ASOS)",36.97,4,9.24,2024-07-18,No,0,0,36.97
TXN12350,BNPL5537,Regular User,2024-11-12,2024-11,Klarna,"Fast Fashion (Shein, Temu, ASOS)",43.27,4,10.82,2025-01-07,No,0,0,43.27
TXN12351,BNPL5537,Regular User,2024-07-04,2024-07,Sezzle,Sporting Goods,222.21,4,55.55,2024-08-29,No,0,0,222.21
TXN12352,BNPL5537,Regular User,2024-09-15,2024-09,Sezzle,"Fast Fashion (Shein, Temu, ASOS)",50.25,3,16.75,2024-10-27,No,0,0,50.25
TXN12353,BNPL5537,Regular User,2024-12-16,2024-12,Klarna,Electronics and Tech,203.57,4,50.89,2025-02-10,No,0,0,203.57
TXN12354,BNPL5537,Regular User,2024-05-27,2024-05,Paidy,Beauty and Skincare,92.31,4,23.08,2024-07-22,No,0,0,92.31
TXN12355,BNPL5537,Regular User,2024-01-09,2024-01,PayBright,Beauty and Skincare,68.16,6,11.36,2024-04-02,No,0,0,68.16
TXN12356,BNPL5537,Regular User,2024-11-16,2024-11,Afterpay,Sporting Goods,125.85,4,31.46,2025-01-11,No,0,0,125.85
TXN12357,BNPL5537,Regular User,2024-08-18,2024-08,Sezzle,Sporting Goods,213.44,4,53.36,2024-10-13,No,0,0,213.44
TXN12358,BNPL5538,High Exposure User,2024-03-29,2024-03,PayBright,"Fast Fashion (Shein, Temu, ASOS)",64.28,4,16.07,2024-05-24,No,0,0,64.28
TXN12359,BNPL5538,High Exposure User,2024-03-24,2024-03,Sezzle,Beauty and Skincare,74.5,4,18.62,2024-05-19,No,0,0,74.5
TXN12360,BNPL5538,High Exposure User,2024-02-19,2024-02,Klarna,Beauty and Skincare,83.8,4,20.95,2024-04-15,Yes,2,16.0,99.8
TXN12361,BNPL5538,High Exposure User,2024-05-12,2024-05,Afterpay,Home and Furniture,291.12,3,97.04,2024-06-23,No,0,0,291.12
TXN12362,BNPL5538,High Exposure User,2024-05-26,2024-05,Klarna,Footwear,120.4,3,40.13,2024-07-07,No,0,0,120.4
TXN12363,BNPL5538,High Exposure User,2024-04-19,2024-04,Paidy,Home and Furniture,646.74,4,161.69,2024-06-14,Yes,1,8.0,654.74
TXN12364,BNPL5538,High Exposure User,2024-04-19,2024-04,Paidy,Beauty and Skincare,60.66,3,20.22,2024-05-31,No,0,0,60.66
TXN12365,BNPL5538,High Exposure User,2024-05-07,2024-05,Afterpay,Footwear,120.06,6,20.01,2024-07-30,No,0,0,120.06
TXN12366,BNPL5538,High Exposure User,2024-07-26,2024-07,Klarna,"Fast Fashion (Shein, Temu, ASOS)",55.71,4,13.93,2024-09-20,No,0,0,55.71
TXN12367,BNPL5538,High Exposure User,2024-07-04,2024-07,Klarna,"Fast Fashion (Shein, Temu, ASOS)",43.27,6,7.21,2024-09-26,No,0,0,43.27
TXN12368,BNPL5538,High Exposure User,2024-07-02,2024-07,PayBright,Footwear,142.3,4,35.58,2024-08-27,Yes,1,8.0,150.3
TXN12369,BNPL5538,High Exposure User,2024-11-19,2024-11,Paidy,Electronics and Tech,190.5,6,31.75,2025-02-11,Yes,2,16.0,206.5
TXN12370,BNPL5538,High Exposure User,2024-03-14,2024-03,Sezzle,Electronics and Tech,431.34,3,143.78,2024-04-25,No,0,0,431.34
TXN12371,BNPL5538,High Exposure User,2024-10-26,2024-10,Sezzle,Electronics and Tech,305.86,6,50.98,2025-01-18,No,0,0,305.86
TXN12372,BNPL5538,High Exposure User,2024-10-03,2024-10,Klarna,"Fast Fashion (Shein, Temu, ASOS)",42.85,4,10.71,2024-11-28,No,0,0,42.85
TXN12373,BNPL5538,High Exposure User,2024-04-12,2024-04,Klarna,"Fast Fashion (Shein, Temu, ASOS)",60.25,4,15.06,2024-06-07,No,0,0,60.25
TXN12374,BNPL5539,Regular User,2024-03-11,2024-03,Paidy,Home and Furniture,275.25,4,68.81,2024-05-06,Yes,1,8.0,283.25
TXN12375,BNPL5539,Regular User,2024-12-10,2024-12,Sezzle,"Fast Fashion (Shein, Temu, ASOS)",51.25,4,12.81,2025-02-04,No,0,0,51.25
TXN12376,BNPL5539,Regular User,2024-07-12,2024-07,Klarna,"Fast Fashion (Shein, Temu, ASOS)",58.8,4,14.7,2024-09-06,Yes,1,8.0,66.8
TXN12377,BNPL5539,Regular User,2024-03-04,2024-03,Afterpay,"Fast Fashion (Shein, Temu, ASOS)",53.71,6,8.95,2024-05-27,No,0,0,53.71
TXN12378,BNPL5539,Regular User,2024-04-02,2024-04,Klarna,Footwear,108.15,4,27.04,2024-05-28,No,0,0,108.15
TXN12379,BNPL5539,Regular User,2024-02-24,2024-02,Afterpay,Electronics and Tech,122.03,4,30.51,2024-04-20,No,0,0,122.03
TXN12380,BNPL5539,Regular User,2024-04-24,2024-04,Klarna,Electronics and Tech,353.93,4,88.48,2024-06-19,No,0,0,353.93
TXN12381,BNPL5540,Regular User,2024-05-29,2024-05,Afterpay,Sporting Goods,234.3,3,78.1,2024-07-10,No,0,0,234.3
TXN12382,BNPL5540,Regular User,2024-10-21,2024-10,PayBright,Sporting Goods,188.01,6,31.33,2025-01-13,No,0,0,188.01
TXN12383,BNPL5540,Regular User,2024-05-15,2024-05,PayBright,Beauty and Skincare,95.54,4,23.89,2024-07-10,No,0,0,95.54
TXN12384,BNPL5540,Regular User,2024-08-25,2024-08,Afterpay,Footwear,131.6,3,43.87,2024-10-06,No,0,0,131.6
TXN12385,BNPL5540,Regular User,2024-05-08,2024-05,PayBright,"Fast Fashion (Shein, Temu, ASOS)",55.7,4,13.93,2024-07-03,No,0,0,55.7
TXN12386,BNPL5540,Regular User,2024-09-07,2024-09,Afterpay,Sporting Goods,176.11,4,44.03,2024-11-02,No,0,0,176.11
TXN12387,BNPL5540,Regular User,2024-07-30,2024-07,Afterpay,"Fast Fashion (Shein, Temu, ASOS)",61.45,6,10.24,2024-10-22,No,0,0,61.45
TXN12388,BNPL5541,Regular User,2024-01-25,2024-01,Klarna,Footwear,96.31,4,24.08,2024-03-21,No,0,0,96.31
TXN12389,BNPL5541,Regular User,2024-06-18,2024-06,PayBright,Sporting Goods,180.28,4,45.07,2024-08-13,No,0,0,180.28
TXN12390,BNPL5541,Regular User,2024-01-24,2024-01,Sezzle,Footwear,97.98,3,32.66,2024-03-06,No,0,0,97.98
TXN12391,BNPL5541,Regular User,2024-02-03,2024-02,Sezzle,Footwear,160.66,6,26.78,2024-04-27,No,0,0,160.66
TXN12392,BNPL5541,Regular User,2024-05-14,2024-05,Sezzle,Electronics and Tech,221.23,4,55.31,2024-07-09,No,0,0,221.23
TXN12393,BNPL5541,Regular User,2024-07-16,2024-07,Sezzle,Footwear,106.69,6,17.78,2024-10-08,Yes,1,8.0,114.69
TXN12394,BNPL5541,Regular User,2024-01-29,2024-01,Afterpay,"Fast Fashion (Shein, Temu, ASOS)",52.68,3,17.56,2024-03-11,No,0,0,52.68
TXN12395,BNPL5541,Regular User,2024-01-21,2024-01,Klarna,"Fast Fashion (Shein, Temu, ASOS)",59.92,4,14.98,2024-03-17,No,0,0,59.92
TXN12396,BNPL5542,Occasional User,2024-10-03,2024-10,Klarna,"Fast Fashion (Shein, Temu, ASOS)",53.83,4,13.46,2024-11-28,No,0,0,53.83
TXN12397,BNPL5542,Occasional User,2024-12-22,2024-12,PayBright,"Fast Fashion (Shein, Temu, ASOS)",46.67,6,7.78,2025-03-16,No,0,0,46.67
TXN12398,BNPL5543,Occasional User,2024-01-21,2024-01,PayBright,"Fast Fashion (Shein, Temu, ASOS)",55.39,6,9.23,2024-04-14,No,0,0,55.39
TXN12399,BNPL5543,Occasional User,2024-01-19,2024-01,Klarna,Home and Furniture,344.57,4,86.14,2024-03-15,No,0,0,344.57
TXN12400,BNPL5544,Occasional User,2024-07-15,2024-07,PayBright,Electronics and Tech,147.38,4,36.84,2024-09-09,No,0,0,147.38
TXN12401,BNPL5544,Occasional User,2024-09-29,2024-09,PayBright,Electronics and Tech,176.29,4,44.07,2024-11-24,No,0,0,176.29
TXN12402,BNPL5545,High Exposure User,2024-02-25,2024-02,Afterpay,Home and Furniture,265.01,4,66.25,2024-04-21,Yes,2,16.0,281.01
TXN12403,BNPL5545,High Exposure User,2024-07-25,2024-07,Klarna,Footwear,108.67,4,27.17,2024-09-19,Yes,2,16.0,124.67
TXN12404,BNPL5545,High Exposure User,2024-11-24,2024-11,Sezzle,"Fast Fashion (Shein, Temu, ASOS)",46.88,4,11.72,2025-01-19,Yes,1,8.0,54.88
TXN12405,BNPL5545,High Exposure User,2024-12-25,2024-12,Afterpay,"Fast Fashion (Shein, Temu, ASOS)",62.72,6,10.45,2025-03-19,No,0,0,62.72
TXN12406,BNPL5545,High Exposure User,2024-10-05,2024-10,Afterpay,Electronics and Tech,229.71,4,57.43,2024-11-30,No,0,0,229.71
TXN12407,BNPL5545,High Exposure User,2024-11-19,2024-11,PayBright,Electronics and Tech,270.25,4,67.56,2025-01-14,Yes,2,16.0,286.25
TXN12408,BNPL5545,High Exposure User,2024-01-20,2024-01,Afterpay,"Fast Fashion (Shein, Temu, ASOS)",37.99,3,12.66,2024-03-02,No,0,0,37.99
TXN12409,BNPL5545,High Exposure User,2024-05-01,2024-05,Klarna,Electronics and Tech,254.4,3,84.8,2024-06-12,No,0,0,254.4
TXN12410,BNPL5545,High Exposure User,2024-05-15,2024-05,PayBright,"Fast Fashion (Shein, Temu, ASOS)",46.65,4,11.66,2024-07-10,No,0,0,46.65
TXN12411,BNPL5545,High Exposure User,2024-01-22,2024-01,PayBright,"Fast Fashion (Shein, Temu, ASOS)",52.93,4,13.23,2024-03-18,No,0,0,52.93
TXN12412,BNPL5545,High Exposure User,2024-12-24,2024-12,Sezzle,"Fast Fashion (Shein, Temu, ASOS)",65.7,4,16.43,2025-02-18,No,0,0,65.7
TXN12413,BNPL5545,High Exposure User,2024-01-20,2024-01,Klarna,Home and Furniture,400.5,4,100.12,2024-03-16,No,0,0,400.5
TXN12414,BNPL5545,High Exposure User,2024-12-16,2024-12,Afterpay,Footwear,160.68,3,53.56,2025-01-27,Yes,2,16.0,176.68
TXN12415,BNPL5545,High Exposure User,2024-08-21,2024-08,PayBright,"Fast Fashion (Shein, Temu, ASOS)",69.34,4,17.34,2024-10-16,No,0,0,69.34
TXN12416,BNPL5545,High Exposure User,2024-11-20,2024-11,Afterpay,"Fast Fashion (Shein, Temu, ASOS)",72.02,4,18.0,2025-01-15,No,0,0,72.02
TXN12417,BNPL5545,High Exposure User,2024-02-18,2024-02,Klarna,"Fast Fashion (Shein, Temu, ASOS)",78.3,3,26.1,2024-03-31,No,0,0,78.3
TXN12418,BNPL5545,High Exposure User,2024-11-10,2024-11,Sezzle,Home and Furniture,479.09,4,119.77,2025-01-05,No,0,0,479.09
TXN12419,BNPL5545,High Exposure User,2024-10-10,2024-10,Afterpay,Footwear,148.21,4,37.05,2024-12-05,No,0,0,148.21
TXN12420,BNPL5545,High Exposure User,2024-11-15,2024-11,Sezzle,Beauty and Skincare,76.87,3,25.62,2024-12-27,No,0,0,76.87
TXN12421,BNPL5546,Occasional User,2024-02-28,2024-02,Afterpay,Home and Furniture,249.28,6,41.55,2024-05-22,No,0,0,249.28
TXN12422,BNPL5546,Occasional User,2024-12-24,2024-12,Afterpay,"Fast Fashion (Shein, Temu, ASOS)",45.58,6,7.6,2025-03-18,No,0,0,45.58
TXN12423,BNPL5546,Occasional User,2024-04-17,2024-04,Klarna,Beauty and Skincare,58.44,4,14.61,2024-06-12,No,0,0,58.44
TXN12424,BNPL5547,Regular User,2024-04-21,2024-04,Sezzle,"Fast Fashion (Shein, Temu, ASOS)",55.53,6,9.26,2024-07-14,No,0,0,55.53
TXN12425,BNPL5547,Regular User,2024-08-25,2024-08,PayBright,Electronics and Tech,258.34,4,64.58,2024-10-20,No,0,0,258.34
TXN12426,BNPL5547,Regular User,2024-05-20,2024-05,Klarna,Beauty and Skincare,41.21,4,10.3,2024-07-15,No,0,0,41.21
TXN12427,BNPL5547,Regular User,2024-06-05,2024-06,Afterpay,"Fast Fashion (Shein, Temu, ASOS)",59.18,4,14.79,2024-07-31,No,0,0,59.18
TXN12428,BNPL5547,Regular User,2024-09-21,2024-09,Paidy,Electronics and Tech,319.21,6,53.2,2024-12-14,No,0,0,319.21
TXN12429,BNPL5547,Regular User,2024-10-31,2024-10,Paidy,Home and Furniture,407.05,3,135.68,2024-12-12,No,0,0,407.05
TXN12430,BNPL5548,Regular User,2024-08-15,2024-08,Afterpay,Sporting Goods,201.6,4,50.4,2024-10-10,No,0,0,201.6
TXN12431,BNPL5548,Regular User,2024-10-09,2024-10,Afterpay,"Fast Fashion (Shein, Temu, ASOS)",42.08,4,10.52,2024-12-04,No,0,0,42.08
TXN12432,BNPL5548,Regular User,2024-03-30,2024-03,Klarna,Sporting Goods,263.78,4,65.94,2024-05-25,No,0,0,263.78
TXN12433,BNPL5548,Regular User,2024-03-11,2024-03,Afterpay,Home and Furniture,321.42,3,107.14,2024-04-22,Yes,1,8.0,329.42
TXN12434,BNPL5548,Regular User,2024-07-03,2024-07,Paidy,"Fast Fashion (Shein, Temu, ASOS)",54.03,4,13.51,2024-08-28,No,0,0,54.03
TXN12435,BNPL5548,Regular User,2024-05-26,2024-05,Afterpay,Beauty and Skincare,82.47,3,27.49,2024-07-07,No,0,0,82.47
TXN12436,BNPL5548,Regular User,2024-07-26,2024-07,Klarna,Electronics and Tech,190.65,6,31.78,2024-10-18,No,0,0,190.65
TXN12437,BNPL5549,High Exposure User,2024-10-06,2024-10,Klarna,Beauty and Skincare,113.84,4,28.46,2024-12-01,Yes,1,8.0,121.84
TXN12438,BNPL5549,High Exposure User,2024-12-01,2024-12,Sezzle,Home and Furniture,291.19,4,72.8,2025-01-26,No,0,0,291.19
TXN12439,BNPL5549,High Exposure User,2024-11-03,2024-11,Sezzle,"Fast Fashion (Shein, Temu, ASOS)",61.52,4,15.38,2024-12-29,Yes,1,8.0,69.52
TXN12440,BNPL5549,High Exposure User,2024-03-25,2024-03,Sezzle,"Fast Fashion (Shein, Temu, ASOS)",65.33,4,16.33,2024-05-20,Yes,2,16.0,81.33
TXN12441,BNPL5549,High Exposure User,2024-05-27,2024-05,Afterpay,Beauty and Skincare,76.41,6,12.73,2024-08-19,No,0,0,76.41
TXN12442,BNPL5549,High Exposure User,2024-10-28,2024-10,PayBright,"Fast Fashion (Shein, Temu, ASOS)",71.37,4,17.84,2024-12-23,No,0,0,71.37
TXN12443,BNPL5549,High Exposure User,2024-05-23,2024-05,Afterpay,Footwear,73.48,6,12.25,2024-08-15,No,0,0,73.48
TXN12444,BNPL5549,High Exposure User,2024-10-05,2024-10,Afterpay,Beauty and Skincare,93.89,4,23.47,2024-11-30,No,0,0,93.89
TXN12445,BNPL5549,High Exposure User,2024-11-19,2024-11,PayBright,"Fast Fashion (Shein, Temu, ASOS)",56.76,6,9.46,2025-02-11,No,0,0,56.76
TXN12446,BNPL5549,High Exposure User,2024-07-06,2024-07,Klarna,"Fast Fashion (Shein, Temu, ASOS)",41.67,6,6.95,2024-09-28,Yes,1,8.0,49.67
TXN12447,BNPL5549,High Exposure User,2024-07-09,2024-07,Afterpay,Beauty and Skincare,59.29,6,9.88,2024-10-01,No,0,0,59.29
TXN12448,BNPL5549,High Exposure User,2024-07-19,2024-07,Klarna,"Fast Fashion (Shein, Temu, ASOS)",54.79,4,13.7,2024-09-13,No,0,0,54.79
TXN12449,BNPL5549,High Exposure User,2024-05-29,2024-05,Afterpay,"Fast Fashion (Shein, Temu, ASOS)",62.85,4,15.71,2024-07-24,No,0,0,62.85
TXN12450,BNPL5549,High Exposure User,2024-10-17,2024-10,Klarna,"Fast Fashion (Shein, Temu, ASOS)",35.34,4,8.84,2024-12-12,Yes,2,16.0,51.34
TXN12451,BNPL5549,High Exposure User,2024-12-25,2024-12,Afterpay,"Fast Fashion (Shein, Temu, ASOS)",64.31,4,16.08,2025-02-19,No,0,0,64.31
TXN12452,BNPL5549,High Exposure User,2024-02-29,2024-02,Sezzle,"Fast Fashion (Shein, Temu, ASOS)",33.54,4,8.38,2024-04-25,No,0,0,33.54
TXN12453,BNPL5549,High Exposure User,2024-09-30,2024-09,Afterpay,Footwear,109.03,4,27.26,2024-11-25,No,0,0,109.03
TXN12454,BNPL5549,High Exposure User,2024-12-18,2024-12,Afterpay,"Fast Fashion (Shein, Temu, ASOS)",50.9,4,12.72,2025-02-12,No,0,0,50.9
TXN12455,BNPL5549,High Exposure User,2024-05-08,2024-05,Sezzle,Electronics and Tech,210.16,4,52.54,2024-07-03,No,0,0,210.16
TXN12456,BNPL5550,Occasional User,2024-11-06,2024-11,Klarna,"Fast Fashion (Shein, Temu, ASOS)",33.13,4,8.28,2025-01-01,No,0,0,33.13
TXN12457,BNPL5550,Occasional User,2024-10-22,2024-10,Sezzle,Electronics and Tech,332.35,3,110.78,2024-12-03,No,0,0,332.35
TXN12458,BNPL5551,Occasional User,2024-12-28,2024-12,Afterpay,Footwear,163.33,4,40.83,2025-02-22,No,0,0,163.33
TXN12459,BNPL5552,High Exposure User,2024-04-23,2024-04,Sezzle,Home and Furniture,316.53,4,79.13,2024-06-18,No,0,0,316.53
TXN12460,BNPL5552,High Exposure User,2024-07-15,2024-07,Klarna,Footwear,140.57,4,35.14,2024-09-09,No,0,0,140.57
TXN12461,BNPL5552,High Exposure User,2024-09-08,2024-09,Paidy,Beauty and Skincare,107.52,4,26.88,2024-11-03,Yes,2,16.0,123.52
TXN12462,BNPL5552,High Exposure User,2024-11-26,2024-11,Klarna,Electronics and Tech,277.7,4,69.42,2025-01-21,No,0,0,277.7
TXN12463,BNPL5552,High Exposure User,2024-09-15,2024-09,Sezzle,"Fast Fashion (Shein, Temu, ASOS)",45.33,4,11.33,2024-11-10,No,0,0,45.33
TXN12464,BNPL5552,High Exposure User,2024-02-29,2024-02,Klarna,Electronics and Tech,210.2,6,35.03,2024-05-23,No,0,0,210.2
TXN12465,BNPL5552,High Exposure User,2024-11-03,2024-11,Afterpay,Footwear,148.31,6,24.72,2025-01-26,Yes,2,16.0,164.31
TXN12466,BNPL5552,High Exposure User,2024-05-26,2024-05,Klarna,Electronics and Tech,214.89,4,53.72,2024-07-21,No,0,0,214.89
TXN12467,BNPL5553,Regular User,2024-10-08,2024-10,Paidy,Footwear,103.06,4,25.77,2024-12-03,No,0,0,103.06
TXN12468,BNPL5553,Regular User,2024-05-08,2024-05,Klarna,Electronics and Tech,263.85,6,43.98,2024-07-31,No,0,0,263.85
TXN12469,BNPL5553,Regular User,2024-07-29,2024-07,Sezzle,Electronics and Tech,349.33,4,87.33,2024-09-23,No,0,0,349.33
TXN12470,BNPL5553,Regular User,2024-05-12,2024-05,Afterpay,Footwear,152.8,4,38.2,2024-07-07,No,0,0,152.8
TXN12471,BNPL5553,Regular User,2024-07-29,2024-07,Klarna,Beauty and Skincare,56.43,4,14.11,2024-09-23,No,0,0,56.43
TXN12472,BNPL5554,Regular User,2024-03-13,2024-03,Klarna,Home and Furniture,189.38,3,63.13,2024-04-24,No,0,0,189.38
TXN12473,BNPL5554,Regular User,2024-10-27,2024-10,Klarna,Footwear,58.73,6,9.79,2025-01-19,Yes,1,8.0,66.73
TXN12474,BNPL5554,Regular User,2024-04-27,2024-04,Klarna,Beauty and Skincare,91.16,4,22.79,2024-06-22,No,0,0,91.16
TXN12475,BNPL5554,Regular User,2024-06-30,2024-06,Afterpay,Beauty and Skincare,100.52,4,25.13,2024-08-25,No,0,0,100.52
TXN12476,BNPL5554,Regular User,2024-06-11,2024-06,Afterpay,Home and Furniture,536.13,4,134.03,2024-08-06,No,0,0,536.13
TXN12477,BNPL5554,Regular User,2024-06-14,2024-06,Paidy,"Fast Fashion (Shein, Temu, ASOS)",72.41,4,18.1,2024-08-09,No,0,0,72.41
TXN12478,BNPL5554,Regular User,2024-08-19,2024-08,Klarna,Sporting Goods,159.23,4,39.81,2024-10-14,No,0,0,159.23
TXN12479,BNPL5555,Regular User,2024-10-14,2024-10,Klarna,"Fast Fashion (Shein, Temu, ASOS)",50.04,4,12.51,2024-12-09,Yes,2,16.0,66.04
TXN12480,BNPL5555,Regular User,2024-06-17,2024-06,Afterpay,Beauty and Skincare,117.73,4,29.43,2024-08-12,No,0,0,117.73
TXN12481,BNPL5555,Regular User,2024-04-07,2024-04,Klarna,Beauty and Skincare,41.67,4,10.42,2024-06-02,No,0,0,41.67
TXN12482,BNPL5555,Regular User,2024-03-17,2024-03,PayBright,"Fast Fashion (Shein, Temu, ASOS)",57.49,3,19.16,2024-04-28,No,0,0,57.49
TXN12483,BNPL5555,Regular User,2024-12-29,2024-12,Klarna,Electronics and Tech,210.88,4,52.72,2025-02-23,No,0,0,210.88
TXN12484,BNPL5555,Regular User,2024-11-28,2024-11,Klarna,Electronics and Tech,276.89,4,69.22,2025-01-23,No,0,0,276.89
TXN12485,BNPL5555,Regular User,2024-02-06,2024-02,Sezzle,"Fast Fashion (Shein, Temu, ASOS)",44.22,4,11.05,2024-04-02,No,0,0,44.22
TXN12486,BNPL5555,Regular User,2024-09-29,2024-09,Klarna,Beauty and Skincare,72.99,4,18.25,2024-11-24,No,0,0,72.99
TXN12487,BNPL5555,Regular User,2024-02-10,2024-02,Klarna,"Fast Fashion (Shein, Temu, ASOS)",45.71,4,11.43,2024-04-06,No,0,0,45.71
TXN12488,BNPL5555,Regular User,2024-03-22,2024-03,Sezzle,Beauty and Skincare,97.13,6,16.19,2024-06-14,No,0,0,97.13
TXN12489,BNPL5555,Regular User,2024-04-07,2024-04,Klarna,Footwear,108.99,4,27.25,2024-06-02,No,0,0,108.99
TXN12490,BNPL5556,High Exposure User,2024-05-12,2024-05,Klarna,"Fast Fashion (Shein, Temu, ASOS)",30.17,6,5.03,2024-08-04,Yes,1,8.0,38.17
TXN12491,BNPL5556,High Exposure User,2024-08-09,2024-08,PayBright,Footwear,109.04,4,27.26,2024-10-04,No,0,0,109.04
TXN12492,BNPL5556,High Exposure User,2024-02-11,2024-02,Afterpay,Footwear,124.35,4,31.09,2024-04-07,No,0,0,124.35
TXN12493,BNPL5556,High Exposure User,2024-08-20,2024-08,Afterpay,Footwear,140.86,4,35.22,2024-10-15,No,0,0,140.86
TXN12494,BNPL5556,High Exposure User,2024-11-26,2024-11,Klarna,"Fast Fashion (Shein, Temu, ASOS)",71.09,4,17.77,2025-01-21,No,0,0,71.09
TXN12495,BNPL5556,High Exposure User,2024-02-18,2024-02,PayBright,Electronics and Tech,228.74,6,38.12,2024-05-12,No,0,0,228.74
TXN12496,BNPL5556,High Exposure User,2024-05-06,2024-05,Sezzle,Home and Furniture,360.61,3,120.2,2024-06-17,No,0,0,360.61
TXN12497,BNPL5556,High Exposure User,2024-03-28,2024-03,Afterpay,Electronics and Tech,254.13,4,63.53,2024-05-23,No,0,0,254.13
TXN12498,BNPL5556,High Exposure User,2024-07-23,2024-07,Klarna,Beauty and Skincare,93.47,4,23.37,2024-09-17,Yes,2,16.0,109.47
TXN12499,BNPL5556,High Exposure User,2024-12-27,2024-12,Afterpay,Footwear,91.53,3,30.51,2025-02-07,No,0,0,91.53
TXN12500,BNPL5556,High Exposure User,2024-08-08,2024-08,PayBright,"Fast Fashion (Shein, Temu, ASOS)",81.78,4,20.45,2024-10-03,No,0,0,81.78
TXN12501,BNPL5556,High Exposure User,2024-09-25,2024-09,Paidy,"Fast Fashion (Shein, Temu, ASOS)",56.86,6,9.48,2024-12-18,No,0,0,56.86
TXN12502,BNPL5556,High Exposure User,2024-11-13,2024-11,Afterpay,"Fast Fashion (Shein, Temu, ASOS)",37.89,6,6.32,2025-02-05,No,0,0,37.89
TXN12503,BNPL5556,High Exposure User,2024-12-30,2024-12,Sezzle,Footwear,104.88,6,17.48,2025-03-24,Yes,1,8.0,112.88
TXN12504,BNPL5556,High Exposure User,2024-12-19,2024-12,Klarna,Beauty and Skincare,93.65,4,23.41,2025-02-13,Yes,2,16.0,109.65
TXN12505,BNPL5556,High Exposure User,2024-05-21,2024-05,Klarna,Home and Furniture,307.35,3,102.45,2024-07-02,Yes,2,16.0,323.35
TXN12506,BNPL5557,Regular User,2024-06-29,2024-06,Klarna,Electronics and Tech,289.99,3,96.66,2024-08-10,No,0,0,289.99
TXN12507,BNPL5557,Regular User,2024-05-24,2024-05,Sezzle,Beauty and Skincare,99.77,3,33.26,2024-07-05,No,0,0,99.77
TXN12508,BNPL5558,Occasional User,2024-10-14,2024-10,Paidy,"Fast Fashion (Shein, Temu, ASOS)",50.99,4,12.75,2024-12-09,No,0,0,50.99
TXN12509,BNPL5558,Occasional User,2024-07-16,2024-07,Sezzle,Footwear,152.98,4,38.24,2024-09-10,No,0,0,152.98
TXN12510,BNPL5559,High Exposure User,2024-07-05,2024-07,Afterpay,Beauty and Skincare,69.61,4,17.4,2024-08-30,Yes,2,16.0,85.61
TXN12511,BNPL5559,High Exposure User,2024-08-28,2024-08,Afterpay,Electronics and Tech,368.35,6,61.39,2024-11-20,No,0,0,368.35
TXN12512,BNPL5559,High Exposure User,2024-07-30,2024-07,Klarna,Sporting Goods,253.03,6,42.17,2024-10-22,No,0,0,253.03
TXN12513,BNPL5559,High Exposure User,2024-05-15,2024-05,Afterpay,Sporting Goods,156.44,3,52.15,2024-06-26,No,0,0,156.44
TXN12514,BNPL5559,High Exposure User,2024-10-28,2024-10,Klarna,Beauty and Skincare,60.59,4,15.15,2024-12-23,No,0,0,60.59
TXN12515,BNPL5559,High Exposure User,2024-12-11,2024-12,Afterpay,"Fast Fashion (Shein, Temu, ASOS)",50.01,4,12.5,2025-02-05,No,0,0,50.01
TXN12516,BNPL5559,High Exposure User,2024-02-01,2024-02,PayBright,"Fast Fashion (Shein, Temu, ASOS)",65.34,3,21.78,2024-03-14,No,0,0,65.34
TXN12517,BNPL5559,High Exposure User,2024-09-12,2024-09,Klarna,Home and Furniture,419.17,6,69.86,2024-12-05,No,0,0,419.17
TXN12518,BNPL5559,High Exposure User,2024-09-05,2024-09,PayBright,Beauty and Skincare,91.52,4,22.88,2024-10-31,No,0,0,91.52
TXN12519,BNPL5559,High Exposure User,2024-09-25,2024-09,Afterpay,Beauty and Skincare,70.25,6,11.71,2024-12-18,No,0,0,70.25
TXN12520,BNPL5559,High Exposure User,2024-08-02,2024-08,Klarna,Footwear,111.31,6,18.55,2024-10-25,No,0,0,111.31
TXN12521,BNPL5559,High Exposure User,2024-10-20,2024-10,Afterpay,Electronics and Tech,206.45,3,68.82,2024-12-01,No,0,0,206.45
TXN12522,BNPL5560,Regular User,2024-05-27,2024-05,Afterpay,"Fast Fashion (Shein, Temu, ASOS)",59.26,4,14.81,2024-07-22,Yes,2,16.0,75.26
TXN12523,BNPL5560,Regular User,2024-07-14,2024-07,Afterpay,Beauty and Skincare,69.22,3,23.07,2024-08-25,No,0,0,69.22
TXN12524,BNPL5560,Regular User,2024-09-23,2024-09,Afterpay,Home and Furniture,328.74,4,82.19,2024-11-18,No,0,0,328.74
TXN12525,BNPL5560,Regular User,2024-06-09,2024-06,PayBright,"Fast Fashion (Shein, Temu, ASOS)",29.75,4,7.44,2024-08-04,No,0,0,29.75
TXN12526,BNPL5560,Regular User,2024-12-18,2024-12,PayBright,"Fast Fashion (Shein, Temu, ASOS)",65.82,4,16.45,2025-02-12,No,0,0,65.82
TXN12527,BNPL5560,Regular User,2024-11-01,2024-11,Afterpay,"Fast Fashion (Shein, Temu, ASOS)",76.56,4,19.14,2024-12-27,No,0,0,76.56
TXN12528,BNPL5561,High Exposure User,2024-01-22,2024-01,PayBright,Footwear,167.34,4,41.84,2024-03-18,No,0,0,167.34
TXN12529,BNPL5561,High Exposure User,2024-09-11,2024-09,Afterpay,"Fast Fashion (Shein, Temu, ASOS)",54.77,4,13.69,2024-11-06,No,0,0,54.77
TXN12530,BNPL5561,High Exposure User,2024-06-08,2024-06,Klarna,Electronics and Tech,339.76,4,84.94,2024-08-03,No,0,0,339.76
TXN12531,BNPL5561,High Exposure User,2024-06-17,2024-06,Klarna,Electronics and Tech,397.71,4,99.43,2024-08-12,No,0,0,397.71
TXN12532,BNPL5561,High Exposure User,2024-09-26,2024-09,Afterpay,Beauty and Skincare,74.02,4,18.5,2024-11-21,No,0,0,74.02
TXN12533,BNPL5561,High Exposure User,2024-12-03,2024-12,Afterpay,Sporting Goods,152.97,6,25.5,2025-02-25,No,0,0,152.97
TXN12534,BNPL5561,High Exposure User,2024-08-03,2024-08,PayBright,Footwear,138.82,6,23.14,2024-10-26,Yes,2,16.0,154.82
TXN12535,BNPL5561,High Exposure User,2024-02-25,2024-02,Afterpay,Home and Furniture,397.39,4,99.35,2024-04-21,No,0,0,397.39
TXN12536,BNPL5561,High Exposure User,2024-10-07,2024-10,Klarna,"Fast Fashion (Shein, Temu, ASOS)",49.36,4,12.34,2024-12-02,No,0,0,49.36
TXN12537,BNPL5561,High Exposure User,2024-07-04,2024-07,Afterpay,Beauty and Skincare,66.63,4,16.66,2024-08-29,No,0,0,66.63
TXN12538,BNPL5561,High Exposure User,2024-06-15,2024-06,Klarna,Footwear,135.8,4,33.95,2024-08-10,No,0,0,135.8
TXN12539,BNPL5562,Occasional User,2024-04-18,2024-04,Afterpay,"Fast Fashion (Shein, Temu, ASOS)",55.78,4,13.95,2024-06-13,No,0,0,55.78
TXN12540,BNPL5562,Occasional User,2024-08-18,2024-08,Afterpay,Footwear,159.27,6,26.55,2024-11-10,No,0,0,159.27
TXN12541,BNPL5563,Occasional User,2024-10-12,2024-10,Sezzle,Sporting Goods,206.13,4,51.53,2024-12-07,No,0,0,206.13
TXN12542,BNPL5563,Occasional User,2024-10-06,2024-10,Sezzle,Footwear,98.95,6,16.49,2024-12-29,No,0,0,98.95
TXN12543,BNPL5564,High Exposure User,2024-06-18,2024-06,Klarna,Sporting Goods,232.53,4,58.13,2024-08-13,No,0,0,232.53
TXN12544,BNPL5564,High Exposure User,2024-02-12,2024-02,Klarna,"Fast Fashion (Shein, Temu, ASOS)",54.22,4,13.55,2024-04-08,No,0,0,54.22
TXN12545,BNPL5564,High Exposure User,2024-11-14,2024-11,Afterpay,Electronics and Tech,273.13,3,91.04,2024-12-26,No,0,0,273.13
TXN12546,BNPL5564,High Exposure User,2024-11-07,2024-11,Klarna,"Fast Fashion (Shein, Temu, ASOS)",27.71,4,6.93,2025-01-02,No,0,0,27.71
TXN12547,BNPL5564,High Exposure User,2024-11-18,2024-11,Klarna,"Fast Fashion (Shein, Temu, ASOS)",52.44,4,13.11,2025-01-13,No,0,0,52.44
TXN12548,BNPL5564,High Exposure User,2024-10-15,2024-10,Sezzle,Sporting Goods,180.93,4,45.23,2024-12-10,Yes,1,8.0,188.93
TXN12549,BNPL5564,High Exposure User,2024-06-30,2024-06,Afterpay,"Fast Fashion (Shein, Temu, ASOS)",81.17,4,20.29,2024-08-25,No,0,0,81.17
TXN12550,BNPL5564,High Exposure User,2024-01-24,2024-01,Paidy,Home and Furniture,297.64,4,74.41,2024-03-20,No,0,0,297.64
TXN12551,BNPL5564,High Exposure User,2024-05-14,2024-05,Afterpay,"Fast Fashion (Shein, Temu, ASOS)",42.6,3,14.2,2024-06-25,No,0,0,42.6
TXN12552,BNPL5564,High Exposure User,2024-06-19,2024-06,Sezzle,Home and Furniture,280.99,4,70.25,2024-08-14,Yes,1,8.0,288.99
TXN12553,BNPL5564,High Exposure User,2024-05-19,2024-05,Paidy,Beauty and Skincare,72.77,3,24.26,2024-06-30,Yes,2,16.0,88.77
TXN12554,BNPL5565,Regular User,2024-09-29,2024-09,Afterpay,Footwear,134.06,6,22.34,2024-12-22,No,0,0,134.06
TXN12555,BNPL5565,Regular User,2024-01-17,2024-01,Afterpay,"Fast Fashion (Shein, Temu, ASOS)",64.98,4,16.25,2024-03-13,Yes,2,16.0,80.98
TXN12556,BNPL5565,Regular User,2024-09-19,2024-09,Sezzle,Electronics and Tech,354.47,4,88.62,2024-11-14,No,0,0,354.47
TXN12557,BNPL5565,Regular User,2024-02-20,2024-02,Afterpay,Footwear,85.91,4,21.48,2024-04-16,No,0,0,85.91
TXN12558,BNPL5565,Regular User,2024-10-11,2024-10,Paidy,"Fast Fashion (Shein, Temu, ASOS)",51.34,4,12.84,2024-12-06,No,0,0,51.34
TXN12559,BNPL5565,Regular User,2024-10-25,2024-10,Klarna,Electronics and Tech,290.03,3,96.68,2024-12-06,No,0,0,290.03
TXN12560,BNPL5565,Regular User,2024-12-01,2024-12,Afterpay,Electronics and Tech,394.32,6,65.72,2025-02-23,No,0,0,394.32
TXN12561,BNPL5566,Occasional User,2024-04-16,2024-04,Afterpay,Beauty and Skincare,83.47,4,20.87,2024-06-11,No,0,0,83.47
TXN12562,BNPL5566,Occasional User,2024-02-16,2024-02,Sezzle,Beauty and Skincare,62.92,4,15.73,2024-04-12,No,0,0,62.92
TXN12563,BNPL5567,High Exposure User,2024-05-20,2024-05,Klarna,Footwear,60.17,4,15.04,2024-07-15,No,0,0,60.17
TXN12564,BNPL5567,High Exposure User,2024-01-20,2024-01,Klarna,"Fast Fashion (Shein, Temu, ASOS)",25,4,6.25,2024-03-16,Yes,1,8.0,33.0
TXN12565,BNPL5567,High Exposure User,2024-04-19,2024-04,Afterpay,Beauty and Skincare,87.02,4,21.75,2024-06-14,No,0,0,87.02
TXN12566,BNPL5567,High Exposure User,2024-10-03,2024-10,Klarna,"Fast Fashion (Shein, Temu, ASOS)",50.28,4,12.57,2024-11-28,Yes,2,16.0,66.28
TXN12567,BNPL5567,High Exposure User,2024-04-24,2024-04,Klarna,Footwear,81.4,4,20.35,2024-06-19,No,0,0,81.4
TXN12568,BNPL5567,High Exposure User,2024-05-19,2024-05,PayBright,Footwear,68.37,4,17.09,2024-07-14,No,0,0,68.37
TXN12569,BNPL5567,High Exposure User,2024-09-27,2024-09,Sezzle,"Fast Fashion (Shein, Temu, ASOS)",60.94,4,15.23,2024-11-22,No,0,0,60.94
TXN12570,BNPL5567,High Exposure User,2024-04-06,2024-04,Afterpay,Home and Furniture,351.85,4,87.96,2024-06-01,No,0,0,351.85
TXN12571,BNPL5567,High Exposure User,2024-06-23,2024-06,Sezzle,Footwear,88.83,4,22.21,2024-08-18,No,0,0,88.83
TXN12572,BNPL5567,High Exposure User,2024-12-23,2024-12,Afterpay,Home and Furniture,399.92,3,133.31,2025-02-03,No,0,0,399.92
TXN12573,BNPL5567,High Exposure User,2024-06-21,2024-06,Klarna,Electronics and Tech,293.86,4,73.47,2024-08-16,Yes,2,16.0,309.86
TXN12574,BNPL5567,High Exposure User,2024-12-09,2024-12,Afterpay,"Fast Fashion (Shein, Temu, ASOS)",25,4,6.25,2025-02-03,No,0,0,25
TXN12575,BNPL5567,High Exposure User,2024-05-31,2024-05,Klarna,Home and Furniture,342.86,4,85.72,2024-07-26,Yes,2,16.0,358.86
TXN12576,BNPL5567,High Exposure User,2024-12-01,2024-12,PayBright,Footwear,127.57,3,42.52,2025-01-12,Yes,2,16.0,143.57
TXN12577,BNPL5568,High Exposure User,2024-10-08,2024-10,Afterpay,Footwear,154.24,4,38.56,2024-12-03,No,0,0,154.24
TXN12578,BNPL5568,High Exposure User,2024-10-31,2024-10,Afterpay,Footwear,149.56,4,37.39,2024-12-26,Yes,2,16.0,165.56
TXN12579,BNPL5568,High Exposure User,2024-08-19,2024-08,Paidy,Footwear,112.73,4,28.18,2024-10-14,No,0,0,112.73
TXN12580,BNPL5568,High Exposure User,2024-09-01,2024-09,Afterpay,Beauty and Skincare,69.12,6,11.52,2024-11-24,Yes,2,16.0,85.12
TXN12581,BNPL5568,High Exposure User,2024-06-02,2024-06,Klarna,"Fast Fashion (Shein, Temu, ASOS)",50.2,4,12.55,2024-07-28,No,0,0,50.2
TXN12582,BNPL5568,High Exposure User,2024-05-27,2024-05,Sezzle,"Fast Fashion (Shein, Temu, ASOS)",30.02,3,10.01,2024-07-08,No,0,0,30.02
TXN12583,BNPL5568,High Exposure User,2024-12-19,2024-12,Afterpay,Beauty and Skincare,66.42,4,16.61,2025-02-13,No,0,0,66.42
TXN12584,BNPL5568,High Exposure User,2024-09-13,2024-09,Afterpay,Footwear,75.11,4,18.78,2024-11-08,No,0,0,75.11
TXN12585,BNPL5569,Occasional User,2024-05-28,2024-05,Klarna,Beauty and Skincare,62.33,3,20.78,2024-07-09,No,0,0,62.33
TXN12586,BNPL5570,Occasional User,2024-09-13,2024-09,Sezzle,Beauty and Skincare,88.57,4,22.14,2024-11-08,No,0,0,88.57
TXN12587,BNPL5570,Occasional User,2024-03-06,2024-03,Klarna,Home and Furniture,260.55,4,65.14,2024-05-01,Yes,1,8.0,268.55
TXN12588,BNPL5570,Occasional User,2024-10-07,2024-10,Klarna,"Fast Fashion (Shein, Temu, ASOS)",77.36,4,19.34,2024-12-02,No,0,0,77.36
TXN12589,BNPL5570,Occasional User,2024-04-11,2024-04,PayBright,Beauty and Skincare,60.79,4,15.2,2024-06-06,No,0,0,60.79
TXN12590,BNPL5571,Regular User,2024-12-28,2024-12,Afterpay,Sporting Goods,203.55,4,50.89,2025-02-22,No,0,0,203.55
TXN12591,BNPL5571,Regular User,2024-02-03,2024-02,Klarna,Footwear,237.72,6,39.62,2024-04-27,No,0,0,237.72
TXN12592,BNPL5571,Regular User,2024-06-04,2024-06,Afterpay,Footwear,171.3,4,42.83,2024-07-30,No,0,0,171.3
TXN12593,BNPL5571,Regular User,2024-02-10,2024-02,Afterpay,Sporting Goods,151.32,4,37.83,2024-04-06,No,0,0,151.32
TXN12594,BNPL5571,Regular User,2024-10-18,2024-10,Paidy,Footwear,125.92,4,31.48,2024-12-13,No,0,0,125.92
TXN12595,BNPL5571,Regular User,2024-02-06,2024-02,Klarna,"Fast Fashion (Shein, Temu, ASOS)",68.96,4,17.24,2024-04-02,No,0,0,68.96
TXN12596,BNPL5571,Regular User,2024-06-18,2024-06,Afterpay,Sporting Goods,224.7,6,37.45,2024-09-10,No,0,0,224.7
TXN12597,BNPL5571,Regular User,2024-07-13,2024-07,Klarna,Footwear,86.36,4,21.59,2024-09-07,No,0,0,86.36
TXN12598,BNPL5572,Occasional User,2024-10-31,2024-10,Klarna,Home and Furniture,419.03,3,139.68,2024-12-12,No,0,0,419.03
TXN12599,BNPL5572,Occasional User,2024-06-08,2024-06,Afterpay,Footwear,133.25,6,22.21,2024-08-31,No,0,0,133.25
TXN12600,BNPL5573,Occasional User,2024-02-29,2024-02,PayBright,"Fast Fashion (Shein, Temu, ASOS)",51.0,4,12.75,2024-04-25,No,0,0,51.0
TXN12601,BNPL5574,Occasional User,2024-03-25,2024-03,PayBright,"Fast Fashion (Shein, Temu, ASOS)",76.5,4,19.12,2024-05-20,No,0,0,76.5
TXN12602,BNPL5574,Occasional User,2024-08-12,2024-08,Afterpay,Electronics and Tech,342.38,4,85.59,2024-10-07,No,0,0,342.38
TXN12603,BNPL5575,Regular User,2024-12-13,2024-12,Sezzle,Beauty and Skincare,86.42,4,21.61,2025-02-07,Yes,1,8.0,94.42
TXN12604,BNPL5575,Regular User,2024-03-29,2024-03,Klarna,"Fast Fashion (Shein, Temu, ASOS)",67.51,3,22.5,2024-05-10,No,0,0,67.51
TXN12605,BNPL5575,Regular User,2024-01-06,2024-01,Afterpay,"Fast Fashion (Shein, Temu, ASOS)",42.74,4,10.69,2024-03-02,No,0,0,42.74
TXN12606,BNPL5575,Regular User,2024-09-05,2024-09,Sezzle,Beauty and Skincare,87.59,4,21.9,2024-10-31,Yes,1,8.0,95.59
TXN12607,BNPL5575,Regular User,2024-02-02,2024-02,Sezzle,"Fast Fashion (Shein, Temu, ASOS)",64.95,3,21.65,2024-03-15,No,0,0,64.95
TXN12608,BNPL5575,Regular User,2024-07-27,2024-07,Afterpay,"Fast Fashion (Shein, Temu, ASOS)",34.5,4,8.62,2024-09-21,Yes,2,16.0,50.5
TXN12609,BNPL5576,High Exposure User,2024-11-24,2024-11,Afterpay,Home and Furniture,391.16,4,97.79,2025-01-19,No,0,0,391.16
TXN12610,BNPL5576,High Exposure User,2024-06-04,2024-06,Afterpay,"Fast Fashion (Shein, Temu, ASOS)",61.42,4,15.36,2024-07-30,No,0,0,61.42
TXN12611,BNPL5576,High Exposure User,2024-11-17,2024-11,Afterpay,Beauty and Skincare,105.1,6,17.52,2025-02-09,No,0,0,105.1
TXN12612,BNPL5576,High Exposure User,2024-08-25,2024-08,Sezzle,Beauty and Skincare,52.81,4,13.2,2024-10-20,Yes,2,16.0,68.81
TXN12613,BNPL5576,High Exposure User,2024-05-27,2024-05,Paidy,"Fast Fashion (Shein, Temu, ASOS)",68.54,4,17.14,2024-07-22,Yes,2,16.0,84.54
TXN12614,BNPL5576,High Exposure User,2024-09-19,2024-09,Afterpay,Sporting Goods,247.85,4,61.96,2024-11-14,Yes,1,8.0,255.85
TXN12615,BNPL5576,High Exposure User,2024-09-02,2024-09,Klarna,"Fast Fashion (Shein, Temu, ASOS)",73.78,4,18.45,2024-10-28,Yes,2,16.0,89.78
TXN12616,BNPL5576,High Exposure User,2024-02-11,2024-02,Klarna,Sporting Goods,148.78,4,37.2,2024-04-07,Yes,2,16.0,164.78
TXN12617,BNPL5576,High Exposure User,2024-03-02,2024-03,Sezzle,"Fast Fashion (Shein, Temu, ASOS)",60.98,4,15.24,2024-04-27,Yes,1,8.0,68.98
TXN12618,BNPL5576,High Exposure User,2024-05-24,2024-05,Afterpay,"Fast Fashion (Shein, Temu, ASOS)",72.51,4,18.13,2024-07-19,No,0,0,72.51
TXN12619,BNPL5576,High Exposure User,2024-01-25,2024-01,Klarna,"Fast Fashion (Shein, Temu, ASOS)",63.61,3,21.2,2024-03-07,Yes,2,16.0,79.61
TXN12620,BNPL5576,High Exposure User,2024-01-16,2024-01,Afterpay,Electronics and Tech,259.03,4,64.76,2024-03-12,No,0,0,259.03
TXN12621,BNPL5576,High Exposure User,2024-08-13,2024-08,Klarna,"Fast Fashion (Shein, Temu, ASOS)",46.9,3,15.63,2024-09-24,No,0,0,46.9
TXN12622,BNPL5576,High Exposure User,2024-05-13,2024-05,Klarna,"Fast Fashion (Shein, Temu, ASOS)",60.11,4,15.03,2024-07-08,No,0,0,60.11
TXN12623,BNPL5576,High Exposure User,2024-05-13,2024-05,Sezzle,Electronics and Tech,187.24,6,31.21,2024-08-05,No,0,0,187.24
TXN12624,BNPL5577,High Exposure User,2024-11-14,2024-11,Afterpay,Home and Furniture,376.02,3,125.34,2024-12-26,No,0,0,376.02
TXN12625,BNPL5577,High Exposure User,2024-01-27,2024-01,Sezzle,Beauty and Skincare,51.43,4,12.86,2024-03-23,Yes,2,16.0,67.43
TXN12626,BNPL5577,High Exposure User,2024-04-17,2024-04,Klarna,"Fast Fashion (Shein, Temu, ASOS)",50.27,4,12.57,2024-06-12,No,0,0,50.27
TXN12627,BNPL5577,High Exposure User,2024-02-24,2024-02,Afterpay,"Fast Fashion (Shein, Temu, ASOS)",65.31,3,21.77,2024-04-06,No,0,0,65.31
TXN12628,BNPL5577,High Exposure User,2024-09-21,2024-09,Afterpay,"Fast Fashion (Shein, Temu, ASOS)",64.48,4,16.12,2024-11-16,No,0,0,64.48
TXN12629,BNPL5577,High Exposure User,2024-07-03,2024-07,Afterpay,Electronics and Tech,229.83,4,57.46,2024-08-28,Yes,2,16.0,245.83
TXN12630,BNPL5577,High Exposure User,2024-09-21,2024-09,Afterpay,"Fast Fashion (Shein, Temu, ASOS)",56.58,4,14.14,2024-11-16,No,0,0,56.58
TXN12631,BNPL5577,High Exposure User,2024-12-29,2024-12,Afterpay,"Fast Fashion (Shein, Temu, ASOS)",71.41,4,17.85,2025-02-23,No,0,0,71.41
TXN12632,BNPL5577,High Exposure User,2024-12-27,2024-12,Afterpay,"Fast Fashion (Shein, Temu, ASOS)",70.55,6,11.76,2025-03-21,No,0,0,70.55
TXN12633,BNPL5577,High Exposure User,2024-03-31,2024-03,Klarna,Footwear,79.03,4,19.76,2024-05-26,No,0,0,79.03
TXN12634,BNPL5577,High Exposure User,2024-06-23,2024-06,Afterpay,Beauty and Skincare,71.96,3,23.99,2024-08-04,No,0,0,71.96
TXN12635,BNPL5578,Regular User,2024-02-15,2024-02,Afterpay,Footwear,110.82,6,18.47,2024-05-09,No,0,0,110.82
TXN12636,BNPL5578,Regular User,2024-02-17,2024-02,Sezzle,Footwear,103.14,4,25.79,2024-04-13,No,0,0,103.14
TXN12637,BNPL5578,Regular User,2024-04-25,2024-04,Sezzle,"Fast Fashion (Shein, Temu, ASOS)",25.99,4,6.5,2024-06-20,No,0,0,25.99
TXN12638,BNPL5578,Regular User,2024-08-08,2024-08,Sezzle,Electronics and Tech,317.82,3,105.94,2024-09-19,No,0,0,317.82
TXN12639,BNPL5578,Regular User,2024-01-23,2024-01,Afterpay,Electronics and Tech,249.07,6,41.51,2024-04-16,No,0,0,249.07
TXN12640,BNPL5578,Regular User,2024-08-21,2024-08,PayBright,Home and Furniture,325.97,3,108.66,2024-10-02,No,0,0,325.97
TXN12641,BNPL5578,Regular User,2024-02-08,2024-02,Klarna,Footwear,125.69,4,31.42,2024-04-04,No,0,0,125.69
TXN12642,BNPL5579,High Exposure User,2024-01-27,2024-01,Klarna,"Fast Fashion (Shein, Temu, ASOS)",60.77,4,15.19,2024-03-23,Yes,1,8.0,68.77
TXN12643,BNPL5579,High Exposure User,2024-07-12,2024-07,PayBright,Electronics and Tech,271.92,6,45.32,2024-10-04,No,0,0,271.92
TXN12644,BNPL5579,High Exposure User,2024-04-30,2024-04,Klarna,"Fast Fashion (Shein, Temu, ASOS)",85.77,6,14.29,2024-07-23,Yes,2,16.0,101.77
TXN12645,BNPL5579,High Exposure User,2024-02-16,2024-02,Afterpay,Footwear,134.15,4,33.54,2024-04-12,Yes,1,8.0,142.15
TXN12646,BNPL5579,High Exposure User,2024-02-28,2024-02,Sezzle,Electronics and Tech,223.76,3,74.59,2024-04-10,No,0,0,223.76
TXN12647,BNPL5579,High Exposure User,2024-03-05,2024-03,Sezzle,Beauty and Skincare,96.12,4,24.03,2024-04-30,No,0,0,96.12
TXN12648,BNPL5579,High Exposure User,2024-11-16,2024-11,Klarna,Footwear,86.53,3,28.84,2024-12-28,No,0,0,86.53
TXN12649,BNPL5579,High Exposure User,2024-10-16,2024-10,PayBright,Beauty and Skincare,88.92,4,22.23,2024-12-11,No,0,0,88.92
TXN12650,BNPL5579,High Exposure User,2024-12-26,2024-12,Afterpay,"Fast Fashion (Shein, Temu, ASOS)",61.41,4,15.35,2025-02-20,No,0,0,61.41
TXN12651,BNPL5579,High Exposure User,2024-11-23,2024-11,Klarna,Footwear,104.53,6,17.42,2025-02-15,Yes,1,8.0,112.53
TXN12652,BNPL5579,High Exposure User,2024-11-24,2024-11,Afterpay,Beauty and Skincare,42.41,4,10.6,2025-01-19,No,0,0,42.41
TXN12653,BNPL5579,High Exposure User,2024-06-22,2024-06,Klarna,"Fast Fashion (Shein, Temu, ASOS)",30.2,6,5.03,2024-09-14,No,0,0,30.2
TXN12654,BNPL5579,High Exposure User,2024-05-20,2024-05,Sezzle,"Fast Fashion (Shein, Temu, ASOS)",36.06,4,9.02,2024-07-15,No,0,0,36.06
TXN12655,BNPL5579,High Exposure User,2024-07-13,2024-07,Afterpay,"Fast Fashion (Shein, Temu, ASOS)",55.77,4,13.94,2024-09-07,Yes,1,8.0,63.77
TXN12656,BNPL5579,High Exposure User,2024-12-01,2024-12,Sezzle,"Fast Fashion (Shein, Temu, ASOS)",67.99,3,22.66,2025-01-12,No,0,0,67.99
TXN12657,BNPL5579,High Exposure User,2024-10-15,2024-10,PayBright,Footwear,147.81,6,24.64,2025-01-07,No,0,0,147.81
TXN12658,BNPL5579,High Exposure User,2024-12-20,2024-12,Klarna,Footwear,152.45,4,38.11,2025-02-14,No,0,0,152.45
TXN12659,BNPL5579,High Exposure User,2024-11-20,2024-11,Sezzle,"Fast Fashion (Shein, Temu, ASOS)",63.46,3,21.15,2025-01-01,Yes,2,16.0,79.46
TXN12660,BNPL5579,High Exposure User,2024-04-14,2024-04,Paidy,Footwear,130.77,3,43.59,2024-05-26,No,0,0,130.77
TXN12661,BNPL5579,High Exposure User,2024-04-25,2024-04,Afterpay,"Fast Fashion (Shein, Temu, ASOS)",59.16,4,14.79,2024-06-20,Yes,1,8.0,67.16
TXN12662,BNPL5579,High Exposure User,2024-04-20,2024-04,Afterpay,Home and Furniture,292.97,3,97.66,2024-06-01,Yes,1,8.0,300.97
TXN12663,BNPL5579,High Exposure User,2024-09-23,2024-09,Sezzle,Footwear,108.35,4,27.09,2024-11-18,No,0,0,108.35
TXN12664,BNPL5579,High Exposure User,2024-09-01,2024-09,PayBright,Beauty and Skincare,36.83,3,12.28,2024-10-13,Yes,1,8.0,44.83
TXN12665,BNPL5580,High Exposure User,2024-03-19,2024-03,Klarna,Beauty and Skincare,71.63,4,17.91,2024-05-14,No,0,0,71.63
TXN12666,BNPL5580,High Exposure User,2024-07-25,2024-07,Paidy,Electronics and Tech,282.26,4,70.56,2024-09-19,No,0,0,282.26
TXN12667,BNPL5580,High Exposure User,2024-04-18,2024-04,Afterpay,Home and Furniture,325.67,4,81.42,2024-06-13,No,0,0,325.67
TXN12668,BNPL5580,High Exposure User,2024-04-08,2024-04,Klarna,Sporting Goods,276.76,4,69.19,2024-06-03,Yes,1,8.0,284.76
TXN12669,BNPL5580,High Exposure User,2024-05-06,2024-05,Klarna,"Fast Fashion (Shein, Temu, ASOS)",58.89,6,9.81,2024-07-29,No,0,0,58.89
TXN12670,BNPL5580,High Exposure User,2024-05-05,2024-05,Paidy,"Fast Fashion (Shein, Temu, ASOS)",57.64,3,19.21,2024-06-16,No,0,0,57.64
TXN12671,BNPL5580,High Exposure User,2024-12-24,2024-12,Klarna,Electronics and Tech,264.58,3,88.19,2025-02-04,No,0,0,264.58
TXN12672,BNPL5580,High Exposure User,2024-05-04,2024-05,Sezzle,Beauty and Skincare,68.53,4,17.13,2024-06-29,No,0,0,68.53
TXN12673,BNPL5580,High Exposure User,2024-05-18,2024-05,Klarna,"Fast Fashion (Shein, Temu, ASOS)",41.1,4,10.28,2024-07-13,No,0,0,41.1
TXN12674,BNPL5580,High Exposure User,2024-03-22,2024-03,Sezzle,"Fast Fashion (Shein, Temu, ASOS)",68.74,6,11.46,2024-06-14,Yes,1,8.0,76.74
TXN12675,BNPL5580,High Exposure User,2024-01-22,2024-01,PayBright,"Fast Fashion (Shein, Temu, ASOS)",42.65,4,10.66,2024-03-18,No,0,0,42.65
TXN12676,BNPL5580,High Exposure User,2024-06-11,2024-06,Paidy,Home and Furniture,414.39,3,138.13,2024-07-23,Yes,2,16.0,430.39
TXN12677,BNPL5580,High Exposure User,2024-01-12,2024-01,Afterpay,Beauty and Skincare,65.36,3,21.79,2024-02-23,No,0,0,65.36
TXN12678,BNPL5580,High Exposure User,2024-11-10,2024-11,Afterpay,Beauty and Skincare,76.37,6,12.73,2025-02-02,No,0,0,76.37
TXN12679,BNPL5580,High Exposure User,2024-03-15,2024-03,Afterpay,Beauty and Skincare,102.87,4,25.72,2024-05-10,Yes,2,16.0,118.87
TXN12680,BNPL5580,High Exposure User,2024-07-28,2024-07,Klarna,Sporting Goods,257.7,4,64.42,2024-09-22,Yes,1,8.0,265.7
TXN12681,BNPL5581,Regular User,2024-11-15,2024-11,Sezzle,"Fast Fashion (Shein, Temu, ASOS)",51.98,4,12.99,2025-01-10,Yes,1,8.0,59.98
TXN12682,BNPL5581,Regular User,2024-05-30,2024-05,Klarna,Home and Furniture,393.37,4,98.34,2024-07-25,No,0,0,393.37
TXN12683,BNPL5581,Regular User,2024-07-26,2024-07,Afterpay,Home and Furniture,225.96,3,75.32,2024-09-06,No,0,0,225.96
TXN12684,BNPL5581,Regular User,2024-02-13,2024-02,Klarna,Home and Furniture,327.74,4,81.94,2024-04-09,No,0,0,327.74
TXN12685,BNPL5581,Regular User,2024-10-15,2024-10,Sezzle,"Fast Fashion (Shein, Temu, ASOS)",46.69,4,11.67,2024-12-10,No,0,0,46.69
TXN12686,BNPL5582,Occasional User,2024-08-24,2024-08,Klarna,Beauty and Skincare,67.03,4,16.76,2024-10-19,Yes,2,16.0,83.03
TXN12687,BNPL5583,Occasional User,2024-08-26,2024-08,Sezzle,Footwear,99.89,4,24.97,2024-10-21,No,0,0,99.89
TXN12688,BNPL5584,High Exposure User,2024-03-21,2024-03,Afterpay,Electronics and Tech,219.89,3,73.3,2024-05-02,Yes,2,16.0,235.89
TXN12689,BNPL5584,High Exposure User,2024-05-08,2024-05,PayBright,"Fast Fashion (Shein, Temu, ASOS)",72.99,4,18.25,2024-07-03,No,0,0,72.99
TXN12690,BNPL5584,High Exposure User,2024-07-02,2024-07,Afterpay,Footwear,98.0,4,24.5,2024-08-27,Yes,2,16.0,114.0
TXN12691,BNPL5584,High Exposure User,2024-05-18,2024-05,Paidy,Footwear,128.28,4,32.07,2024-07-13,No,0,0,128.28
TXN12692,BNPL5584,High Exposure User,2024-07-29,2024-07,Klarna,Beauty and Skincare,62.19,4,15.55,2024-09-23,No,0,0,62.19
TXN12693,BNPL5584,High Exposure User,2024-01-10,2024-01,Sezzle,Beauty and Skincare,89.03,3,29.68,2024-02-21,Yes,1,8.0,97.03
TXN12694,BNPL5584,High Exposure User,2024-09-23,2024-09,Sezzle,"Fast Fashion (Shein, Temu, ASOS)",58.45,4,14.61,2024-11-18,No,0,0,58.45
TXN12695,BNPL5584,High Exposure User,2024-05-12,2024-05,Sezzle,Footwear,144.82,4,36.2,2024-07-07,No,0,0,144.82
TXN12696,BNPL5584,High Exposure User,2024-04-02,2024-04,Afterpay,Beauty and Skincare,65.61,4,16.4,2024-05-28,No,0,0,65.61
TXN12697,BNPL5585,Regular User,2024-07-31,2024-07,Klarna,"Fast Fashion (Shein, Temu, ASOS)",37.81,4,9.45,2024-09-25,No,0,0,37.81
TXN12698,BNPL5585,Regular User,2024-09-30,2024-09,Afterpay,Sporting Goods,185.46,6,30.91,2024-12-23,No,0,0,185.46
TXN12699,BNPL5585,Regular User,2024-09-14,2024-09,Paidy,Electronics and Tech,303.43,4,75.86,2024-11-09,No,0,0,303.43
TXN12700,BNPL5585,Regular User,2024-02-04,2024-02,Afterpay,Footwear,134.39,6,22.4,2024-04-28,No,0,0,134.39
TXN12701,BNPL5585,Regular User,2024-05-27,2024-05,PayBright,Home and Furniture,403.49,4,100.87,2024-07-22,No,0,0,403.49
TXN12702,BNPL5585,Regular User,2024-09-13,2024-09,Klarna,"Fast Fashion (Shein, Temu, ASOS)",33.38,4,8.35,2024-11-08,No,0,0,33.38
TXN12703,BNPL5585,Regular User,2024-11-27,2024-11,Klarna,Beauty and Skincare,102.16,6,17.03,2025-02-19,No,0,0,102.16
TXN12704,BNPL5585,Regular User,2024-04-20,2024-04,Sezzle,Footwear,103.95,3,34.65,2024-06-01,No,0,0,103.95
TXN12705,BNPL5585,Regular User,2024-03-29,2024-03,Klarna,Footwear,126.77,6,21.13,2024-06-21,No,0,0,126.77
TXN12706,BNPL5585,Regular User,2024-12-11,2024-12,Paidy,Footwear,111.37,6,18.56,2025-03-05,No,0,0,111.37
TXN12707,BNPL5586,Regular User,2024-10-18,2024-10,Paidy,Footwear,130.74,4,32.69,2024-12-13,No,0,0,130.74
TXN12708,BNPL5586,Regular User,2024-03-02,2024-03,Klarna,Beauty and Skincare,72.54,4,18.14,2024-04-27,No,0,0,72.54
TXN12709,BNPL5586,Regular User,2024-10-17,2024-10,Afterpay,Electronics and Tech,303.53,4,75.88,2024-12-12,No,0,0,303.53
TXN12710,BNPL5586,Regular User,2024-04-10,2024-04,Afterpay,"Fast Fashion (Shein, Temu, ASOS)",32.98,4,8.24,2024-06-05,Yes,2,16.0,48.98
TXN12711,BNPL5586,Regular User,2024-03-24,2024-03,Sezzle,"Fast Fashion (Shein, Temu, ASOS)",68.07,4,17.02,2024-05-19,No,0,0,68.07
TXN12712,BNPL5586,Regular User,2024-02-05,2024-02,Afterpay,Beauty and Skincare,67.58,3,22.53,2024-03-18,No,0,0,67.58
TXN12713,BNPL5587,Occasional User,2024-08-09,2024-08,Afterpay,Electronics and Tech,230.8,3,76.93,2024-09-20,No,0,0,230.8
TXN12714,BNPL5587,Occasional User,2024-08-28,2024-08,Afterpay,Sporting Goods,211.81,4,52.95,2024-10-23,No,0,0,211.81
TXN12715,BNPL5588,High Exposure User,2024-11-29,2024-11,Sezzle,Beauty and Skincare,90.54,4,22.64,2025-01-24,No,0,0,90.54
TXN12716,BNPL5588,High Exposure User,2024-08-23,2024-08,Klarna,Sporting Goods,191.04,4,47.76,2024-10-18,No,0,0,191.04
TXN12717,BNPL5588,High Exposure User,2024-07-14,2024-07,Sezzle,"Fast Fashion (Shein, Temu, ASOS)",85.65,3,28.55,2024-08-25,No,0,0,85.65
TXN12718,BNPL5588,High Exposure User,2024-12-10,2024-12,PayBright,"Fast Fashion (Shein, Temu, ASOS)",77.33,4,19.33,2025-02-04,No,0,0,77.33
TXN12719,BNPL5588,High Exposure User,2024-07-27,2024-07,Paidy,"Fast Fashion (Shein, Temu, ASOS)",63.59,4,15.9,2024-09-21,Yes,1,8.0,71.59
TXN12720,BNPL5588,High Exposure User,2024-09-13,2024-09,Afterpay,"Fast Fashion (Shein, Temu, ASOS)",62.82,4,15.71,2024-11-08,No,0,0,62.82
TXN12721,BNPL5588,High Exposure User,2024-02-02,2024-02,PayBright,Footwear,125.16,4,31.29,2024-03-29,Yes,1,8.0,133.16
TXN12722,BNPL5588,High Exposure User,2024-10-14,2024-10,Afterpay,Beauty and Skincare,95.29,4,23.82,2024-12-09,No,0,0,95.29
TXN12723,BNPL5588,High Exposure User,2024-11-23,2024-11,Paidy,Footwear,111.98,4,28.0,2025-01-18,No,0,0,111.98
TXN12724,BNPL5588,High Exposure User,2024-04-30,2024-04,Klarna,Sporting Goods,206.94,6,34.49,2024-07-23,Yes,1,8.0,214.94
TXN12725,BNPL5588,High Exposure User,2024-12-03,2024-12,Sezzle,Electronics and Tech,218.27,6,36.38,2025-02-25,Yes,1,8.0,226.27
TXN12726,BNPL5588,High Exposure User,2024-01-22,2024-01,Afterpay,Home and Furniture,426.45,6,71.08,2024-04-15,No,0,0,426.45
TXN12727,BNPL5589,Regular User,2024-11-24,2024-11,Sezzle,Electronics and Tech,320.35,4,80.09,2025-01-19,No,0,0,320.35
TXN12728,BNPL5589,Regular User,2024-03-22,2024-03,Afterpay,Beauty and Skincare,81.05,3,27.02,2024-05-03,No,0,0,81.05
TXN12729,BNPL5589,Regular User,2024-03-19,2024-03,Afterpay,"Fast Fashion (Shein, Temu, ASOS)",44.45,4,11.11,2024-05-14,No,0,0,44.45
TXN12730,BNPL5589,Regular User,2024-02-16,2024-02,Klarna,Footwear,137.46,3,45.82,2024-03-29,No,0,0,137.46
TXN12731,BNPL5590,Regular User,2024-10-26,2024-10,Afterpay,Footwear,109.57,4,27.39,2024-12-21,No,0,0,109.57
TXN12732,BNPL5590,Regular User,2024-11-13,2024-11,Afterpay,"Fast Fashion (Shein, Temu, ASOS)",32.7,3,10.9,2024-12-25,No,0,0,32.7
TXN12733,BNPL5590,Regular User,2024-09-04,2024-09,Afterpay,"Fast Fashion (Shein, Temu, ASOS)",66.5,4,16.62,2024-10-30,Yes,1,8.0,74.5
TXN12734,BNPL5590,Regular User,2024-08-24,2024-08,Klarna,"Fast Fashion (Shein, Temu, ASOS)",68.59,4,17.15,2024-10-19,No,0,0,68.59
TXN12735,BNPL5590,Regular User,2024-07-08,2024-07,Klarna,"Fast Fashion (Shein, Temu, ASOS)",48.64,6,8.11,2024-09-30,No,0,0,48.64
TXN12736,BNPL5590,Regular User,2024-06-15,2024-06,Klarna,Home and Furniture,217.47,4,54.37,2024-08-10,No,0,0,217.47
TXN12737,BNPL5590,Regular User,2024-10-14,2024-10,PayBright,"Fast Fashion (Shein, Temu, ASOS)",62.02,6,10.34,2025-01-06,No,0,0,62.02
TXN12738,BNPL5590,Regular User,2024-08-18,2024-08,Klarna,Electronics and Tech,337.54,4,84.39,2024-10-13,No,0,0,337.54
TXN12739,BNPL5590,Regular User,2024-11-25,2024-11,Afterpay,"Fast Fashion (Shein, Temu, ASOS)",55.34,6,9.22,2025-02-17,No,0,0,55.34
TXN12740,BNPL5590,Regular User,2024-07-08,2024-07,Klarna,"Fast Fashion (Shein, Temu, ASOS)",52.35,4,13.09,2024-09-02,No,0,0,52.35
TXN12741,BNPL5590,Regular User,2024-02-23,2024-02,Klarna,Beauty and Skincare,62.75,4,15.69,2024-04-19,No,0,0,62.75
TXN12742,BNPL5590,Regular User,2024-06-03,2024-06,Sezzle,Footwear,108.64,4,27.16,2024-07-29,No,0,0,108.64
TXN12743,BNPL5591,Occasional User,2024-02-01,2024-02,Afterpay,Electronics and Tech,248.3,4,62.08,2024-03-28,No,0,0,248.3
TXN12744,BNPL5591,Occasional User,2024-04-02,2024-04,Afterpay,Home and Furniture,214.12,4,53.53,2024-05-28,No,0,0,214.12
TXN12745,BNPL5592,Regular User,2024-01-18,2024-01,Klarna,Electronics and Tech,155.57,4,38.89,2024-03-14,No,0,0,155.57
TXN12746,BNPL5593,Occasional User,2024-08-16,2024-08,Klarna,Home and Furniture,379.84,6,63.31,2024-11-08,No,0,0,379.84
TXN12747,BNPL5594,Occasional User,2024-05-13,2024-05,Afterpay,Beauty and Skincare,84.76,4,21.19,2024-07-08,No,0,0,84.76
TXN12748,BNPL5595,Occasional User,2024-09-23,2024-09,Klarna,Sporting Goods,197.6,4,49.4,2024-11-18,No,0,0,197.6
TXN12749,BNPL5596,Occasional User,2024-02-29,2024-02,Afterpay,"Fast Fashion (Shein, Temu, ASOS)",42.15,6,7.02,2024-05-23,No,0,0,42.15
TXN12750,BNPL5597,Occasional User,2024-08-04,2024-08,Afterpay,Footwear,109.67,6,18.28,2024-10-27,No,0,0,109.67
TXN12751,BNPL5597,Occasional User,2024-08-06,2024-08,Paidy,Electronics and Tech,221.82,4,55.45,2024-10-01,No,0,0,221.82
TXN12752,BNPL5598,Regular User,2024-05-16,2024-05,Afterpay,"Fast Fashion (Shein, Temu, ASOS)",72.8,4,18.2,2024-07-11,No,0,0,72.8
TXN12753,BNPL5598,Regular User,2024-01-11,2024-01,Sezzle,Home and Furniture,491.77,4,122.94,2024-03-07,No,0,0,491.77
TXN12754,BNPL5598,Regular User,2024-07-26,2024-07,Sezzle,"Fast Fashion (Shein, Temu, ASOS)",52.62,4,13.15,2024-09-20,No,0,0,52.62
TXN12755,BNPL5598,Regular User,2024-08-03,2024-08,Klarna,Footwear,116.97,4,29.24,2024-09-28,Yes,2,16.0,132.97
TXN12756,BNPL5599,Occasional User,2024-04-03,2024-04,Sezzle,"Fast Fashion (Shein, Temu, ASOS)",51.23,4,12.81,2024-05-29,No,0,0,51.23
TXN12757,BNPL5599,Occasional User,2024-06-07,2024-06,Afterpay,Sporting Goods,199.04,4,49.76,2024-08-02,No,0,0,199.04
TXN12758,BNPL5599,Occasional User,2024-03-20,2024-03,Sezzle,Home and Furniture,352.3,3,117.43,2024-05-01,No,0,0,352.3
TXN12759,BNPL5600,Regular User,2024-01-07,2024-01,Afterpay,Electronics and Tech,185.16,6,30.86,2024-03-31,No,0,0,185.16
TXN12760,BNPL5600,Regular User,2024-09-27,2024-09,Klarna,Sporting Goods,220.83,4,55.21,2024-11-22,No,0,0,220.83
TXN12761,BNPL5600,Regular User,2024-05-09,2024-05,Sezzle,Beauty and Skincare,50.95,6,8.49,2024-08-01,Yes,2,16.0,66.95
TXN12762,BNPL5600,Regular User,2024-01-12,2024-01,PayBright,Footwear,132.42,4,33.1,2024-03-08,No,0,0,132.42
TXN12763,BNPL5600,Regular User,2024-06-15,2024-06,Sezzle,"Fast Fashion (Shein, Temu, ASOS)",55.1,4,13.78,2024-08-10,No,0,0,55.1
TXN12764,BNPL5601,Regular User,2024-02-24,2024-02,Klarna,"Fast Fashion (Shein, Temu, ASOS)",48.99,4,12.25,2024-04-20,No,0,0,48.99
TXN12765,BNPL5601,Regular User,2024-10-16,2024-10,Sezzle,Sporting Goods,227.55,4,56.89,2024-12-11,No,0,0,227.55
TXN12766,BNPL5601,Regular User,2024-08-02,2024-08,Afterpay,Home and Furniture,236.11,6,39.35,2024-10-25,No,0,0,236.11
TXN12767,BNPL5601,Regular User,2024-09-24,2024-09,PayBright,"Fast Fashion (Shein, Temu, ASOS)",57.8,4,14.45,2024-11-19,No,0,0,57.8
TXN12768,BNPL5601,Regular User,2024-11-11,2024-11,PayBright,"Fast Fashion (Shein, Temu, ASOS)",45.29,6,7.55,2025-02-03,No,0,0,45.29
TXN12769,BNPL5601,Regular User,2024-04-28,2024-04,Afterpay,Electronics and Tech,374.69,4,93.67,2024-06-23,No,0,0,374.69
TXN12770,BNPL5601,Regular User,2024-05-13,2024-05,Sezzle,"Fast Fashion (Shein, Temu, ASOS)",54.85,4,13.71,2024-07-08,No,0,0,54.85
TXN12771,BNPL5601,Regular User,2024-07-11,2024-07,Klarna,Beauty and Skincare,79.82,4,19.95,2024-09-05,No,0,0,79.82
TXN12772,BNPL5602,High Exposure User,2024-04-17,2024-04,Sezzle,"Fast Fashion (Shein, Temu, ASOS)",50.13,6,8.36,2024-07-10,No,0,0,50.13
TXN12773,BNPL5602,High Exposure User,2024-10-30,2024-10,Sezzle,Beauty and Skincare,103.79,4,25.95,2024-12-25,Yes,2,16.0,119.79
TXN12774,BNPL5602,High Exposure User,2024-03-02,2024-03,Afterpay,"Fast Fashion (Shein, Temu, ASOS)",37.71,4,9.43,2024-04-27,No,0,0,37.71
TXN12775,BNPL5602,High Exposure User,2024-11-23,2024-11,PayBright,Sporting Goods,221.82,6,36.97,2025-02-15,No,0,0,221.82
TXN12776,BNPL5602,High Exposure User,2024-11-18,2024-11,Klarna,"Fast Fashion (Shein, Temu, ASOS)",49.15,4,12.29,2025-01-13,No,0,0,49.15
TXN12777,BNPL5602,High Exposure User,2024-07-15,2024-07,Klarna,Beauty and Skincare,65.01,6,10.84,2024-10-07,Yes,1,8.0,73.01
TXN12778,BNPL5602,High Exposure User,2024-03-06,2024-03,Klarna,"Fast Fashion (Shein, Temu, ASOS)",63.93,4,15.98,2024-05-01,No,0,0,63.93
TXN12779,BNPL5602,High Exposure User,2024-12-08,2024-12,Afterpay,Beauty and Skincare,61.76,6,10.29,2025-03-02,No,0,0,61.76
TXN12780,BNPL5602,High Exposure User,2024-10-25,2024-10,Sezzle,Footwear,115.82,6,19.3,2025-01-17,No,0,0,115.82
TXN12781,BNPL5602,High Exposure User,2024-07-29,2024-07,Klarna,Sporting Goods,258.24,4,64.56,2024-09-23,No,0,0,258.24
TXN12782,BNPL5602,High Exposure User,2024-01-08,2024-01,PayBright,"Fast Fashion (Shein, Temu, ASOS)",62.09,3,20.7,2024-02-19,Yes,1,8.0,70.09
TXN12783,BNPL5602,High Exposure User,2024-07-06,2024-07,Klarna,Sporting Goods,133.28,4,33.32,2024-08-31,Yes,1,8.0,141.28
TXN12784,BNPL5602,High Exposure User,2024-05-07,2024-05,Klarna,"Fast Fashion (Shein, Temu, ASOS)",96.37,4,24.09,2024-07-02,Yes,2,16.0,112.37
TXN12785,BNPL5602,High Exposure User,2024-05-27,2024-05,PayBright,"Fast Fashion (Shein, Temu, ASOS)",46.19,4,11.55,2024-07-22,No,0,0,46.19
TXN12786,BNPL5602,High Exposure User,2024-01-27,2024-01,Paidy,Footwear,165.26,4,41.31,2024-03-23,No,0,0,165.26
TXN12787,BNPL5603,Occasional User,2024-08-13,2024-08,Afterpay,Beauty and Skincare,105.96,4,26.49,2024-10-08,No,0,0,105.96
TXN12788,BNPL5604,Regular User,2024-10-19,2024-10,Klarna,"Fast Fashion (Shein, Temu, ASOS)",38.52,4,9.63,2024-12-14,No,0,0,38.52
TXN12789,BNPL5604,Regular User,2024-03-07,2024-03,Klarna,"Fast Fashion (Shein, Temu, ASOS)",58.87,4,14.72,2024-05-02,No,0,0,58.87
TXN12790,BNPL5604,Regular User,2024-02-09,2024-02,Afterpay,Beauty and Skincare,63.3,4,15.82,2024-04-05,No,0,0,63.3
TXN12791,BNPL5604,Regular User,2024-06-28,2024-06,Paidy,"Fast Fashion (Shein, Temu, ASOS)",70.34,4,17.59,2024-08-23,No,0,0,70.34
TXN12792,BNPL5604,Regular User,2024-02-04,2024-02,Klarna,Electronics and Tech,305.34,4,76.33,2024-03-31,No,0,0,305.34
TXN12793,BNPL5604,Regular User,2024-09-15,2024-09,Afterpay,Beauty and Skincare,98.24,4,24.56,2024-11-10,No,0,0,98.24
TXN12794,BNPL5604,Regular User,2024-08-17,2024-08,PayBright,Home and Furniture,307.9,4,76.97,2024-10-12,No,0,0,307.9
TXN12795,BNPL5605,Occasional User,2024-03-14,2024-03,Sezzle,Beauty and Skincare,113.9,4,28.48,2024-05-09,No,0,0,113.9
TXN12796,BNPL5605,Occasional User,2024-03-03,2024-03,Paidy,"Fast Fashion (Shein, Temu, ASOS)",76.82,4,19.2,2024-04-28,No,0,0,76.82
TXN12797,BNPL5606,High Exposure User,2024-04-17,2024-04,Afterpay,Sporting Goods,139.02,4,34.76,2024-06-12,No,0,0,139.02
TXN12798,BNPL5606,High Exposure User,2024-12-11,2024-12,Afterpay,Footwear,100.58,4,25.14,2025-02-05,No,0,0,100.58
TXN12799,BNPL5606,High Exposure User,2024-11-27,2024-11,Afterpay,Beauty and Skincare,113.94,4,28.48,2025-01-22,Yes,2,16.0,129.94
TXN12800,BNPL5606,High Exposure User,2024-01-19,2024-01,Afterpay,"Fast Fashion (Shein, Temu, ASOS)",41.0,6,6.83,2024-04-12,Yes,2,16.0,57.0
TXN12801,BNPL5606,High Exposure User,2024-03-12,2024-03,Afterpay,"Fast Fashion (Shein, Temu, ASOS)",42.81,6,7.14,2024-06-04,No,0,0,42.81
TXN12802,BNPL5606,High Exposure User,2024-09-27,2024-09,Afterpay,"Fast Fashion (Shein, Temu, ASOS)",64.64,4,16.16,2024-11-22,No,0,0,64.64
TXN12803,BNPL5606,High Exposure User,2024-11-26,2024-11,Klarna,Beauty and Skincare,119.93,4,29.98,2025-01-21,Yes,1,8.0,127.93
TXN12804,BNPL5606,High Exposure User,2024-12-15,2024-12,Sezzle,"Fast Fashion (Shein, Temu, ASOS)",56.46,6,9.41,2025-03-09,Yes,1,8.0,64.46
TXN12805,BNPL5606,High Exposure User,2024-06-02,2024-06,Afterpay,Footwear,77.67,4,19.42,2024-07-28,No,0,0,77.67
TXN12806,BNPL5606,High Exposure User,2024-12-21,2024-12,Sezzle,"Fast Fashion (Shein, Temu, ASOS)",46.53,4,11.63,2025-02-15,Yes,2,16.0,62.53
TXN12807,BNPL5606,High Exposure User,2024-04-25,2024-04,Klarna,Electronics and Tech,264.47,4,66.12,2024-06-20,Yes,1,8.0,272.47
TXN12808,BNPL5606,High Exposure User,2024-11-22,2024-11,Klarna,"Fast Fashion (Shein, Temu, ASOS)",46.36,3,15.45,2025-01-03,Yes,1,8.0,54.36
TXN12809,BNPL5606,High Exposure User,2024-06-03,2024-06,PayBright,Sporting Goods,235.2,3,78.4,2024-07-15,No,0,0,235.2
TXN12810,BNPL5606,High Exposure User,2024-04-08,2024-04,Afterpay,Footwear,122.91,4,30.73,2024-06-03,No,0,0,122.91
TXN12811,BNPL5606,High Exposure User,2024-11-19,2024-11,Klarna,Beauty and Skincare,55.07,4,13.77,2025-01-14,Yes,2,16.0,71.07
TXN12812,BNPL5606,High Exposure User,2024-02-06,2024-02,Afterpay,"Fast Fashion (Shein, Temu, ASOS)",55.45,4,13.86,2024-04-02,Yes,2,16.0,71.45
TXN12813,BNPL5607,High Exposure User,2024-04-23,2024-04,Afterpay,Sporting Goods,214.82,3,71.61,2024-06-04,No,0,0,214.82
TXN12814,BNPL5607,High Exposure User,2024-11-18,2024-11,PayBright,Sporting Goods,197.78,4,49.45,2025-01-13,No,0,0,197.78
TXN12815,BNPL5607,High Exposure User,2024-08-12,2024-08,Klarna,Footwear,88.44,4,22.11,2024-10-07,Yes,1,8.0,96.44
TXN12816,BNPL5607,High Exposure User,2024-06-23,2024-06,Sezzle,Beauty and Skincare,97.99,4,24.5,2024-08-18,No,0,0,97.99
TXN12817,BNPL5607,High Exposure User,2024-05-22,2024-05,Paidy,Beauty and Skincare,71.98,4,18.0,2024-07-17,No,0,0,71.98
TXN12818,BNPL5607,High Exposure User,2024-08-28,2024-08,Afterpay,"Fast Fashion (Shein, Temu, ASOS)",67.29,4,16.82,2024-10-23,Yes,1,8.0,75.29
TXN12819,BNPL5607,High Exposure User,2024-03-25,2024-03,Klarna,Electronics and Tech,265.47,4,66.37,2024-05-20,No,0,0,265.47
TXN12820,BNPL5607,High Exposure User,2024-06-28,2024-06,Afterpay,Home and Furniture,427.78,4,106.94,2024-08-23,No,0,0,427.78
TXN12821,BNPL5607,High Exposure User,2024-07-28,2024-07,Afterpay,Electronics and Tech,313.16,4,78.29,2024-09-22,No,0,0,313.16
TXN12822,BNPL5607,High Exposure User,2024-09-02,2024-09,Sezzle,Beauty and Skincare,56.52,3,18.84,2024-10-14,No,0,0,56.52
TXN12823,BNPL5607,High Exposure User,2024-10-08,2024-10,Klarna,Footwear,118.18,6,19.7,2024-12-31,No,0,0,118.18
TXN12824,BNPL5607,High Exposure User,2024-11-08,2024-11,Klarna,"Fast Fashion (Shein, Temu, ASOS)",39.36,4,9.84,2025-01-03,No,0,0,39.36
TXN12825,BNPL5607,High Exposure User,2024-09-06,2024-09,Sezzle,"Fast Fashion (Shein, Temu, ASOS)",34.7,4,8.68,2024-11-01,No,0,0,34.7
TXN12826,BNPL5607,High Exposure User,2024-07-08,2024-07,Klarna,Footwear,113.19,3,37.73,2024-08-19,No,0,0,113.19
TXN12827,BNPL5607,High Exposure User,2024-01-22,2024-01,Paidy,"Fast Fashion (Shein, Temu, ASOS)",29.17,3,9.72,2024-03-04,Yes,1,8.0,37.17
TXN12828,BNPL5608,Occasional User,2024-03-04,2024-03,PayBright,Home and Furniture,309.6,4,77.4,2024-04-29,Yes,1,8.0,317.6
TXN12829,BNPL5608,Occasional User,2024-05-13,2024-05,Klarna,"Fast Fashion (Shein, Temu, ASOS)",64.48,3,21.49,2024-06-24,No,0,0,64.48
TXN12830,BNPL5608,Occasional User,2024-03-03,2024-03,Afterpay,Beauty and Skincare,74.41,3,24.8,2024-04-14,No,0,0,74.41
TXN12831,BNPL5609,Occasional User,2024-09-07,2024-09,Afterpay,Beauty and Skincare,58.6,4,14.65,2024-11-02,No,0,0,58.6
TXN12832,BNPL5610,Occasional User,2024-03-06,2024-03,Paidy,"Fast Fashion (Shein, Temu, ASOS)",81.86,4,20.46,2024-05-01,No,0,0,81.86
TXN12833,BNPL5610,Occasional User,2024-09-17,2024-09,Sezzle,Electronics and Tech,172.07,4,43.02,2024-11-12,No,0,0,172.07
TXN12834,BNPL5611,Regular User,2024-12-10,2024-12,Afterpay,Beauty and Skincare,61.41,4,15.35,2025-02-04,No,0,0,61.41
TXN12835,BNPL5611,Regular User,2024-09-13,2024-09,Paidy,Footwear,121.25,4,30.31,2024-11-08,No,0,0,121.25
TXN12836,BNPL5611,Regular User,2024-05-19,2024-05,Klarna,Electronics and Tech,196.89,4,49.22,2024-07-14,No,0,0,196.89
TXN12837,BNPL5611,Regular User,2024-05-28,2024-05,PayBright,"Fast Fashion (Shein, Temu, ASOS)",93.82,4,23.45,2024-07-23,No,0,0,93.82
TXN12838,BNPL5611,Regular User,2024-07-02,2024-07,Sezzle,Footwear,98.77,6,16.46,2024-09-24,No,0,0,98.77
TXN12839,BNPL5611,Regular User,2024-06-16,2024-06,Sezzle,Electronics and Tech,341.06,6,56.84,2024-09-08,No,0,0,341.06
TXN12840,BNPL5611,Regular User,2024-08-05,2024-08,Afterpay,Electronics and Tech,91.99,4,23.0,2024-09-30,Yes,1,8.0,99.99
TXN12841,BNPL5611,Regular User,2024-11-13,2024-11,Klarna,Electronics and Tech,307.67,3,102.56,2024-12-25,No,0,0,307.67
TXN12842,BNPL5611,Regular User,2024-08-14,2024-08,Klarna,"Fast Fashion (Shein, Temu, ASOS)",81.42,4,20.36,2024-10-09,No,0,0,81.42
TXN12843,BNPL5612,Regular User,2024-08-20,2024-08,Afterpay,"Fast Fashion (Shein, Temu, ASOS)",34.27,4,8.57,2024-10-15,No,0,0,34.27
TXN12844,BNPL5612,Regular User,2024-07-21,2024-07,Klarna,Footwear,65.73,4,16.43,2024-09-15,No,0,0,65.73
TXN12845,BNPL5612,Regular User,2024-03-18,2024-03,Klarna,"Fast Fashion (Shein, Temu, ASOS)",83.01,4,20.75,2024-05-13,No,0,0,83.01
TXN12846,BNPL5612,Regular User,2024-01-27,2024-01,Afterpay,"Fast Fashion (Shein, Temu, ASOS)",54.84,4,13.71,2024-03-23,No,0,0,54.84
TXN12847,BNPL5613,Occasional User,2024-03-10,2024-03,Afterpay,Sporting Goods,121.33,4,30.33,2024-05-05,No,0,0,121.33
TXN12848,BNPL5614,Regular User,2024-06-14,2024-06,PayBright,Electronics and Tech,295.04,4,73.76,2024-08-09,No,0,0,295.04
TXN12849,BNPL5614,Regular User,2024-12-18,2024-12,PayBright,Footwear,86.12,3,28.71,2025-01-29,Yes,1,8.0,94.12
TXN12850,BNPL5614,Regular User,2024-02-04,2024-02,Afterpay,Beauty and Skincare,104.43,4,26.11,2024-03-31,No,0,0,104.43
TXN12851,BNPL5614,Regular User,2024-02-24,2024-02,Klarna,"Fast Fashion (Shein, Temu, ASOS)",58.91,4,14.73,2024-04-20,Yes,2,16.0,74.91
TXN12852,BNPL5614,Regular User,2024-07-01,2024-07,Sezzle,"Fast Fashion (Shein, Temu, ASOS)",66.9,3,22.3,2024-08-12,No,0,0,66.9
TXN12853,BNPL5614,Regular User,2024-12-21,2024-12,Sezzle,Beauty and Skincare,88.7,3,29.57,2025-02-01,No,0,0,88.7
TXN12854,BNPL5614,Regular User,2024-01-16,2024-01,Afterpay,"Fast Fashion (Shein, Temu, ASOS)",44.48,4,11.12,2024-03-12,No,0,0,44.48
TXN12855,BNPL5615,Regular User,2024-07-16,2024-07,PayBright,"Fast Fashion (Shein, Temu, ASOS)",78.93,4,19.73,2024-09-10,Yes,2,16.0,94.93
TXN12856,BNPL5615,Regular User,2024-12-26,2024-12,Paidy,"Fast Fashion (Shein, Temu, ASOS)",81.85,3,27.28,2025-02-06,No,0,0,81.85
TXN12857,BNPL5615,Regular User,2024-02-19,2024-02,Afterpay,"Fast Fashion (Shein, Temu, ASOS)",48.84,6,8.14,2024-05-13,No,0,0,48.84
TXN12858,BNPL5615,Regular User,2024-07-09,2024-07,Afterpay,Home and Furniture,323.57,4,80.89,2024-09-03,No,0,0,323.57
TXN12859,BNPL5615,Regular User,2024-12-03,2024-12,Afterpay,Home and Furniture,383.51,4,95.88,2025-01-28,No,0,0,383.51
TXN12860,BNPL5615,Regular User,2024-06-04,2024-06,Klarna,Footwear,108.48,3,36.16,2024-07-16,No,0,0,108.48
TXN12861,BNPL5615,Regular User,2024-09-13,2024-09,Sezzle,Electronics and Tech,397.5,6,66.25,2024-12-06,No,0,0,397.5
TXN12862,BNPL5615,Regular User,2024-03-06,2024-03,Klarna,"Fast Fashion (Shein, Temu, ASOS)",63.23,6,10.54,2024-05-29,Yes,2,16.0,79.23
TXN12863,BNPL5616,High Exposure User,2024-02-14,2024-02,Afterpay,Electronics and Tech,262.71,4,65.68,2024-04-10,No,0,0,262.71
TXN12864,BNPL5616,High Exposure User,2024-06-16,2024-06,Afterpay,"Fast Fashion (Shein, Temu, ASOS)",61.71,4,15.43,2024-08-11,No,0,0,61.71
TXN12865,BNPL5616,High Exposure User,2024-08-11,2024-08,Sezzle,Electronics and Tech,315.61,4,78.9,2024-10-06,No,0,0,315.61
TXN12866,BNPL5616,High Exposure User,2024-06-26,2024-06,Sezzle,"Fast Fashion (Shein, Temu, ASOS)",49.32,4,12.33,2024-08-21,No,0,0,49.32
TXN12867,BNPL5616,High Exposure User,2024-06-11,2024-06,Afterpay,Sporting Goods,141.55,3,47.18,2024-07-23,No,0,0,141.55
TXN12868,BNPL5616,High Exposure User,2024-03-31,2024-03,Klarna,Electronics and Tech,156.43,6,26.07,2024-06-23,No,0,0,156.43
TXN12869,BNPL5616,High Exposure User,2024-05-21,2024-05,Afterpay,Sporting Goods,151.29,4,37.82,2024-07-16,No,0,0,151.29
TXN12870,BNPL5617,Regular User,2024-08-26,2024-08,Afterpay,Home and Furniture,338.47,3,112.82,2024-10-07,Yes,1,8.0,346.47
TXN12871,BNPL5617,Regular User,2024-05-08,2024-05,Klarna,Home and Furniture,437.79,3,145.93,2024-06-19,No,0,0,437.79
TXN12872,BNPL5617,Regular User,2024-12-17,2024-12,Afterpay,"Fast Fashion (Shein, Temu, ASOS)",57.47,6,9.58,2025-03-11,No,0,0,57.47
TXN12873,BNPL5617,Regular User,2024-05-14,2024-05,PayBright,Sporting Goods,179.38,4,44.84,2024-07-09,No,0,0,179.38
TXN12874,BNPL5618,Regular User,2024-08-03,2024-08,Afterpay,Electronics and Tech,296.71,6,49.45,2024-10-26,No,0,0,296.71
TXN12875,BNPL5618,Regular User,2024-06-25,2024-06,Afterpay,Home and Furniture,298.43,4,74.61,2024-08-20,No,0,0,298.43
TXN12876,BNPL5618,Regular User,2024-03-18,2024-03,Klarna,"Fast Fashion (Shein, Temu, ASOS)",55.87,4,13.97,2024-05-13,No,0,0,55.87
TXN12877,BNPL5618,Regular User,2024-06-08,2024-06,Afterpay,Footwear,80.7,6,13.45,2024-08-31,No,0,0,80.7
TXN12878,BNPL5618,Regular User,2024-07-30,2024-07,PayBright,"Fast Fashion (Shein, Temu, ASOS)",61.07,4,15.27,2024-09-24,Yes,2,16.0,77.07
TXN12879,BNPL5618,Regular User,2024-01-20,2024-01,Afterpay,"Fast Fashion (Shein, Temu, ASOS)",39.68,4,9.92,2024-03-16,No,0,0,39.68
TXN12880,BNPL5618,Regular User,2024-06-24,2024-06,Paidy,Footwear,144.8,4,36.2,2024-08-19,No,0,0,144.8
TXN12881,BNPL5618,Regular User,2024-02-25,2024-02,Sezzle,"Fast Fashion (Shein, Temu, ASOS)",67.86,4,16.96,2024-04-21,Yes,1,8.0,75.86
TXN12882,BNPL5619,Regular User,2024-09-26,2024-09,Afterpay,Footwear,131.52,4,32.88,2024-11-21,No,0,0,131.52
TXN12883,BNPL5619,Regular User,2024-04-16,2024-04,PayBright,Footwear,110.69,6,18.45,2024-07-09,Yes,1,8.0,118.69
TXN12884,BNPL5619,Regular User,2024-04-25,2024-04,Paidy,Electronics and Tech,384.78,4,96.19,2024-06-20,No,0,0,384.78
TXN12885,BNPL5619,Regular User,2024-07-13,2024-07,Afterpay,"Fast Fashion (Shein, Temu, ASOS)",49.02,6,8.17,2024-10-05,No,0,0,49.02
TXN12886,BNPL5619,Regular User,2024-01-19,2024-01,Klarna,"Fast Fashion (Shein, Temu, ASOS)",78.2,4,19.55,2024-03-15,No,0,0,78.2
TXN12887,BNPL5619,Regular User,2024-10-03,2024-10,Afterpay,Electronics and Tech,215.91,6,35.98,2024-12-26,No,0,0,215.91
TXN12888,BNPL5620,Regular User,2024-09-26,2024-09,Paidy,Footwear,139.87,6,23.31,2024-12-19,No,0,0,139.87
TXN12889,BNPL5620,Regular User,2024-11-19,2024-11,Klarna,"Fast Fashion (Shein, Temu, ASOS)",78.96,3,26.32,2024-12-31,No,0,0,78.96
TXN12890,BNPL5620,Regular User,2024-10-15,2024-10,PayBright,Electronics and Tech,339.3,6,56.55,2025-01-07,No,0,0,339.3
TXN12891,BNPL5620,Regular User,2024-06-20,2024-06,Paidy,Footwear,74.95,4,18.74,2024-08-15,No,0,0,74.95
TXN12892,BNPL5620,Regular User,2024-08-19,2024-08,Klarna,Footwear,94.25,4,23.56,2024-10-14,No,0,0,94.25
TXN12893,BNPL5620,Regular User,2024-05-18,2024-05,Afterpay,Home and Furniture,329.35,4,82.34,2024-07-13,No,0,0,329.35
TXN12894,BNPL5620,Regular User,2024-03-05,2024-03,Paidy,Beauty and Skincare,69.45,3,23.15,2024-04-16,No,0,0,69.45
TXN12895,BNPL5620,Regular User,2024-01-01,2024-01,Sezzle,"Fast Fashion (Shein, Temu, ASOS)",58.22,3,19.41,2024-02-12,No,0,0,58.22
TXN12896,BNPL5621,Occasional User,2024-01-25,2024-01,PayBright,Home and Furniture,423.23,4,105.81,2024-03-21,No,0,0,423.23
TXN12897,BNPL5622,High Exposure User,2024-05-10,2024-05,PayBright,"Fast Fashion (Shein, Temu, ASOS)",46.45,4,11.61,2024-07-05,No,0,0,46.45
TXN12898,BNPL5622,High Exposure User,2024-11-05,2024-11,Klarna,Sporting Goods,104.47,4,26.12,2024-12-31,No,0,0,104.47
TXN12899,BNPL5622,High Exposure User,2024-03-16,2024-03,Klarna,Electronics and Tech,305.34,4,76.33,2024-05-11,Yes,1,8.0,313.34
TXN12900,BNPL5622,High Exposure User,2024-02-14,2024-02,Afterpay,Sporting Goods,202.91,6,33.82,2024-05-08,Yes,2,16.0,218.91
TXN12901,BNPL5622,High Exposure User,2024-10-02,2024-10,Klarna,Beauty and Skincare,58.93,4,14.73,2024-11-27,Yes,1,8.0,66.93
TXN12902,BNPL5622,High Exposure User,2024-05-24,2024-05,PayBright,Beauty and Skincare,52.62,4,13.15,2024-07-19,No,0,0,52.62
TXN12903,BNPL5622,High Exposure User,2024-10-23,2024-10,Paidy,Footwear,121.8,4,30.45,2024-12-18,No,0,0,121.8
TXN12904,BNPL5623,Regular User,2024-09-03,2024-09,Afterpay,Sporting Goods,160.7,4,40.17,2024-10-29,Yes,2,16.0,176.7
TXN12905,BNPL5623,Regular User,2024-06-09,2024-06,Klarna,Electronics and Tech,361.44,4,90.36,2024-08-04,No,0,0,361.44
TXN12906,BNPL5623,Regular User,2024-06-14,2024-06,Afterpay,Home and Furniture,369.49,4,92.37,2024-08-09,No,0,0,369.49
TXN12907,BNPL5623,Regular User,2024-02-04,2024-02,Afterpay,"Fast Fashion (Shein, Temu, ASOS)",79.93,4,19.98,2024-03-31,No,0,0,79.93
TXN12908,BNPL5624,Regular User,2024-09-24,2024-09,Afterpay,Electronics and Tech,25,4,6.25,2024-11-19,No,0,0,25
TXN12909,BNPL5624,Regular User,2024-05-24,2024-05,Afterpay,Electronics and Tech,269.09,4,67.27,2024-07-19,No,0,0,269.09
TXN12910,BNPL5624,Regular User,2024-02-27,2024-02,Afterpay,"Fast Fashion (Shein, Temu, ASOS)",62.57,3,20.86,2024-04-09,Yes,1,8.0,70.57
TXN12911,BNPL5624,Regular User,2024-07-18,2024-07,Afterpay,Electronics and Tech,354.58,3,118.19,2024-08-29,Yes,2,16.0,370.58
TXN12912,BNPL5624,Regular User,2024-06-16,2024-06,Afterpay,Beauty and Skincare,90.47,4,22.62,2024-08-11,No,0,0,90.47
TXN12913,BNPL5624,Regular User,2024-01-16,2024-01,Sezzle,Sporting Goods,252.19,6,42.03,2024-04-09,No,0,0,252.19
TXN12914,BNPL5624,Regular User,2024-12-22,2024-12,Sezzle,"Fast Fashion (Shein, Temu, ASOS)",43.67,4,10.92,2025-02-16,No,0,0,43.67
TXN12915,BNPL5624,Regular User,2024-06-23,2024-06,Afterpay,Electronics and Tech,331.26,4,82.81,2024-08-18,No,0,0,331.26
TXN12916,BNPL5625,Regular User,2024-01-11,2024-01,Afterpay,Electronics and Tech,301.08,3,100.36,2024-02-22,No,0,0,301.08
TXN12917,BNPL5625,Regular User,2024-02-03,2024-02,PayBright,Home and Furniture,380.91,4,95.23,2024-03-30,Yes,1,8.0,388.91
TXN12918,BNPL5625,Regular User,2024-01-24,2024-01,Sezzle,Beauty and Skincare,74.92,4,18.73,2024-03-20,No,0,0,74.92
TXN12919,BNPL5625,Regular User,2024-03-17,2024-03,Sezzle,Sporting Goods,161.05,6,26.84,2024-06-09,No,0,0,161.05
TXN12920,BNPL5625,Regular User,2024-08-12,2024-08,Klarna,Sporting Goods,211.98,4,52.99,2024-10-07,No,0,0,211.98
TXN12921,BNPL5625,Regular User,2024-01-14,2024-01,Afterpay,Electronics and Tech,284.29,6,47.38,2024-04-07,No,0,0,284.29
TXN12922,BNPL5625,Regular User,2024-06-10,2024-06,Afterpay,"Fast Fashion (Shein, Temu, ASOS)",68.99,4,17.25,2024-08-05,No,0,0,68.99
TXN12923,BNPL5626,High Exposure User,2024-01-31,2024-01,Paidy,"Fast Fashion (Shein, Temu, ASOS)",67.17,6,11.2,2024-04-24,Yes,1,8.0,75.17
TXN12924,BNPL5626,High Exposure User,2024-08-30,2024-08,Afterpay,"Fast Fashion (Shein, Temu, ASOS)",51.41,6,8.57,2024-11-22,Yes,1,8.0,59.41
TXN12925,BNPL5626,High Exposure User,2024-01-15,2024-01,Afterpay,"Fast Fashion (Shein, Temu, ASOS)",47.29,4,11.82,2024-03-11,No,0,0,47.29
TXN12926,BNPL5626,High Exposure User,2024-03-04,2024-03,Afterpay,Footwear,105.48,3,35.16,2024-04-15,Yes,2,16.0,121.48
TXN12927,BNPL5626,High Exposure User,2024-04-30,2024-04,Sezzle,Electronics and Tech,261.27,6,43.54,2024-07-23,Yes,2,16.0,277.27
TXN12928,BNPL5626,High Exposure User,2024-07-31,2024-07,Afterpay,Home and Furniture,402.29,6,67.05,2024-10-23,No,0,0,402.29
TXN12929,BNPL5626,High Exposure User,2024-02-07,2024-02,Paidy,Electronics and Tech,372.38,4,93.09,2024-04-03,No,0,0,372.38
TXN12930,BNPL5626,High Exposure User,2024-04-15,2024-04,Klarna,"Fast Fashion (Shein, Temu, ASOS)",58.8,4,14.7,2024-06-10,No,0,0,58.8
TXN12931,BNPL5626,High Exposure User,2024-05-12,2024-05,Afterpay,"Fast Fashion (Shein, Temu, ASOS)",75.08,4,18.77,2024-07-07,No,0,0,75.08
TXN12932,BNPL5626,High Exposure User,2024-09-10,2024-09,Sezzle,Electronics and Tech,219.91,4,54.98,2024-11-05,No,0,0,219.91
TXN12933,BNPL5626,High Exposure User,2024-06-21,2024-06,Klarna,Sporting Goods,178.83,6,29.81,2024-09-13,No,0,0,178.83
TXN12934,BNPL5626,High Exposure User,2024-04-09,2024-04,Klarna,"Fast Fashion (Shein, Temu, ASOS)",49.11,3,16.37,2024-05-21,No,0,0,49.11
TXN12935,BNPL5626,High Exposure User,2024-08-26,2024-08,Afterpay,Footwear,96.9,4,24.23,2024-10-21,No,0,0,96.9
TXN12936,BNPL5626,High Exposure User,2024-01-18,2024-01,PayBright,"Fast Fashion (Shein, Temu, ASOS)",46.99,4,11.75,2024-03-14,No,0,0,46.99
TXN12937,BNPL5627,High Exposure User,2024-03-15,2024-03,Afterpay,"Fast Fashion (Shein, Temu, ASOS)",97.49,3,32.5,2024-04-26,No,0,0,97.49
TXN12938,BNPL5627,High Exposure User,2024-01-12,2024-01,Afterpay,Sporting Goods,131.64,6,21.94,2024-04-05,No,0,0,131.64
TXN12939,BNPL5627,High Exposure User,2024-08-14,2024-08,Sezzle,Electronics and Tech,176.72,4,44.18,2024-10-09,Yes,1,8.0,184.72
TXN12940,BNPL5627,High Exposure User,2024-03-03,2024-03,Afterpay,Sporting Goods,101.98,4,25.5,2024-04-28,No,0,0,101.98
TXN12941,BNPL5627,High Exposure User,2024-08-10,2024-08,Afterpay,Sporting Goods,237.69,6,39.62,2024-11-02,No,0,0,237.69
TXN12942,BNPL5627,High Exposure User,2024-09-14,2024-09,Klarna,Sporting Goods,224.89,4,56.22,2024-11-09,No,0,0,224.89
TXN12943,BNPL5627,High Exposure User,2024-12-20,2024-12,Afterpay,Sporting Goods,214.05,3,71.35,2025-01-31,No,0,0,214.05
TXN12944,BNPL5628,Occasional User,2024-04-08,2024-04,Paidy,Electronics and Tech,395.55,3,131.85,2024-05-20,No,0,0,395.55
TXN12945,BNPL5629,Regular User,2024-10-12,2024-10,PayBright,"Fast Fashion (Shein, Temu, ASOS)",47.94,4,11.98,2024-12-07,No,0,0,47.94
TXN12946,BNPL5629,Regular User,2024-02-01,2024-02,Klarna,"Fast Fashion (Shein, Temu, ASOS)",29.67,4,7.42,2024-03-28,No,0,0,29.67
TXN12947,BNPL5629,Regular User,2024-09-29,2024-09,Afterpay,Beauty and Skincare,96.4,4,24.1,2024-11-24,No,0,0,96.4
TXN12948,BNPL5629,Regular User,2024-01-31,2024-01,Paidy,Sporting Goods,175.08,3,58.36,2024-03-13,No,0,0,175.08
TXN12949,BNPL5629,Regular User,2024-03-17,2024-03,Klarna,Beauty and Skincare,79.33,6,13.22,2024-06-09,No,0,0,79.33
TXN12950,BNPL5629,Regular User,2024-12-16,2024-12,Klarna,"Fast Fashion (Shein, Temu, ASOS)",68.56,4,17.14,2025-02-10,No,0,0,68.56
TXN12951,BNPL5629,Regular User,2024-04-24,2024-04,Sezzle,Beauty and Skincare,93.71,4,23.43,2024-06-19,No,0,0,93.71
TXN12952,BNPL5629,Regular User,2024-10-05,2024-10,Paidy,Beauty and Skincare,107.73,4,26.93,2024-11-30,No,0,0,107.73
TXN12953,BNPL5629,Regular User,2024-08-31,2024-08,Sezzle,"Fast Fashion (Shein, Temu, ASOS)",62.94,3,20.98,2024-10-12,No,0,0,62.94
TXN12954,BNPL5630,Occasional User,2024-12-20,2024-12,Afterpay,"Fast Fashion (Shein, Temu, ASOS)",49.22,6,8.2,2025-03-14,No,0,0,49.22
TXN12955,BNPL5630,Occasional User,2024-06-20,2024-06,Sezzle,"Fast Fashion (Shein, Temu, ASOS)",51.56,4,12.89,2024-08-15,No,0,0,51.56
TXN12956,BNPL5630,Occasional User,2024-11-04,2024-11,PayBright,Electronics and Tech,212.82,4,53.2,2024-12-30,No,0,0,212.82
TXN12957,BNPL5631,Regular User,2024-09-27,2024-09,Klarna,Electronics and Tech,215.99,3,72.0,2024-11-08,No,0,0,215.99
TXN12958,BNPL5631,Regular User,2024-08-09,2024-08,PayBright,Electronics and Tech,237.18,3,79.06,2024-09-20,No,0,0,237.18
TXN12959,BNPL5631,Regular User,2024-04-23,2024-04,Afterpay,Electronics and Tech,244.82,4,61.2,2024-06-18,No,0,0,244.82
TXN12960,BNPL5631,Regular User,2024-11-24,2024-11,PayBright,"Fast Fashion (Shein, Temu, ASOS)",58.78,4,14.7,2025-01-19,No,0,0,58.78
TXN12961,BNPL5631,Regular User,2024-04-22,2024-04,Klarna,"Fast Fashion (Shein, Temu, ASOS)",48.06,3,16.02,2024-06-03,Yes,2,16.0,64.06
TXN12962,BNPL5631,Regular User,2024-04-09,2024-04,Sezzle,Home and Furniture,239.42,4,59.85,2024-06-04,Yes,1,8.0,247.42
TXN12963,BNPL5631,Regular User,2024-02-05,2024-02,Klarna,Sporting Goods,133.32,4,33.33,2024-04-01,Yes,1,8.0,141.32
TXN12964,BNPL5632,Regular User,2024-11-16,2024-11,Klarna,Beauty and Skincare,59.3,6,9.88,2025-02-08,No,0,0,59.3
TXN12965,BNPL5632,Regular User,2024-12-26,2024-12,Sezzle,Home and Furniture,379.64,4,94.91,2025-02-20,No,0,0,379.64
TXN12966,BNPL5632,Regular User,2024-10-25,2024-10,Klarna,Beauty and Skincare,95.69,4,23.92,2024-12-20,No,0,0,95.69
TXN12967,BNPL5633,High Exposure User,2024-09-26,2024-09,Sezzle,Electronics and Tech,202.31,4,50.58,2024-11-21,No,0,0,202.31
TXN12968,BNPL5633,High Exposure User,2024-06-05,2024-06,Afterpay,Electronics and Tech,413.34,3,137.78,2024-07-17,No,0,0,413.34
TXN12969,BNPL5633,High Exposure User,2024-10-05,2024-10,Klarna,Beauty and Skincare,91.88,4,22.97,2024-11-30,No,0,0,91.88
TXN12970,BNPL5633,High Exposure User,2024-08-19,2024-08,Sezzle,Footwear,143.55,4,35.89,2024-10-14,No,0,0,143.55
TXN12971,BNPL5633,High Exposure User,2024-09-06,2024-09,Paidy,Electronics and Tech,283.34,4,70.83,2024-11-01,No,0,0,283.34
TXN12972,BNPL5633,High Exposure User,2024-10-16,2024-10,Afterpay,Sporting Goods,179.77,3,59.92,2024-11-27,No,0,0,179.77
TXN12973,BNPL5633,High Exposure User,2024-01-20,2024-01,Klarna,"Fast Fashion (Shein, Temu, ASOS)",47.64,4,11.91,2024-03-16,No,0,0,47.64
TXN12974,BNPL5633,High Exposure User,2024-11-12,2024-11,Afterpay,"Fast Fashion (Shein, Temu, ASOS)",63.83,4,15.96,2025-01-07,No,0,0,63.83
TXN12975,BNPL5633,High Exposure User,2024-06-21,2024-06,PayBright,"Fast Fashion (Shein, Temu, ASOS)",46.45,4,11.61,2024-08-16,Yes,2,16.0,62.45
TXN12976,BNPL5633,High Exposure User,2024-10-11,2024-10,Klarna,Electronics and Tech,298.61,4,74.65,2024-12-06,No,0,0,298.61
TXN12977,BNPL5633,High Exposure User,2024-12-06,2024-12,Afterpay,Home and Furniture,339.36,3,113.12,2025-01-17,No,0,0,339.36
TXN12978,BNPL5633,High Exposure User,2024-12-03,2024-12,Afterpay,"Fast Fashion (Shein, Temu, ASOS)",43.91,4,10.98,2025-01-28,Yes,1,8.0,51.91
TXN12979,BNPL5633,High Exposure User,2024-03-03,2024-03,Sezzle,"Fast Fashion (Shein, Temu, ASOS)",42.34,4,10.59,2024-04-28,No,0,0,42.34
TXN12980,BNPL5633,High Exposure User,2024-08-11,2024-08,Afterpay,Sporting Goods,202.98,4,50.74,2024-10-06,No,0,0,202.98
TXN12981,BNPL5633,High Exposure User,2024-01-17,2024-01,Afterpay,Home and Furniture,425.77,6,70.96,2024-04-10,Yes,2,16.0,441.77
TXN12982,BNPL5633,High Exposure User,2024-02-05,2024-02,Afterpay,Beauty and Skincare,82.48,4,20.62,2024-04-01,Yes,2,16.0,98.48
TXN12983,BNPL5634,Regular User,2024-12-17,2024-12,Afterpay,Beauty and Skincare,48.55,6,8.09,2025-03-11,No,0,0,48.55
TXN12984,BNPL5634,Regular User,2024-01-06,2024-01,Paidy,Electronics and Tech,294.24,6,49.04,2024-03-30,No,0,0,294.24
TXN12985,BNPL5634,Regular User,2024-01-22,2024-01,Sezzle,Electronics and Tech,324.86,3,108.29,2024-03-04,No,0,0,324.86
TXN12986,BNPL5634,Regular User,2024-10-11,2024-10,Afterpay,Footwear,103.17,3,34.39,2024-11-22,No,0,0,103.17
TXN12987,BNPL5634,Regular User,2024-01-16,2024-01,Afterpay,"Fast Fashion (Shein, Temu, ASOS)",56.47,4,14.12,2024-03-12,No,0,0,56.47
TXN12988,BNPL5634,Regular User,2024-08-31,2024-08,Afterpay,Electronics and Tech,305.83,4,76.46,2024-10-26,No,0,0,305.83
TXN12989,BNPL5634,Regular User,2024-09-11,2024-09,Afterpay,Beauty and Skincare,64.39,4,16.1,2024-11-06,No,0,0,64.39
TXN12990,BNPL5635,Occasional User,2024-03-11,2024-03,Afterpay,Home and Furniture,458.2,4,114.55,2024-05-06,No,0,0,458.2
TXN12991,BNPL5636,High Exposure User,2024-01-27,2024-01,Klarna,Home and Furniture,332.52,4,83.13,2024-03-23,No,0,0,332.52
TXN12992,BNPL5636,High Exposure User,2024-09-21,2024-09,Paidy,Electronics and Tech,278.12,4,69.53,2024-11-16,No,0,0,278.12
TXN12993,BNPL5636,High Exposure User,2024-01-14,2024-01,Afterpay,Electronics and Tech,402.89,4,100.72,2024-03-10,No,0,0,402.89
TXN12994,BNPL5636,High Exposure User,2024-11-19,2024-11,Afterpay,"Fast Fashion (Shein, Temu, ASOS)",56.99,4,14.25,2025-01-14,No,0,0,56.99
TXN12995,BNPL5636,High Exposure User,2024-09-02,2024-09,Sezzle,Electronics and Tech,344.57,4,86.14,2024-10-28,No,0,0,344.57
TXN12996,BNPL5636,High Exposure User,2024-08-01,2024-08,Klarna,Home and Furniture,330.7,6,55.12,2024-10-24,No,0,0,330.7
TXN12997,BNPL5636,High Exposure User,2024-04-06,2024-04,Afterpay,"Fast Fashion (Shein, Temu, ASOS)",56.36,4,14.09,2024-06-01,Yes,2,16.0,72.36
TXN12998,BNPL5636,High Exposure User,2024-01-16,2024-01,Klarna,Beauty and Skincare,38.74,6,6.46,2024-04-09,No,0,0,38.74
TXN12999,BNPL5636,High Exposure User,2024-07-18,2024-07,Sezzle,"Fast Fashion (Shein, Temu, ASOS)",60.48,3,20.16,2024-08-29,No,0,0,60.48
TXN13000,BNPL5636,High Exposure User,2024-12-27,2024-12,Afterpay,Footwear,148.07,3,49.36,2025-02-07,No,0,0,148.07
TXN13001,BNPL5636,High Exposure User,2024-02-24,2024-02,Afterpay,"Fast Fashion (Shein, Temu, ASOS)",57.01,4,14.25,2024-04-20,No,0,0,57.01
TXN13002,BNPL5636,High Exposure User,2024-09-06,2024-09,Klarna,Electronics and Tech,257.76,4,64.44,2024-11-01,No,0,0,257.76
TXN13003,BNPL5636,High Exposure User,2024-07-14,2024-07,Afterpay,Footwear,147.09,6,24.52,2024-10-06,Yes,1,8.0,155.09
TXN13004,BNPL5636,High Exposure User,2024-11-27,2024-11,Klarna,"Fast Fashion (Shein, Temu, ASOS)",41.78,3,13.93,2025-01-08,No,0,0,41.78
TXN13005,BNPL5636,High Exposure User,2024-11-02,2024-11,Klarna,Home and Furniture,287.24,3,95.75,2024-12-14,Yes,2,16.0,303.24
TXN13006,BNPL5636,High Exposure User,2024-09-27,2024-09,Klarna,Electronics and Tech,312.13,3,104.04,2024-11-08,No,0,0,312.13
TXN13007,BNPL5636,High Exposure User,2024-05-18,2024-05,Paidy,Electronics and Tech,275.44,6,45.91,2024-08-10,No,0,0,275.44
TXN13008,BNPL5637,High Exposure User,2024-05-20,2024-05,Afterpay,"Fast Fashion (Shein, Temu, ASOS)",50.86,4,12.71,2024-07-15,No,0,0,50.86
TXN13009,BNPL5637,High Exposure User,2024-10-22,2024-10,Sezzle,"Fast Fashion (Shein, Temu, ASOS)",56.07,4,14.02,2024-12-17,No,0,0,56.07
TXN13010,BNPL5637,High Exposure User,2024-05-24,2024-05,Afterpay,"Fast Fashion (Shein, Temu, ASOS)",42.0,4,10.5,2024-07-19,Yes,1,8.0,50.0
TXN13011,BNPL5637,High Exposure User,2024-11-12,2024-11,Afterpay,"Fast Fashion (Shein, Temu, ASOS)",43.81,6,7.3,2025-02-04,No,0,0,43.81
TXN13012,BNPL5637,High Exposure User,2024-08-19,2024-08,Klarna,Beauty and Skincare,110.43,4,27.61,2024-10-14,No,0,0,110.43
TXN13013,BNPL5637,High Exposure User,2024-05-04,2024-05,Afterpay,Footwear,68.17,4,17.04,2024-06-29,Yes,2,16.0,84.17
TXN13014,BNPL5637,High Exposure User,2024-08-01,2024-08,Sezzle,Beauty and Skincare,58.91,4,14.73,2024-09-26,No,0,0,58.91
TXN13015,BNPL5637,High Exposure User,2024-01-15,2024-01,Paidy,"Fast Fashion (Shein, Temu, ASOS)",49.5,4,12.38,2024-03-11,Yes,1,8.0,57.5
TXN13016,BNPL5637,High Exposure User,2024-06-09,2024-06,Afterpay,"Fast Fashion (Shein, Temu, ASOS)",35.73,4,8.93,2024-08-04,Yes,2,16.0,51.73
TXN13017,BNPL5637,High Exposure User,2024-06-06,2024-06,Klarna,"Fast Fashion (Shein, Temu, ASOS)",69.63,4,17.41,2024-08-01,Yes,2,16.0,85.63
TXN13018,BNPL5637,High Exposure User,2024-01-22,2024-01,Afterpay,"Fast Fashion (Shein, Temu, ASOS)",76.36,4,19.09,2024-03-18,No,0,0,76.36
TXN13019,BNPL5638,Occasional User,2024-04-02,2024-04,Sezzle,"Fast Fashion (Shein, Temu, ASOS)",50.1,4,12.53,2024-05-28,No,0,0,50.1
TXN13020,BNPL5639,Regular User,2024-12-07,2024-12,Sezzle,Beauty and Skincare,112.31,4,28.08,2025-02-01,No,0,0,112.31
TXN13021,BNPL5639,Regular User,2024-02-20,2024-02,Afterpay,Beauty and Skincare,107.36,4,26.84,2024-04-16,No,0,0,107.36
TXN13022,BNPL5639,Regular User,2024-01-14,2024-01,Afterpay,"Fast Fashion (Shein, Temu, ASOS)",61.47,3,20.49,2024-02-25,No,0,0,61.47
TXN13023,BNPL5639,Regular User,2024-05-02,2024-05,Afterpay,Beauty and Skincare,61.09,3,20.36,2024-06-13,Yes,2,16.0,77.09
TXN13024,BNPL5639,Regular User,2024-10-21,2024-10,Afterpay,Beauty and Skincare,81.77,4,20.44,2024-12-16,No,0,0,81.77
TXN13025,BNPL5639,Regular User,2024-08-19,2024-08,Sezzle,"Fast Fashion (Shein, Temu, ASOS)",54.17,4,13.54,2024-10-14,No,0,0,54.17
TXN13026,BNPL5639,Regular User,2024-03-09,2024-03,Klarna,Home and Furniture,434.83,4,108.71,2024-05-04,No,0,0,434.83
TXN13027,BNPL5639,Regular User,2024-10-14,2024-10,PayBright,Electronics and Tech,395.81,4,98.95,2024-12-09,No,0,0,395.81
TXN13028,BNPL5639,Regular User,2024-01-21,2024-01,Klarna,"Fast Fashion (Shein, Temu, ASOS)",36.66,6,6.11,2024-04-14,No,0,0,36.66
TXN13029,BNPL5640,Occasional User,2024-11-10,2024-11,Klarna,"Fast Fashion (Shein, Temu, ASOS)",71.44,4,17.86,2025-01-05,No,0,0,71.44
TXN13030,BNPL5640,Occasional User,2024-01-06,2024-01,Paidy,Footwear,98.21,4,24.55,2024-03-02,No,0,0,98.21
TXN13031,BNPL5641,Occasional User,2024-01-27,2024-01,PayBright,Footwear,120.81,3,40.27,2024-03-09,No,0,0,120.81
TXN13032,BNPL5641,Occasional User,2024-10-23,2024-10,Sezzle,Electronics and Tech,317.61,3,105.87,2024-12-04,Yes,2,16.0,333.61
TXN13033,BNPL5641,Occasional User,2024-09-27,2024-09,Sezzle,Home and Furniture,400.27,4,100.07,2024-11-22,No,0,0,400.27
TXN13034,BNPL5642,Regular User,2024-08-30,2024-08,Afterpay,Footwear,165.58,6,27.6,2024-11-22,No,0,0,165.58
TXN13035,BNPL5642,Regular User,2024-04-17,2024-04,Sezzle,"Fast Fashion (Shein, Temu, ASOS)",60.54,6,10.09,2024-07-10,No,0,0,60.54
TXN13036,BNPL5642,Regular User,2024-12-04,2024-12,Afterpay,Electronics and Tech,355.2,4,88.8,2025-01-29,No,0,0,355.2
TXN13037,BNPL5642,Regular User,2024-11-08,2024-11,Afterpay,Beauty and Skincare,65.64,3,21.88,2024-12-20,No,0,0,65.64
TXN13038,BNPL5642,Regular User,2024-01-08,2024-01,Paidy,Footwear,159.22,6,26.54,2024-04-01,No,0,0,159.22
TXN13039,BNPL5642,Regular User,2024-03-21,2024-03,Afterpay,Home and Furniture,410.15,4,102.54,2024-05-16,No,0,0,410.15
TXN13040,BNPL5642,Regular User,2024-10-12,2024-10,Afterpay,"Fast Fashion (Shein, Temu, ASOS)",55.67,4,13.92,2024-12-07,No,0,0,55.67
TXN13041,BNPL5642,Regular User,2024-01-03,2024-01,Afterpay,"Fast Fashion (Shein, Temu, ASOS)",65.68,6,10.95,2024-03-27,No,0,0,65.68
TXN13042,BNPL5642,Regular User,2024-03-11,2024-03,Afterpay,Beauty and Skincare,58.12,4,14.53,2024-05-06,No,0,0,58.12
TXN13043,BNPL5642,Regular User,2024-05-10,2024-05,Afterpay,Beauty and Skincare,119.93,6,19.99,2024-08-02,No,0,0,119.93
TXN13044,BNPL5642,Regular User,2024-05-29,2024-05,PayBright,Sporting Goods,124.79,3,41.6,2024-07-10,No,0,0,124.79
TXN13045,BNPL5643,Occasional User,2024-06-04,2024-06,Klarna,Electronics and Tech,254.77,3,84.92,2024-07-16,Yes,1,8.0,262.77
TXN13046,BNPL5644,Occasional User,2024-08-02,2024-08,Afterpay,Footwear,109.42,4,27.36,2024-09-27,No,0,0,109.42
TXN13047,BNPL5644,Occasional User,2024-12-10,2024-12,Afterpay,Electronics and Tech,380.98,3,126.99,2025-01-21,No,0,0,380.98
TXN13048,BNPL5644,Occasional User,2024-04-08,2024-04,Klarna,Sporting Goods,183.8,3,61.27,2024-05-20,No,0,0,183.8
TXN13049,BNPL5645,Occasional User,2024-02-28,2024-02,Klarna,"Fast Fashion (Shein, Temu, ASOS)",51.0,3,17.0,2024-04-10,No,0,0,51.0
TXN13050,BNPL5645,Occasional User,2024-11-16,2024-11,PayBright,"Fast Fashion (Shein, Temu, ASOS)",54.29,4,13.57,2025-01-11,No,0,0,54.29
TXN13051,BNPL5645,Occasional User,2024-12-24,2024-12,PayBright,Beauty and Skincare,86.55,3,28.85,2025-02-04,No,0,0,86.55
TXN13052,BNPL5646,Occasional User,2024-04-16,2024-04,Afterpay,"Fast Fashion (Shein, Temu, ASOS)",59.15,3,19.72,2024-05-28,No,0,0,59.15
TXN13053,BNPL5646,Occasional User,2024-04-23,2024-04,Klarna,"Fast Fashion (Shein, Temu, ASOS)",30.16,6,5.03,2024-07-16,No,0,0,30.16
TXN13054,BNPL5647,Occasional User,2024-09-22,2024-09,Sezzle,"Fast Fashion (Shein, Temu, ASOS)",34.18,4,8.54,2024-11-17,No,0,0,34.18
TXN13055,BNPL5648,Occasional User,2024-02-13,2024-02,Klarna,Footwear,115.29,4,28.82,2024-04-09,No,0,0,115.29
TXN13056,BNPL5648,Occasional User,2024-11-07,2024-11,Klarna,Footwear,113.05,4,28.26,2025-01-02,No,0,0,113.05
TXN13057,BNPL5649,Occasional User,2024-06-23,2024-06,Paidy,Electronics and Tech,341.77,4,85.44,2024-08-18,No,0,0,341.77
TXN13058,BNPL5649,Occasional User,2024-06-27,2024-06,Klarna,Beauty and Skincare,94.68,3,31.56,2024-08-08,No,0,0,94.68
TXN13059,BNPL5649,Occasional User,2024-07-16,2024-07,Klarna,Sporting Goods,177.59,6,29.6,2024-10-08,No,0,0,177.59
TXN13060,BNPL5649,Occasional User,2024-06-22,2024-06,Afterpay,"Fast Fashion (Shein, Temu, ASOS)",29.74,4,7.43,2024-08-17,No,0,0,29.74
TXN13061,BNPL5650,Regular User,2024-01-30,2024-01,PayBright,Footwear,125.08,4,31.27,2024-03-26,No,0,0,125.08
TXN13062,BNPL5650,Regular User,2024-10-03,2024-10,PayBright,Electronics and Tech,184.81,4,46.2,2024-11-28,No,0,0,184.81
TXN13063,BNPL5650,Regular User,2024-01-14,2024-01,Afterpay,Footwear,139.06,3,46.35,2024-02-25,No,0,0,139.06
TXN13064,BNPL5650,Regular User,2024-07-01,2024-07,Afterpay,"Fast Fashion (Shein, Temu, ASOS)",67.25,4,16.81,2024-08-26,No,0,0,67.25
TXN13065,BNPL5651,Regular User,2024-11-09,2024-11,Afterpay,Beauty and Skincare,62.04,4,15.51,2025-01-04,No,0,0,62.04
TXN13066,BNPL5651,Regular User,2024-11-11,2024-11,Afterpay,Electronics and Tech,234.67,4,58.67,2025-01-06,No,0,0,234.67
TXN13067,BNPL5651,Regular User,2024-10-11,2024-10,Afterpay,Beauty and Skincare,77.28,3,25.76,2024-11-22,No,0,0,77.28
TXN13068,BNPL5651,Regular User,2024-08-24,2024-08,Afterpay,Footwear,109.76,4,27.44,2024-10-19,No,0,0,109.76
TXN13069,BNPL5651,Regular User,2024-11-14,2024-11,Klarna,Electronics and Tech,296.69,4,74.17,2025-01-09,No,0,0,296.69
TXN13070,BNPL5651,Regular User,2024-10-13,2024-10,Sezzle,Home and Furniture,378.65,6,63.11,2025-01-05,No,0,0,378.65
TXN13071,BNPL5651,Regular User,2024-12-07,2024-12,Afterpay,Beauty and Skincare,61.77,3,20.59,2025-01-18,No,0,0,61.77
TXN13072,BNPL5651,Regular User,2024-09-11,2024-09,Afterpay,Footwear,94.37,4,23.59,2024-11-06,No,0,0,94.37
TXN13073,BNPL5652,Occasional User,2024-07-27,2024-07,Afterpay,"Fast Fashion (Shein, Temu, ASOS)",54.49,4,13.62,2024-09-21,No,0,0,54.49
TXN13074,BNPL5653,Occasional User,2024-07-09,2024-07,Afterpay,Beauty and Skincare,110.16,6,18.36,2024-10-01,No,0,0,110.16
TXN13075,BNPL5654,Regular User,2024-10-25,2024-10,Sezzle,"Fast Fashion (Shein, Temu, ASOS)",74.33,4,18.58,2024-12-20,No,0,0,74.33
TXN13076,BNPL5654,Regular User,2024-02-20,2024-02,Afterpay,Footwear,117.51,4,29.38,2024-04-16,No,0,0,117.51
TXN13077,BNPL5654,Regular User,2024-03-09,2024-03,Sezzle,Beauty and Skincare,84.31,4,21.08,2024-05-04,No,0,0,84.31
TXN13078,BNPL5654,Regular User,2024-08-10,2024-08,Klarna,Home and Furniture,278.44,4,69.61,2024-10-05,No,0,0,278.44
TXN13079,BNPL5654,Regular User,2024-11-12,2024-11,Klarna,Beauty and Skincare,88.29,4,22.07,2025-01-07,No,0,0,88.29
TXN13080,BNPL5654,Regular User,2024-07-02,2024-07,Klarna,Sporting Goods,258.41,4,64.6,2024-08-27,No,0,0,258.41
TXN13081,BNPL5655,Occasional User,2024-10-09,2024-10,Afterpay,Footwear,146.58,3,48.86,2024-11-20,Yes,2,16.0,162.58
TXN13082,BNPL5655,Occasional User,2024-02-15,2024-02,Klarna,"Fast Fashion (Shein, Temu, ASOS)",72.82,4,18.2,2024-04-11,No,0,0,72.82
TXN13083,BNPL5656,Occasional User,2024-04-26,2024-04,Afterpay,"Fast Fashion (Shein, Temu, ASOS)",51.65,4,12.91,2024-06-21,No,0,0,51.65
TXN13084,BNPL5657,Regular User,2024-10-09,2024-10,PayBright,Home and Furniture,419.99,4,105.0,2024-12-04,No,0,0,419.99
TXN13085,BNPL5657,Regular User,2024-11-19,2024-11,Klarna,Electronics and Tech,194.96,4,48.74,2025-01-14,No,0,0,194.96
TXN13086,BNPL5657,Regular User,2024-07-07,2024-07,Sezzle,Electronics and Tech,355.26,6,59.21,2024-09-29,No,0,0,355.26
TXN13087,BNPL5657,Regular User,2024-12-16,2024-12,Afterpay,Electronics and Tech,260.86,4,65.22,2025-02-10,No,0,0,260.86
TXN13088,BNPL5657,Regular User,2024-03-25,2024-03,Afterpay,"Fast Fashion (Shein, Temu, ASOS)",59.73,4,14.93,2024-05-20,No,0,0,59.73
TXN13089,BNPL5657,Regular User,2024-06-11,2024-06,Afterpay,Footwear,112.2,3,37.4,2024-07-23,No,0,0,112.2
TXN13090,BNPL5658,Occasional User,2024-07-03,2024-07,Klarna,Footwear,108.81,3,36.27,2024-08-14,No,0,0,108.81
TXN13091,BNPL5659,Regular User,2024-05-03,2024-05,Afterpay,Electronics and Tech,393.03,4,98.26,2024-06-28,No,0,0,393.03
TXN13092,BNPL5659,Regular User,2024-09-08,2024-09,PayBright,Electronics and Tech,163.88,4,40.97,2024-11-03,No,0,0,163.88
TXN13093,BNPL5659,Regular User,2024-02-26,2024-02,Klarna,Beauty and Skincare,93.43,6,15.57,2024-05-20,No,0,0,93.43
TXN13094,BNPL5659,Regular User,2024-08-08,2024-08,Klarna,"Fast Fashion (Shein, Temu, ASOS)",56.31,4,14.08,2024-10-03,Yes,1,8.0,64.31
TXN13095,BNPL5659,Regular User,2024-03-22,2024-03,PayBright,Beauty and Skincare,70.58,6,11.76,2024-06-14,No,0,0,70.58
TXN13096,BNPL5659,Regular User,2024-11-15,2024-11,Klarna,"Fast Fashion (Shein, Temu, ASOS)",73.36,3,24.45,2024-12-27,No,0,0,73.36
TXN13097,BNPL5660,High Exposure User,2024-09-27,2024-09,Sezzle,Home and Furniture,356.11,3,118.7,2024-11-08,No,0,0,356.11
TXN13098,BNPL5660,High Exposure User,2024-03-31,2024-03,Sezzle,Beauty and Skincare,50.25,6,8.38,2024-06-23,No,0,0,50.25
TXN13099,BNPL5660,High Exposure User,2024-07-10,2024-07,Klarna,Footwear,95.88,4,23.97,2024-09-04,No,0,0,95.88
TXN13100,BNPL5660,High Exposure User,2024-12-05,2024-12,Sezzle,Electronics and Tech,342.74,4,85.69,2025-01-30,No,0,0,342.74
TXN13101,BNPL5660,High Exposure User,2024-03-10,2024-03,Klarna,Home and Furniture,417.62,4,104.41,2024-05-05,No,0,0,417.62
TXN13102,BNPL5660,High Exposure User,2024-09-06,2024-09,Afterpay,"Fast Fashion (Shein, Temu, ASOS)",70.93,4,17.73,2024-11-01,Yes,2,16.0,86.93
TXN13103,BNPL5660,High Exposure User,2024-07-03,2024-07,Klarna,Home and Furniture,254.4,4,63.6,2024-08-28,No,0,0,254.4
TXN13104,BNPL5660,High Exposure User,2024-11-19,2024-11,Sezzle,Beauty and Skincare,87.03,4,21.76,2025-01-14,No,0,0,87.03
TXN13105,BNPL5660,High Exposure User,2024-10-19,2024-10,Klarna,Electronics and Tech,148.47,4,37.12,2024-12-14,No,0,0,148.47
TXN13106,BNPL5660,High Exposure User,2024-01-14,2024-01,Sezzle,Beauty and Skincare,63.31,4,15.83,2024-03-10,No,0,0,63.31
TXN13107,BNPL5660,High Exposure User,2024-03-20,2024-03,Sezzle,Sporting Goods,254.46,4,63.62,2024-05-15,No,0,0,254.46
TXN13108,BNPL5660,High Exposure User,2024-06-13,2024-06,Paidy,Home and Furniture,321.06,4,80.27,2024-08-08,Yes,2,16.0,337.06
TXN13109,BNPL5661,High Exposure User,2024-02-17,2024-02,Afterpay,Home and Furniture,346.39,3,115.46,2024-03-30,No,0,0,346.39
TXN13110,BNPL5661,High Exposure User,2024-01-13,2024-01,Afterpay,"Fast Fashion (Shein, Temu, ASOS)",59.61,4,14.9,2024-03-09,No,0,0,59.61
TXN13111,BNPL5661,High Exposure User,2024-09-27,2024-09,PayBright,"Fast Fashion (Shein, Temu, ASOS)",54.42,4,13.61,2024-11-22,No,0,0,54.42
TXN13112,BNPL5661,High Exposure User,2024-08-11,2024-08,Klarna,"Fast Fashion (Shein, Temu, ASOS)",54.07,4,13.52,2024-10-06,No,0,0,54.07
TXN13113,BNPL5661,High Exposure User,2024-07-03,2024-07,Afterpay,Home and Furniture,343.21,4,85.8,2024-08-28,No,0,0,343.21
TXN13114,BNPL5661,High Exposure User,2024-02-09,2024-02,Sezzle,Sporting Goods,95.26,6,15.88,2024-05-03,No,0,0,95.26
TXN13115,BNPL5661,High Exposure User,2024-03-25,2024-03,Afterpay,Beauty and Skincare,57.71,6,9.62,2024-06-17,No,0,0,57.71
TXN13116,BNPL5661,High Exposure User,2024-03-03,2024-03,Afterpay,"Fast Fashion (Shein, Temu, ASOS)",68.12,4,17.03,2024-04-28,No,0,0,68.12
TXN13117,BNPL5661,High Exposure User,2024-01-19,2024-01,Klarna,Footwear,187.81,6,31.3,2024-04-12,No,0,0,187.81
TXN13118,BNPL5661,High Exposure User,2024-09-09,2024-09,Afterpay,Footwear,143.88,4,35.97,2024-11-04,No,0,0,143.88
TXN13119,BNPL5661,High Exposure User,2024-02-20,2024-02,Afterpay,Electronics and Tech,334.67,6,55.78,2024-05-14,No,0,0,334.67
TXN13120,BNPL5661,High Exposure User,2024-03-12,2024-03,Afterpay,Beauty and Skincare,63.36,4,15.84,2024-05-07,No,0,0,63.36
TXN13121,BNPL5661,High Exposure User,2024-07-28,2024-07,Sezzle,Sporting Goods,160.7,4,40.17,2024-09-22,No,0,0,160.7
TXN13122,BNPL5661,High Exposure User,2024-07-04,2024-07,Sezzle,Beauty and Skincare,99.6,4,24.9,2024-08-29,No,0,0,99.6
TXN13123,BNPL5661,High Exposure User,2024-08-02,2024-08,Klarna,Footwear,132.2,3,44.07,2024-09-13,No,0,0,132.2
TXN13124,BNPL5662,High Exposure User,2024-12-30,2024-12,Klarna,Sporting Goods,233.19,3,77.73,2025-02-10,Yes,1,8.0,241.19
TXN13125,BNPL5662,High Exposure User,2024-01-01,2024-01,Afterpay,"Fast Fashion (Shein, Temu, ASOS)",48.35,4,12.09,2024-02-26,No,0,0,48.35
TXN13126,BNPL5662,High Exposure User,2024-12-02,2024-12,Afterpay,Home and Furniture,327.13,6,54.52,2025-02-24,No,0,0,327.13
TXN13127,BNPL5662,High Exposure User,2024-07-15,2024-07,Sezzle,"Fast Fashion (Shein, Temu, ASOS)",68.92,4,17.23,2024-09-09,No,0,0,68.92
TXN13128,BNPL5662,High Exposure User,2024-06-28,2024-06,Paidy,"Fast Fashion (Shein, Temu, ASOS)",61.25,4,15.31,2024-08-23,No,0,0,61.25
TXN13129,BNPL5662,High Exposure User,2024-01-08,2024-01,Klarna,"Fast Fashion (Shein, Temu, ASOS)",50.09,3,16.7,2024-02-19,No,0,0,50.09
TXN13130,BNPL5662,High Exposure User,2024-07-04,2024-07,PayBright,Beauty and Skincare,53.59,4,13.4,2024-08-29,No,0,0,53.59
TXN13131,BNPL5662,High Exposure User,2024-11-01,2024-11,Afterpay,Electronics and Tech,299.36,4,74.84,2024-12-27,No,0,0,299.36
TXN13132,BNPL5662,High Exposure User,2024-07-06,2024-07,Afterpay,Footwear,121.71,6,20.29,2024-09-28,No,0,0,121.71
TXN13133,BNPL5662,High Exposure User,2024-04-08,2024-04,PayBright,Home and Furniture,383.83,6,63.97,2024-07-01,Yes,2,16.0,399.83
TXN13134,BNPL5662,High Exposure User,2024-04-25,2024-04,Afterpay,Footwear,142.73,4,35.68,2024-06-20,No,0,0,142.73
TXN13135,BNPL5662,High Exposure User,2024-08-01,2024-08,Paidy,"Fast Fashion (Shein, Temu, ASOS)",38.15,4,9.54,2024-09-26,No,0,0,38.15
TXN13136,BNPL5662,High Exposure User,2024-05-15,2024-05,Sezzle,Footwear,148.97,4,37.24,2024-07-10,No,0,0,148.97
TXN13137,BNPL5662,High Exposure User,2024-08-20,2024-08,PayBright,Sporting Goods,163.83,4,40.96,2024-10-15,No,0,0,163.83
TXN13138,BNPL5663,Regular User,2024-09-28,2024-09,Afterpay,Beauty and Skincare,94.45,6,15.74,2024-12-21,No,0,0,94.45
TXN13139,BNPL5663,Regular User,2024-07-05,2024-07,Klarna,"Fast Fashion (Shein, Temu, ASOS)",55.05,4,13.76,2024-08-30,No,0,0,55.05
TXN13140,BNPL5663,Regular User,2024-11-23,2024-11,PayBright,Footwear,96.29,3,32.1,2025-01-04,No,0,0,96.29
TXN13141,BNPL5663,Regular User,2024-04-14,2024-04,Afterpay,Home and Furniture,239.24,4,59.81,2024-06-09,No,0,0,239.24
TXN13142,BNPL5663,Regular User,2024-02-09,2024-02,Klarna,"Fast Fashion (Shein, Temu, ASOS)",41.62,4,10.4,2024-04-05,No,0,0,41.62
TXN13143,BNPL5663,Regular User,2024-03-01,2024-03,Afterpay,Home and Furniture,301.43,4,75.36,2024-04-26,No,0,0,301.43
TXN13144,BNPL5663,Regular User,2024-07-19,2024-07,Klarna,Home and Furniture,397.31,4,99.33,2024-09-13,No,0,0,397.31
TXN13145,BNPL5664,Occasional User,2024-10-13,2024-10,Klarna,"Fast Fashion (Shein, Temu, ASOS)",84.3,3,28.1,2024-11-24,No,0,0,84.3
TXN13146,BNPL5664,Occasional User,2024-06-14,2024-06,Klarna,"Fast Fashion (Shein, Temu, ASOS)",49.69,4,12.42,2024-08-09,No,0,0,49.69
TXN13147,BNPL5665,Regular User,2024-04-29,2024-04,Klarna,Beauty and Skincare,63.28,3,21.09,2024-06-10,No,0,0,63.28
TXN13148,BNPL5665,Regular User,2024-06-27,2024-06,Afterpay,"Fast Fashion (Shein, Temu, ASOS)",43.8,3,14.6,2024-08-08,No,0,0,43.8
TXN13149,BNPL5665,Regular User,2024-01-28,2024-01,Afterpay,Sporting Goods,277.61,4,69.4,2024-03-24,No,0,0,277.61
TXN13150,BNPL5665,Regular User,2024-03-21,2024-03,Klarna,Beauty and Skincare,74.64,3,24.88,2024-05-02,No,0,0,74.64
TXN13151,BNPL5665,Regular User,2024-04-10,2024-04,Sezzle,"Fast Fashion (Shein, Temu, ASOS)",54.79,4,13.7,2024-06-05,No,0,0,54.79
TXN13152,BNPL5665,Regular User,2024-09-03,2024-09,Afterpay,"Fast Fashion (Shein, Temu, ASOS)",25.86,4,6.46,2024-10-29,No,0,0,25.86
TXN13153,BNPL5665,Regular User,2024-08-04,2024-08,Afterpay,"Fast Fashion (Shein, Temu, ASOS)",44.73,6,7.45,2024-10-27,No,0,0,44.73
TXN13154,BNPL5665,Regular User,2024-08-23,2024-08,Paidy,Footwear,147.46,4,36.87,2024-10-18,No,0,0,147.46
TXN13155,BNPL5666,Regular User,2024-06-09,2024-06,Paidy,Electronics and Tech,275.15,4,68.79,2024-08-04,No,0,0,275.15
TXN13156,BNPL5666,Regular User,2024-09-23,2024-09,Klarna,Home and Furniture,356.15,4,89.04,2024-11-18,No,0,0,356.15
TXN13157,BNPL5666,Regular User,2024-04-30,2024-04,Afterpay,Sporting Goods,190.09,4,47.52,2024-06-25,No,0,0,190.09
TXN13158,BNPL5666,Regular User,2024-04-28,2024-04,Afterpay,Home and Furniture,246.6,4,61.65,2024-06-23,Yes,2,16.0,262.6
TXN13159,BNPL5666,Regular User,2024-07-02,2024-07,Klarna,Beauty and Skincare,77.38,4,19.34,2024-08-27,No,0,0,77.38
TXN13160,BNPL5666,Regular User,2024-08-19,2024-08,PayBright,Home and Furniture,416.26,6,69.38,2024-11-11,No,0,0,416.26
TXN13161,BNPL5667,Regular User,2024-04-15,2024-04,Sezzle,Sporting Goods,289.07,3,96.36,2024-05-27,No,0,0,289.07
TXN13162,BNPL5667,Regular User,2024-08-12,2024-08,Paidy,Footwear,126.89,4,31.72,2024-10-07,No,0,0,126.89
TXN13163,BNPL5667,Regular User,2024-12-03,2024-12,Paidy,Footwear,109.67,4,27.42,2025-01-28,No,0,0,109.67
TXN13164,BNPL5667,Regular User,2024-08-28,2024-08,Klarna,Home and Furniture,451.64,6,75.27,2024-11-20,Yes,1,8.0,459.64
TXN13165,BNPL5667,Regular User,2024-09-30,2024-09,Afterpay,"Fast Fashion (Shein, Temu, ASOS)",63.1,4,15.78,2024-11-25,No,0,0,63.1
TXN13166,BNPL5667,Regular User,2024-02-07,2024-02,Afterpay,"Fast Fashion (Shein, Temu, ASOS)",61.48,4,15.37,2024-04-03,No,0,0,61.48
TXN13167,BNPL5668,Regular User,2024-01-23,2024-01,Klarna,Footwear,115.56,3,38.52,2024-03-05,No,0,0,115.56
TXN13168,BNPL5668,Regular User,2024-12-22,2024-12,Klarna,Sporting Goods,208.14,3,69.38,2025-02-02,No,0,0,208.14
TXN13169,BNPL5668,Regular User,2024-11-18,2024-11,Klarna,Sporting Goods,295.89,4,73.97,2025-01-13,No,0,0,295.89
TXN13170,BNPL5668,Regular User,2024-04-22,2024-04,Afterpay,Footwear,155.35,4,38.84,2024-06-17,No,0,0,155.35
TXN13171,BNPL5668,Regular User,2024-06-29,2024-06,Sezzle,Footwear,91.99,4,23.0,2024-08-24,No,0,0,91.99
TXN13172,BNPL5668,Regular User,2024-04-08,2024-04,Klarna,Footwear,113.91,4,28.48,2024-06-03,Yes,2,16.0,129.91
TXN13173,BNPL5668,Regular User,2024-07-14,2024-07,Afterpay,Electronics and Tech,315.09,4,78.77,2024-09-08,No,0,0,315.09
TXN13174,BNPL5669,High Exposure User,2024-02-01,2024-02,Afterpay,"Fast Fashion (Shein, Temu, ASOS)",56.6,4,14.15,2024-03-28,No,0,0,56.6
TXN13175,BNPL5669,High Exposure User,2024-08-13,2024-08,Afterpay,Footwear,152.86,3,50.95,2024-09-24,No,0,0,152.86
TXN13176,BNPL5669,High Exposure User,2024-01-28,2024-01,Afterpay,"Fast Fashion (Shein, Temu, ASOS)",48.67,3,16.22,2024-03-10,No,0,0,48.67
TXN13177,BNPL5669,High Exposure User,2024-10-11,2024-10,Klarna,"Fast Fashion (Shein, Temu, ASOS)",31.32,4,7.83,2024-12-06,No,0,0,31.32
TXN13178,BNPL5669,High Exposure User,2024-11-03,2024-11,Sezzle,Footwear,137.83,3,45.94,2024-12-15,No,0,0,137.83
TXN13179,BNPL5669,High Exposure User,2024-07-24,2024-07,Afterpay,Footwear,138.7,3,46.23,2024-09-04,No,0,0,138.7
TXN13180,BNPL5669,High Exposure User,2024-09-17,2024-09,Sezzle,"Fast Fashion (Shein, Temu, ASOS)",72.45,4,18.11,2024-11-12,No,0,0,72.45
TXN13181,BNPL5669,High Exposure User,2024-03-15,2024-03,Afterpay,Electronics and Tech,172.9,6,28.82,2024-06-07,No,0,0,172.9
TXN13182,BNPL5669,High Exposure User,2024-06-25,2024-06,Klarna,Footwear,105.56,4,26.39,2024-08-20,No,0,0,105.56
TXN13183,BNPL5669,High Exposure User,2024-12-09,2024-12,Afterpay,Electronics and Tech,337.55,4,84.39,2025-02-03,No,0,0,337.55
TXN13184,BNPL5669,High Exposure User,2024-06-02,2024-06,Klarna,"Fast Fashion (Shein, Temu, ASOS)",79.94,3,26.65,2024-07-14,No,0,0,79.94
TXN13185,BNPL5669,High Exposure User,2024-02-16,2024-02,Afterpay,"Fast Fashion (Shein, Temu, ASOS)",64.9,3,21.63,2024-03-29,No,0,0,64.9
TXN13186,BNPL5669,High Exposure User,2024-06-22,2024-06,Klarna,Beauty and Skincare,59.07,4,14.77,2024-08-17,No,0,0,59.07
TXN13187,BNPL5669,High Exposure User,2024-08-10,2024-08,Sezzle,"Fast Fashion (Shein, Temu, ASOS)",55.62,3,18.54,2024-09-21,No,0,0,55.62
TXN13188,BNPL5669,High Exposure User,2024-11-16,2024-11,Sezzle,"Fast Fashion (Shein, Temu, ASOS)",67.81,3,22.6,2024-12-28,No,0,0,67.81
TXN13189,BNPL5669,High Exposure User,2024-04-06,2024-04,Paidy,"Fast Fashion (Shein, Temu, ASOS)",57.12,4,14.28,2024-06-01,No,0,0,57.12
TXN13190,BNPL5669,High Exposure User,2024-01-02,2024-01,Paidy,Home and Furniture,220.55,4,55.14,2024-02-27,No,0,0,220.55
TXN13191,BNPL5669,High Exposure User,2024-01-14,2024-01,Sezzle,Home and Furniture,291.29,3,97.1,2024-02-25,No,0,0,291.29
TXN13192,BNPL5669,High Exposure User,2024-12-06,2024-12,Sezzle,"Fast Fashion (Shein, Temu, ASOS)",67.94,4,16.98,2025-01-31,No,0,0,67.94
TXN13193,BNPL5670,Regular User,2024-05-04,2024-05,Klarna,"Fast Fashion (Shein, Temu, ASOS)",51.17,4,12.79,2024-06-29,No,0,0,51.17
TXN13194,BNPL5670,Regular User,2024-12-15,2024-12,Sezzle,Sporting Goods,171.19,6,28.53,2025-03-09,No,0,0,171.19
TXN13195,BNPL5670,Regular User,2024-05-14,2024-05,Afterpay,Footwear,68.58,4,17.14,2024-07-09,No,0,0,68.58
TXN13196,BNPL5671,Regular User,2024-03-16,2024-03,Afterpay,"Fast Fashion (Shein, Temu, ASOS)",62.75,3,20.92,2024-04-27,No,0,0,62.75
TXN13197,BNPL5671,Regular User,2024-11-28,2024-11,PayBright,"Fast Fashion (Shein, Temu, ASOS)",43.96,4,10.99,2025-01-23,Yes,2,16.0,59.96
TXN13198,BNPL5671,Regular User,2024-07-03,2024-07,Afterpay,"Fast Fashion (Shein, Temu, ASOS)",84.26,6,14.04,2024-09-25,No,0,0,84.26
TXN13199,BNPL5672,Occasional User,2024-11-18,2024-11,Klarna,"Fast Fashion (Shein, Temu, ASOS)",46.67,3,15.56,2024-12-30,No,0,0,46.67
TXN13200,BNPL5672,Occasional User,2024-10-28,2024-10,Afterpay,Beauty and Skincare,83.07,6,13.84,2025-01-20,No,0,0,83.07
TXN13201,BNPL5673,Occasional User,2024-05-08,2024-05,Afterpay,Footwear,110.19,3,36.73,2024-06-19,No,0,0,110.19
TXN13202,BNPL5673,Occasional User,2024-07-16,2024-07,Afterpay,Beauty and Skincare,89.32,4,22.33,2024-09-10,No,0,0,89.32
TXN13203,BNPL5674,Occasional User,2024-02-24,2024-02,Klarna,Footwear,152.67,4,38.17,2024-04-20,No,0,0,152.67
TXN13204,BNPL5675,Occasional User,2024-09-16,2024-09,Afterpay,Sporting Goods,266.48,4,66.62,2024-11-11,No,0,0,266.48
TXN13205,BNPL5676,Occasional User,2024-05-02,2024-05,Klarna,Footwear,89.93,6,14.99,2024-07-25,No,0,0,89.93
TXN13206,BNPL5677,Occasional User,2024-04-25,2024-04,PayBright,Electronics and Tech,242.32,6,40.39,2024-07-18,No,0,0,242.32
TXN13207,BNPL5678,Occasional User,2024-04-25,2024-04,Klarna,"Fast Fashion (Shein, Temu, ASOS)",62.02,3,20.67,2024-06-06,No,0,0,62.02
TXN13208,BNPL5678,Occasional User,2024-11-07,2024-11,Afterpay,Footwear,132.23,4,33.06,2025-01-02,No,0,0,132.23
TXN13209,BNPL5678,Occasional User,2024-12-13,2024-12,Sezzle,"Fast Fashion (Shein, Temu, ASOS)",65.52,3,21.84,2025-01-24,No,0,0,65.52
TXN13210,BNPL5679,Occasional User,2024-05-09,2024-05,Sezzle,Electronics and Tech,318.43,6,53.07,2024-08-01,No,0,0,318.43
TXN13211,BNPL5680,Occasional User,2024-05-11,2024-05,PayBright,Beauty and Skincare,102.4,4,25.6,2024-07-06,No,0,0,102.4
TXN13212,BNPL5680,Occasional User,2024-09-09,2024-09,Klarna,Beauty and Skincare,73.39,3,24.46,2024-10-21,No,0,0,73.39
TXN13213,BNPL5681,High Exposure User,2024-04-12,2024-04,Klarna,Home and Furniture,380.67,3,126.89,2024-05-24,Yes,1,8.0,388.67
TXN13214,BNPL5681,High Exposure User,2024-05-12,2024-05,Afterpay,Electronics and Tech,281.74,4,70.44,2024-07-07,No,0,0,281.74
TXN13215,BNPL5681,High Exposure User,2024-06-12,2024-06,Sezzle,Footwear,80.28,6,13.38,2024-09-04,No,0,0,80.28
TXN13216,BNPL5681,High Exposure User,2024-03-31,2024-03,Sezzle,Electronics and Tech,250.18,3,83.39,2024-05-12,Yes,1,8.0,258.18
TXN13217,BNPL5681,High Exposure User,2024-09-10,2024-09,Klarna,"Fast Fashion (Shein, Temu, ASOS)",32.79,4,8.2,2024-11-05,No,0,0,32.79
TXN13218,BNPL5681,High Exposure User,2024-09-02,2024-09,Sezzle,Footwear,91.7,4,22.93,2024-10-28,Yes,1,8.0,99.7
TXN13219,BNPL5681,High Exposure User,2024-05-21,2024-05,Afterpay,Beauty and Skincare,49.54,4,12.38,2024-07-16,No,0,0,49.54
TXN13220,BNPL5681,High Exposure User,2024-12-23,2024-12,PayBright,"Fast Fashion (Shein, Temu, ASOS)",57.17,6,9.53,2025-03-17,No,0,0,57.17
TXN13221,BNPL5681,High Exposure User,2024-04-03,2024-04,Afterpay,Footwear,109.6,6,18.27,2024-06-26,No,0,0,109.6
TXN13222,BNPL5681,High Exposure User,2024-04-24,2024-04,Afterpay,Beauty and Skincare,90.75,4,22.69,2024-06-19,No,0,0,90.75
TXN13223,BNPL5681,High Exposure User,2024-10-15,2024-10,Sezzle,Footwear,117.52,6,19.59,2025-01-07,No,0,0,117.52
TXN13224,BNPL5682,Occasional User,2024-06-20,2024-06,Afterpay,Footwear,121.11,4,30.28,2024-08-15,Yes,1,8.0,129.11
TXN13225,BNPL5683,Occasional User,2024-10-12,2024-10,Sezzle,"Fast Fashion (Shein, Temu, ASOS)",81.36,6,13.56,2025-01-04,No,0,0,81.36
TXN13226,BNPL5683,Occasional User,2024-12-21,2024-12,Sezzle,"Fast Fashion (Shein, Temu, ASOS)",68.35,4,17.09,2025-02-15,No,0,0,68.35
TXN13227,BNPL5684,High Exposure User,2024-01-29,2024-01,PayBright,Electronics and Tech,278.24,4,69.56,2024-03-25,No,0,0,278.24
TXN13228,BNPL5684,High Exposure User,2024-11-13,2024-11,Afterpay,Sporting Goods,196.52,4,49.13,2025-01-08,No,0,0,196.52
TXN13229,BNPL5684,High Exposure User,2024-01-29,2024-01,Klarna,Home and Furniture,369.6,3,123.2,2024-03-11,No,0,0,369.6
TXN13230,BNPL5684,High Exposure User,2024-10-14,2024-10,Klarna,"Fast Fashion (Shein, Temu, ASOS)",34.28,6,5.71,2025-01-06,No,0,0,34.28
TXN13231,BNPL5684,High Exposure User,2024-09-20,2024-09,Sezzle,"Fast Fashion (Shein, Temu, ASOS)",44.61,3,14.87,2024-11-01,No,0,0,44.61
TXN13232,BNPL5684,High Exposure User,2024-09-24,2024-09,Afterpay,Footwear,179.25,4,44.81,2024-11-19,No,0,0,179.25
TXN13233,BNPL5684,High Exposure User,2024-03-14,2024-03,Sezzle,Beauty and Skincare,64.44,4,16.11,2024-05-09,No,0,0,64.44
TXN13234,BNPL5684,High Exposure User,2024-07-21,2024-07,Paidy,"Fast Fashion (Shein, Temu, ASOS)",42.63,3,14.21,2024-09-01,No,0,0,42.63
TXN13235,BNPL5684,High Exposure User,2024-08-08,2024-08,Klarna,Footwear,142.26,4,35.56,2024-10-03,Yes,2,16.0,158.26
TXN13236,BNPL5684,High Exposure User,2024-07-08,2024-07,Sezzle,Footwear,70.89,3,23.63,2024-08-19,No,0,0,70.89
TXN13237,BNPL5684,High Exposure User,2024-01-13,2024-01,Sezzle,Electronics and Tech,257.16,4,64.29,2024-03-09,No,0,0,257.16
TXN13238,BNPL5685,Regular User,2024-04-27,2024-04,Afterpay,Electronics and Tech,277.13,4,69.28,2024-06-22,Yes,1,8.0,285.13
TXN13239,BNPL5685,Regular User,2024-11-15,2024-11,PayBright,Beauty and Skincare,74.82,3,24.94,2024-12-27,Yes,2,16.0,90.82
TXN13240,BNPL5685,Regular User,2024-10-12,2024-10,Sezzle,"Fast Fashion (Shein, Temu, ASOS)",86.42,3,28.81,2024-11-23,No,0,0,86.42
TXN13241,BNPL5685,Regular User,2024-06-20,2024-06,Afterpay,"Fast Fashion (Shein, Temu, ASOS)",58.17,4,14.54,2024-08-15,No,0,0,58.17
TXN13242,BNPL5685,Regular User,2024-02-28,2024-02,Afterpay,Beauty and Skincare,93.44,4,23.36,2024-04-24,Yes,2,16.0,109.44
TXN13243,BNPL5685,Regular User,2024-09-24,2024-09,PayBright,Beauty and Skincare,79.87,4,19.97,2024-11-19,No,0,0,79.87
TXN13244,BNPL5686,Occasional User,2024-05-16,2024-05,Klarna,"Fast Fashion (Shein, Temu, ASOS)",53.99,3,18.0,2024-06-27,No,0,0,53.99
TXN13245,BNPL5686,Occasional User,2024-01-11,2024-01,Klarna,Footwear,112.12,3,37.37,2024-02-22,No,0,0,112.12
TXN13246,BNPL5686,Occasional User,2024-11-10,2024-11,Klarna,"Fast Fashion (Shein, Temu, ASOS)",61.25,6,10.21,2025-02-02,No,0,0,61.25
TXN13247,BNPL5687,Regular User,2024-10-11,2024-10,Sezzle,Footwear,126.75,4,31.69,2024-12-06,No,0,0,126.75
TXN13248,BNPL5687,Regular User,2024-09-25,2024-09,Klarna,Electronics and Tech,231.24,6,38.54,2024-12-18,No,0,0,231.24
TXN13249,BNPL5687,Regular User,2024-03-19,2024-03,Klarna,Beauty and Skincare,76.37,4,19.09,2024-05-14,No,0,0,76.37
TXN13250,BNPL5687,Regular User,2024-06-28,2024-06,Afterpay,Footwear,138.2,3,46.07,2024-08-09,No,0,0,138.2
TXN13251,BNPL5687,Regular User,2024-05-29,2024-05,PayBright,Footwear,92.88,4,23.22,2024-07-24,No,0,0,92.88
TXN13252,BNPL5687,Regular User,2024-07-10,2024-07,Afterpay,Footwear,151.79,4,37.95,2024-09-04,No,0,0,151.79
TXN13253,BNPL5688,High Exposure User,2024-06-05,2024-06,Afterpay,Beauty and Skincare,93.83,4,23.46,2024-07-31,No,0,0,93.83
TXN13254,BNPL5688,High Exposure User,2024-10-12,2024-10,Afterpay,Electronics and Tech,298.21,6,49.7,2025-01-04,No,0,0,298.21
TXN13255,BNPL5688,High Exposure User,2024-03-04,2024-03,Klarna,"Fast Fashion (Shein, Temu, ASOS)",55.83,6,9.3,2024-05-27,No,0,0,55.83
TXN13256,BNPL5688,High Exposure User,2024-03-13,2024-03,Klarna,Beauty and Skincare,72.21,4,18.05,2024-05-08,Yes,1,8.0,80.21
TXN13257,BNPL5688,High Exposure User,2024-10-13,2024-10,Afterpay,"Fast Fashion (Shein, Temu, ASOS)",55.85,6,9.31,2025-01-05,Yes,1,8.0,63.85
TXN13258,BNPL5688,High Exposure User,2024-11-06,2024-11,Klarna,Sporting Goods,168.2,4,42.05,2025-01-01,No,0,0,168.2
TXN13259,BNPL5688,High Exposure User,2024-04-17,2024-04,Afterpay,Beauty and Skincare,67.71,4,16.93,2024-06-12,No,0,0,67.71
TXN13260,BNPL5688,High Exposure User,2024-06-03,2024-06,PayBright,Footwear,63.51,3,21.17,2024-07-15,Yes,1,8.0,71.51
TXN13261,BNPL5688,High Exposure User,2024-12-28,2024-12,Afterpay,Beauty and Skincare,96.81,4,24.2,2025-02-22,Yes,2,16.0,112.81
TXN13262,BNPL5688,High Exposure User,2024-04-09,2024-04,Klarna,Footwear,122.71,4,30.68,2024-06-04,Yes,1,8.0,130.71
TXN13263,BNPL5688,High Exposure User,2024-05-17,2024-05,Sezzle,"Fast Fashion (Shein, Temu, ASOS)",56.57,4,14.14,2024-07-12,No,0,0,56.57
TXN13264,BNPL5688,High Exposure User,2024-05-19,2024-05,Afterpay,"Fast Fashion (Shein, Temu, ASOS)",78.36,4,19.59,2024-07-14,No,0,0,78.36
TXN13265,BNPL5688,High Exposure User,2024-11-21,2024-11,Klarna,Beauty and Skincare,81.95,6,13.66,2025-02-13,No,0,0,81.95
TXN13266,BNPL5688,High Exposure User,2024-03-13,2024-03,Sezzle,Electronics and Tech,207.28,4,51.82,2024-05-08,No,0,0,207.28
TXN13267,BNPL5689,Occasional User,2024-04-03,2024-04,Sezzle,Beauty and Skincare,104.16,4,26.04,2024-05-29,No,0,0,104.16
TXN13268,BNPL5689,Occasional User,2024-07-14,2024-07,Sezzle,"Fast Fashion (Shein, Temu, ASOS)",64.13,3,21.38,2024-08-25,No,0,0,64.13
TXN13269,BNPL5689,Occasional User,2024-08-02,2024-08,Paidy,Footwear,145.93,4,36.48,2024-09-27,No,0,0,145.93
TXN13270,BNPL5690,Occasional User,2024-11-14,2024-11,Klarna,Sporting Goods,135.11,4,33.78,2025-01-09,No,0,0,135.11
TXN13271,BNPL5690,Occasional User,2024-03-13,2024-03,PayBright,Electronics and Tech,254.51,4,63.63,2024-05-08,No,0,0,254.51
TXN13272,BNPL5690,Occasional User,2024-12-27,2024-12,Klarna,"Fast Fashion (Shein, Temu, ASOS)",70.35,4,17.59,2025-02-21,No,0,0,70.35
TXN13273,BNPL5691,Occasional User,2024-01-08,2024-01,PayBright,Sporting Goods,183.77,3,61.26,2024-02-19,No,0,0,183.77
TXN13274,BNPL5692,Occasional User,2024-04-27,2024-04,Paidy,Footwear,82.08,6,13.68,2024-07-20,No,0,0,82.08
TXN13275,BNPL5693,Occasional User,2024-04-29,2024-04,Afterpay,Home and Furniture,246.1,4,61.52,2024-06-24,No,0,0,246.1
TXN13276,BNPL5693,Occasional User,2024-03-23,2024-03,Afterpay,"Fast Fashion (Shein, Temu, ASOS)",96.51,4,24.13,2024-05-18,No,0,0,96.51
TXN13277,BNPL5693,Occasional User,2024-10-03,2024-10,PayBright,Sporting Goods,223.61,4,55.9,2024-11-28,No,0,0,223.61
TXN13278,BNPL5694,Regular User,2024-08-02,2024-08,Klarna,"Fast Fashion (Shein, Temu, ASOS)",59.53,3,19.84,2024-09-13,Yes,1,8.0,67.53
TXN13279,BNPL5694,Regular User,2024-12-21,2024-12,Afterpay,Footwear,124.21,6,20.7,2025-03-15,No,0,0,124.21
TXN13280,BNPL5694,Regular User,2024-03-13,2024-03,Sezzle,Beauty and Skincare,49.22,3,16.41,2024-04-24,No,0,0,49.22
TXN13281,BNPL5694,Regular User,2024-12-19,2024-12,Afterpay,"Fast Fashion (Shein, Temu, ASOS)",47.19,4,11.8,2025-02-13,No,0,0,47.19
TXN13282,BNPL5694,Regular User,2024-08-14,2024-08,Afterpay,"Fast Fashion (Shein, Temu, ASOS)",51.57,4,12.89,2024-10-09,No,0,0,51.57
TXN13283,BNPL5694,Regular User,2024-02-26,2024-02,Sezzle,Beauty and Skincare,70.86,3,23.62,2024-04-08,No,0,0,70.86
TXN13284,BNPL5694,Regular User,2024-02-17,2024-02,Afterpay,"Fast Fashion (Shein, Temu, ASOS)",53.21,4,13.3,2024-04-13,No,0,0,53.21
TXN13285,BNPL5694,Regular User,2024-12-19,2024-12,Paidy,Electronics and Tech,336.14,4,84.03,2025-02-13,No,0,0,336.14
TXN13286,BNPL5695,Occasional User,2024-12-23,2024-12,Klarna,Beauty and Skincare,126.81,3,42.27,2025-02-03,No,0,0,126.81
TXN13287,BNPL5695,Occasional User,2024-10-27,2024-10,PayBright,Beauty and Skincare,86.29,6,14.38,2025-01-19,No,0,0,86.29
TXN13288,BNPL5696,Occasional User,2024-11-21,2024-11,Klarna,Footwear,152.72,4,38.18,2025-01-16,No,0,0,152.72
TXN13289,BNPL5696,Occasional User,2024-06-17,2024-06,Sezzle,Electronics and Tech,218.66,4,54.66,2024-08-12,No,0,0,218.66
TXN13290,BNPL5696,Occasional User,2024-07-07,2024-07,Afterpay,Footwear,155.49,6,25.92,2024-09-29,No,0,0,155.49
TXN13291,BNPL5697,Regular User,2024-08-07,2024-08,Klarna,Beauty and Skincare,77.02,6,12.84,2024-10-30,No,0,0,77.02
TXN13292,BNPL5697,Regular User,2024-04-09,2024-04,PayBright,Electronics and Tech,220.5,4,55.12,2024-06-04,No,0,0,220.5
TXN13293,BNPL5697,Regular User,2024-11-27,2024-11,PayBright,Beauty and Skincare,80.65,4,20.16,2025-01-22,No,0,0,80.65
TXN13294,BNPL5697,Regular User,2024-08-22,2024-08,Afterpay,Beauty and Skincare,96.91,4,24.23,2024-10-17,No,0,0,96.91
TXN13295,BNPL5697,Regular User,2024-10-18,2024-10,Afterpay,Sporting Goods,228.71,4,57.18,2024-12-13,No,0,0,228.71
TXN13296,BNPL5697,Regular User,2024-04-08,2024-04,Afterpay,"Fast Fashion (Shein, Temu, ASOS)",54.8,3,18.27,2024-05-20,No,0,0,54.8
TXN13297,BNPL5698,Regular User,2024-03-01,2024-03,PayBright,Footwear,111.76,4,27.94,2024-04-26,No,0,0,111.76
TXN13298,BNPL5698,Regular User,2024-06-26,2024-06,Afterpay,"Fast Fashion (Shein, Temu, ASOS)",34.39,4,8.6,2024-08-21,No,0,0,34.39
TXN13299,BNPL5698,Regular User,2024-12-14,2024-12,PayBright,Sporting Goods,118.9,6,19.82,2025-03-08,No,0,0,118.9
TXN13300,BNPL5698,Regular User,2024-06-21,2024-06,Paidy,Sporting Goods,162.78,3,54.26,2024-08-02,No,0,0,162.78
TXN13301,BNPL5698,Regular User,2024-01-31,2024-01,Afterpay,Home and Furniture,259.94,4,64.98,2024-03-27,No,0,0,259.94
TXN13302,BNPL5698,Regular User,2024-08-12,2024-08,Afterpay,Footwear,138.2,3,46.07,2024-09-23,No,0,0,138.2
TXN13303,BNPL5699,Regular User,2024-12-29,2024-12,Afterpay,Footwear,107.21,4,26.8,2025-02-23,No,0,0,107.21
TXN13304,BNPL5699,Regular User,2024-12-09,2024-12,Sezzle,Beauty and Skincare,85.52,6,14.25,2025-03-03,Yes,1,8.0,93.52
TXN13305,BNPL5699,Regular User,2024-10-03,2024-10,Afterpay,"Fast Fashion (Shein, Temu, ASOS)",37.05,4,9.26,2024-11-28,No,0,0,37.05
TXN13306,BNPL5699,Regular User,2024-10-24,2024-10,Paidy,"Fast Fashion (Shein, Temu, ASOS)",43.57,4,10.89,2024-12-19,No,0,0,43.57
TXN13307,BNPL5699,Regular User,2024-01-23,2024-01,Klarna,Home and Furniture,324.64,4,81.16,2024-03-19,No,0,0,324.64
TXN13308,BNPL5699,Regular User,2024-03-20,2024-03,Afterpay,Footwear,96.47,3,32.16,2024-05-01,Yes,2,16.0,112.47
TXN13309,BNPL5699,Regular User,2024-10-27,2024-10,Paidy,"Fast Fashion (Shein, Temu, ASOS)",90.24,4,22.56,2024-12-22,Yes,1,8.0,98.24
TXN13310,BNPL5700,Regular User,2024-06-03,2024-06,Sezzle,"Fast Fashion (Shein, Temu, ASOS)",38.27,3,12.76,2024-07-15,No,0,0,38.27
TXN13311,BNPL5700,Regular User,2024-04-13,2024-04,Afterpay,"Fast Fashion (Shein, Temu, ASOS)",45.86,4,11.46,2024-06-08,No,0,0,45.86
TXN13312,BNPL5700,Regular User,2024-12-04,2024-12,Klarna,Electronics and Tech,91.59,6,15.27,2025-02-26,No,0,0,91.59
TXN13313,BNPL5700,Regular User,2024-08-18,2024-08,Afterpay,"Fast Fashion (Shein, Temu, ASOS)",71.95,3,23.98,2024-09-29,No,0,0,71.95
TXN13314,BNPL5700,Regular User,2024-11-03,2024-11,Klarna,"Fast Fashion (Shein, Temu, ASOS)",63.76,3,21.25,2024-12-15,Yes,2,16.0,79.76
TXN13315,BNPL5701,Occasional User,2024-09-05,2024-09,Afterpay,"Fast Fashion (Shein, Temu, ASOS)",39.52,3,13.17,2024-10-17,No,0,0,39.52
TXN13316,BNPL5702,Occasional User,2024-12-09,2024-12,Afterpay,Footwear,124.16,4,31.04,2025-02-03,No,0,0,124.16
TXN13317,BNPL5703,High Exposure User,2024-07-05,2024-07,Klarna,Electronics and Tech,257.68,4,64.42,2024-08-30,Yes,1,8.0,265.68
TXN13318,BNPL5703,High Exposure User,2024-11-09,2024-11,Sezzle,Sporting Goods,192.52,4,48.13,2025-01-04,Yes,1,8.0,200.52
TXN13319,BNPL5703,High Exposure User,2024-06-27,2024-06,Sezzle,Electronics and Tech,387.93,4,96.98,2024-08-22,No,0,0,387.93
TXN13320,BNPL5703,High Exposure User,2024-11-26,2024-11,Afterpay,Electronics and Tech,267.38,4,66.84,2025-01-21,No,0,0,267.38
TXN13321,BNPL5703,High Exposure User,2024-11-22,2024-11,Afterpay,Footwear,123.72,4,30.93,2025-01-17,Yes,1,8.0,131.72
TXN13322,BNPL5703,High Exposure User,2024-03-22,2024-03,Afterpay,Footwear,123.58,3,41.19,2024-05-03,No,0,0,123.58
TXN13323,BNPL5703,High Exposure User,2024-12-08,2024-12,Klarna,Electronics and Tech,371.31,3,123.77,2025-01-19,No,0,0,371.31
TXN13324,BNPL5703,High Exposure User,2024-12-15,2024-12,Afterpay,Beauty and Skincare,76.62,3,25.54,2025-01-26,No,0,0,76.62
TXN13325,BNPL5703,High Exposure User,2024-09-08,2024-09,Afterpay,Footwear,120.67,3,40.22,2024-10-20,No,0,0,120.67
TXN13326,BNPL5703,High Exposure User,2024-10-05,2024-10,Afterpay,Home and Furniture,373.08,6,62.18,2024-12-28,Yes,2,16.0,389.08
TXN13327,BNPL5703,High Exposure User,2024-03-07,2024-03,Sezzle,"Fast Fashion (Shein, Temu, ASOS)",77.77,4,19.44,2024-05-02,No,0,0,77.77
TXN13328,BNPL5703,High Exposure User,2024-08-06,2024-08,PayBright,Footwear,115.38,4,28.84,2024-10-01,No,0,0,115.38
TXN13329,BNPL5703,High Exposure User,2024-08-28,2024-08,Afterpay,Beauty and Skincare,70.0,4,17.5,2024-10-23,No,0,0,70.0
TXN13330,BNPL5703,High Exposure User,2024-02-20,2024-02,Klarna,Home and Furniture,241.79,4,60.45,2024-04-16,No,0,0,241.79
TXN13331,BNPL5703,High Exposure User,2024-03-11,2024-03,Klarna,Sporting Goods,84.66,4,21.16,2024-05-06,No,0,0,84.66
TXN13332,BNPL5703,High Exposure User,2024-12-13,2024-12,Sezzle,Home and Furniture,257.61,4,64.4,2025-02-07,No,0,0,257.61
TXN13333,BNPL5703,High Exposure User,2024-05-19,2024-05,Klarna,Beauty and Skincare,35.62,4,8.9,2024-07-14,No,0,0,35.62
TXN13334,BNPL5703,High Exposure User,2024-05-22,2024-05,Afterpay,Beauty and Skincare,90.94,4,22.73,2024-07-17,No,0,0,90.94
TXN13335,BNPL5703,High Exposure User,2024-08-21,2024-08,Afterpay,"Fast Fashion (Shein, Temu, ASOS)",50.62,4,12.65,2024-10-16,No,0,0,50.62
TXN13336,BNPL5704,Occasional User,2024-08-06,2024-08,Afterpay,"Fast Fashion (Shein, Temu, ASOS)",48.65,4,12.16,2024-10-01,No,0,0,48.65
TXN13337,BNPL5704,Occasional User,2024-10-12,2024-10,Klarna,Beauty and Skincare,50.83,4,12.71,2024-12-07,Yes,2,16.0,66.83
TXN13338,BNPL5705,Occasional User,2024-11-04,2024-11,Sezzle,Footwear,183.94,3,61.31,2024-12-16,No,0,0,183.94
TXN13339,BNPL5706,High Exposure User,2024-07-17,2024-07,Afterpay,"Fast Fashion (Shein, Temu, ASOS)",34.59,4,8.65,2024-09-11,No,0,0,34.59
TXN13340,BNPL5706,High Exposure User,2024-09-05,2024-09,Klarna,Home and Furniture,417.38,3,139.13,2024-10-17,Yes,1,8.0,425.38
TXN13341,BNPL5706,High Exposure User,2024-11-04,2024-11,Sezzle,"Fast Fashion (Shein, Temu, ASOS)",25,3,8.33,2024-12-16,No,0,0,25
TXN13342,BNPL5706,High Exposure User,2024-06-26,2024-06,Klarna,"Fast Fashion (Shein, Temu, ASOS)",34.21,3,11.4,2024-08-07,No,0,0,34.21
TXN13343,BNPL5706,High Exposure User,2024-06-09,2024-06,Klarna,"Fast Fashion (Shein, Temu, ASOS)",46.22,6,7.7,2024-09-01,No,0,0,46.22
TXN13344,BNPL5706,High Exposure User,2024-12-27,2024-12,Paidy,Home and Furniture,278.89,4,69.72,2025-02-21,No,0,0,278.89
TXN13345,BNPL5706,High Exposure User,2024-11-09,2024-11,Afterpay,Sporting Goods,210.77,4,52.69,2025-01-04,No,0,0,210.77
TXN13346,BNPL5706,High Exposure User,2024-07-06,2024-07,Klarna,Electronics and Tech,364.19,4,91.05,2024-08-31,No,0,0,364.19
TXN13347,BNPL5706,High Exposure User,2024-04-02,2024-04,Sezzle,Footwear,128.37,3,42.79,2024-05-14,Yes,2,16.0,144.37
TXN13348,BNPL5706,High Exposure User,2024-02-02,2024-02,PayBright,Footwear,116.71,4,29.18,2024-03-29,Yes,2,16.0,132.71
TXN13349,BNPL5706,High Exposure User,2024-01-27,2024-01,PayBright,"Fast Fashion (Shein, Temu, ASOS)",47.46,4,11.87,2024-03-23,Yes,2,16.0,63.46
TXN13350,BNPL5706,High Exposure User,2024-01-18,2024-01,Afterpay,"Fast Fashion (Shein, Temu, ASOS)",61.78,4,15.45,2024-03-14,No,0,0,61.78
TXN13351,BNPL5706,High Exposure User,2024-02-25,2024-02,Paidy,"Fast Fashion (Shein, Temu, ASOS)",33.42,6,5.57,2024-05-19,No,0,0,33.42
TXN13352,BNPL5707,High Exposure User,2024-05-24,2024-05,Afterpay,Electronics and Tech,416.89,6,69.48,2024-08-16,No,0,0,416.89
TXN13353,BNPL5707,High Exposure User,2024-03-10,2024-03,Afterpay,Footwear,109.12,4,27.28,2024-05-05,Yes,1,8.0,117.12
TXN13354,BNPL5707,High Exposure User,2024-05-28,2024-05,Klarna,Beauty and Skincare,55.03,4,13.76,2024-07-23,No,0,0,55.03
TXN13355,BNPL5707,High Exposure User,2024-05-29,2024-05,Sezzle,Home and Furniture,316.15,4,79.04,2024-07-24,Yes,2,16.0,332.15
TXN13356,BNPL5707,High Exposure User,2024-03-26,2024-03,Sezzle,"Fast Fashion (Shein, Temu, ASOS)",62.09,4,15.52,2024-05-21,No,0,0,62.09
TXN13357,BNPL5707,High Exposure User,2024-11-18,2024-11,Sezzle,Footwear,129.75,4,32.44,2025-01-13,Yes,1,8.0,137.75
TXN13358,BNPL5707,High Exposure User,2024-01-22,2024-01,PayBright,Electronics and Tech,244.53,3,81.51,2024-03-04,No,0,0,244.53
TXN13359,BNPL5707,High Exposure User,2024-01-14,2024-01,Klarna,Electronics and Tech,260.99,4,65.25,2024-03-10,Yes,1,8.0,268.99
TXN13360,BNPL5707,High Exposure User,2024-08-13,2024-08,Klarna,"Fast Fashion (Shein, Temu, ASOS)",71.38,3,23.79,2024-09-24,No,0,0,71.38
TXN13361,BNPL5707,High Exposure User,2024-06-07,2024-06,Sezzle,"Fast Fashion (Shein, Temu, ASOS)",55.53,6,9.26,2024-08-30,No,0,0,55.53
TXN13362,BNPL5707,High Exposure User,2024-06-27,2024-06,PayBright,"Fast Fashion (Shein, Temu, ASOS)",39.48,4,9.87,2024-08-22,Yes,1,8.0,47.48
TXN13363,BNPL5707,High Exposure User,2024-03-29,2024-03,Sezzle,Sporting Goods,212.79,3,70.93,2024-05-10,Yes,1,8.0,220.79
TXN13364,BNPL5707,High Exposure User,2024-07-30,2024-07,Klarna,"Fast Fashion (Shein, Temu, ASOS)",67.03,3,22.34,2024-09-10,No,0,0,67.03
TXN13365,BNPL5707,High Exposure User,2024-06-02,2024-06,Klarna,Footwear,187.68,4,46.92,2024-07-28,No,0,0,187.68
TXN13366,BNPL5707,High Exposure User,2024-09-04,2024-09,Klarna,Footwear,106.06,4,26.52,2024-10-30,No,0,0,106.06
TXN13367,BNPL5707,High Exposure User,2024-05-21,2024-05,Klarna,Home and Furniture,320.28,3,106.76,2024-07-02,No,0,0,320.28
TXN13368,BNPL5707,High Exposure User,2024-02-14,2024-02,Afterpay,Footwear,131.59,3,43.86,2024-03-27,No,0,0,131.59
TXN13369,BNPL5707,High Exposure User,2024-04-10,2024-04,Afterpay,"Fast Fashion (Shein, Temu, ASOS)",49.41,4,12.35,2024-06-05,No,0,0,49.41
TXN13370,BNPL5707,High Exposure User,2024-10-08,2024-10,Afterpay,Footwear,116.72,6,19.45,2024-12-31,No,0,0,116.72
TXN13371,BNPL5707,High Exposure User,2024-01-23,2024-01,Klarna,Electronics and Tech,289.36,4,72.34,2024-03-19,No,0,0,289.36
TXN13372,BNPL5707,High Exposure User,2024-09-17,2024-09,Afterpay,Beauty and Skincare,91.2,3,30.4,2024-10-29,No,0,0,91.2
TXN13373,BNPL5708,Regular User,2024-12-26,2024-12,Klarna,Footwear,193.96,4,48.49,2025-02-20,No,0,0,193.96
TXN13374,BNPL5708,Regular User,2024-02-20,2024-02,Sezzle,Home and Furniture,352.23,4,88.06,2024-04-16,No,0,0,352.23
TXN13375,BNPL5708,Regular User,2024-07-01,2024-07,PayBright,Footwear,137.72,4,34.43,2024-08-26,No,0,0,137.72
TXN13376,BNPL5708,Regular User,2024-02-06,2024-02,Afterpay,Home and Furniture,376.96,4,94.24,2024-04-02,No,0,0,376.96
TXN13377,BNPL5708,Regular User,2024-10-23,2024-10,Sezzle,Electronics and Tech,379.19,4,94.8,2024-12-18,Yes,1,8.0,387.19
TXN13378,BNPL5708,Regular User,2024-12-15,2024-12,Afterpay,Beauty and Skincare,106.46,6,17.74,2025-03-09,No,0,0,106.46
TXN13379,BNPL5708,Regular User,2024-06-14,2024-06,Afterpay,Sporting Goods,197.67,4,49.42,2024-08-09,No,0,0,197.67
TXN13380,BNPL5708,Regular User,2024-07-09,2024-07,Afterpay,Home and Furniture,314.05,3,104.68,2024-08-20,No,0,0,314.05
TXN13381,BNPL5708,Regular User,2024-02-06,2024-02,Klarna,"Fast Fashion (Shein, Temu, ASOS)",56.37,4,14.09,2024-04-02,No,0,0,56.37
TXN13382,BNPL5708,Regular User,2024-06-16,2024-06,PayBright,Electronics and Tech,359.82,6,59.97,2024-09-08,No,0,0,359.82
TXN13383,BNPL5708,Regular User,2024-09-07,2024-09,PayBright,Electronics and Tech,151.05,4,37.76,2024-11-02,No,0,0,151.05
TXN13384,BNPL5709,High Exposure User,2024-10-08,2024-10,Klarna,Beauty and Skincare,53.36,4,13.34,2024-12-03,No,0,0,53.36
TXN13385,BNPL5709,High Exposure User,2024-05-04,2024-05,Klarna,Electronics and Tech,306.15,4,76.54,2024-06-29,Yes,1,8.0,314.15
TXN13386,BNPL5709,High Exposure User,2024-08-14,2024-08,Klarna,Electronics and Tech,305.3,4,76.33,2024-10-09,Yes,2,16.0,321.3
TXN13387,BNPL5709,High Exposure User,2024-03-10,2024-03,Klarna,"Fast Fashion (Shein, Temu, ASOS)",60.35,3,20.12,2024-04-21,No,0,0,60.35
TXN13388,BNPL5709,High Exposure User,2024-05-12,2024-05,Klarna,Footwear,32.31,6,5.39,2024-08-04,No,0,0,32.31
TXN13389,BNPL5709,High Exposure User,2024-04-19,2024-04,Klarna,Home and Furniture,364.08,4,91.02,2024-06-14,No,0,0,364.08
TXN13390,BNPL5709,High Exposure User,2024-10-21,2024-10,PayBright,"Fast Fashion (Shein, Temu, ASOS)",62.45,4,15.61,2024-12-16,No,0,0,62.45
TXN13391,BNPL5709,High Exposure User,2024-10-25,2024-10,PayBright,"Fast Fashion (Shein, Temu, ASOS)",25,3,8.33,2024-12-06,No,0,0,25
TXN13392,BNPL5709,High Exposure User,2024-05-18,2024-05,Klarna,"Fast Fashion (Shein, Temu, ASOS)",25.62,4,6.41,2024-07-13,Yes,1,8.0,33.62
TXN13393,BNPL5709,High Exposure User,2024-06-09,2024-06,Paidy,"Fast Fashion (Shein, Temu, ASOS)",59.77,3,19.92,2024-07-21,No,0,0,59.77
TXN13394,BNPL5709,High Exposure User,2024-05-30,2024-05,Afterpay,Footwear,162.99,3,54.33,2024-07-11,Yes,2,16.0,178.99
TXN13395,BNPL5709,High Exposure User,2024-06-17,2024-06,Klarna,Beauty and Skincare,68.72,6,11.45,2024-09-09,No,0,0,68.72
TXN13396,BNPL5710,High Exposure User,2024-04-14,2024-04,Klarna,"Fast Fashion (Shein, Temu, ASOS)",68.76,4,17.19,2024-06-09,No,0,0,68.76
TXN13397,BNPL5710,High Exposure User,2024-10-07,2024-10,Afterpay,Beauty and Skincare,90.87,4,22.72,2024-12-02,Yes,2,16.0,106.87
TXN13398,BNPL5710,High Exposure User,2024-03-05,2024-03,Sezzle,"Fast Fashion (Shein, Temu, ASOS)",80.76,4,20.19,2024-04-30,Yes,2,16.0,96.76
TXN13399,BNPL5710,High Exposure User,2024-09-28,2024-09,Afterpay,"Fast Fashion (Shein, Temu, ASOS)",53.29,4,13.32,2024-11-23,Yes,1,8.0,61.29
TXN13400,BNPL5710,High Exposure User,2024-10-03,2024-10,Klarna,Sporting Goods,178.46,4,44.62,2024-11-28,No,0,0,178.46
TXN13401,BNPL5710,High Exposure User,2024-10-07,2024-10,Afterpay,Footwear,128.94,6,21.49,2024-12-30,Yes,1,8.0,136.94
TXN13402,BNPL5710,High Exposure User,2024-06-05,2024-06,PayBright,Electronics and Tech,186.16,4,46.54,2024-07-31,Yes,2,16.0,202.16
TXN13403,BNPL5710,High Exposure User,2024-11-04,2024-11,Afterpay,Beauty and Skincare,58.78,3,19.59,2024-12-16,No,0,0,58.78
TXN13404,BNPL5710,High Exposure User,2024-11-03,2024-11,Afterpay,"Fast Fashion (Shein, Temu, ASOS)",51.92,3,17.31,2024-12-15,Yes,1,8.0,59.92
TXN13405,BNPL5710,High Exposure User,2024-06-04,2024-06,Klarna,"Fast Fashion (Shein, Temu, ASOS)",68.36,4,17.09,2024-07-30,Yes,1,8.0,76.36
TXN13406,BNPL5710,High Exposure User,2024-11-14,2024-11,Klarna,Beauty and Skincare,73.84,3,24.61,2024-12-26,No,0,0,73.84
TXN13407,BNPL5710,High Exposure User,2024-02-11,2024-02,Klarna,"Fast Fashion (Shein, Temu, ASOS)",61.36,6,10.23,2024-05-05,No,0,0,61.36
TXN13408,BNPL5710,High Exposure User,2024-02-13,2024-02,Klarna,"Fast Fashion (Shein, Temu, ASOS)",35.13,6,5.86,2024-05-07,No,0,0,35.13
TXN13409,BNPL5710,High Exposure User,2024-11-17,2024-11,Sezzle,Home and Furniture,481.48,4,120.37,2025-01-12,No,0,0,481.48
TXN13410,BNPL5710,High Exposure User,2024-09-15,2024-09,Klarna,Sporting Goods,269.55,4,67.39,2024-11-10,No,0,0,269.55
TXN13411,BNPL5710,High Exposure User,2024-01-09,2024-01,Klarna,Footwear,99.94,4,24.98,2024-03-05,No,0,0,99.94
TXN13412,BNPL5711,Regular User,2024-05-11,2024-05,Paidy,Home and Furniture,435.9,4,108.97,2024-07-06,No,0,0,435.9
TXN13413,BNPL5711,Regular User,2024-03-24,2024-03,Klarna,Footwear,191.49,4,47.87,2024-05-19,No,0,0,191.49
TXN13414,BNPL5711,Regular User,2024-02-10,2024-02,Sezzle,Beauty and Skincare,87.75,4,21.94,2024-04-06,No,0,0,87.75
TXN13415,BNPL5711,Regular User,2024-11-04,2024-11,Afterpay,Electronics and Tech,345.86,6,57.64,2025-01-27,No,0,0,345.86
TXN13416,BNPL5711,Regular User,2024-01-26,2024-01,Afterpay,Home and Furniture,475.48,4,118.87,2024-03-22,No,0,0,475.48
TXN13417,BNPL5712,High Exposure User,2024-08-13,2024-08,Afterpay,Footwear,118.81,4,29.7,2024-10-08,No,0,0,118.81
TXN13418,BNPL5712,High Exposure User,2024-05-20,2024-05,Klarna,Electronics and Tech,185.59,3,61.86,2024-07-01,No,0,0,185.59
TXN13419,BNPL5712,High Exposure User,2024-06-15,2024-06,Sezzle,Home and Furniture,261.15,3,87.05,2024-07-27,No,0,0,261.15
TXN13420,BNPL5712,High Exposure User,2024-02-13,2024-02,Paidy,"Fast Fashion (Shein, Temu, ASOS)",63.94,4,15.98,2024-04-09,No,0,0,63.94
TXN13421,BNPL5712,High Exposure User,2024-12-29,2024-12,Paidy,Electronics and Tech,390.74,4,97.69,2025-02-23,No,0,0,390.74
TXN13422,BNPL5712,High Exposure User,2024-11-11,2024-11,Afterpay,"Fast Fashion (Shein, Temu, ASOS)",56.29,3,18.76,2024-12-23,Yes,2,16.0,72.29
TXN13423,BNPL5712,High Exposure User,2024-09-23,2024-09,Afterpay,"Fast Fashion (Shein, Temu, ASOS)",68.25,4,17.06,2024-11-18,No,0,0,68.25
TXN13424,BNPL5712,High Exposure User,2024-04-03,2024-04,Afterpay,Sporting Goods,248.86,3,82.95,2024-05-15,No,0,0,248.86
TXN13425,BNPL5712,High Exposure User,2024-02-12,2024-02,Paidy,Footwear,157.71,6,26.29,2024-05-06,No,0,0,157.71
TXN13426,BNPL5712,High Exposure User,2024-01-04,2024-01,Sezzle,"Fast Fashion (Shein, Temu, ASOS)",53.37,4,13.34,2024-02-29,No,0,0,53.37
TXN13427,BNPL5712,High Exposure User,2024-09-24,2024-09,Klarna,Beauty and Skincare,65.15,4,16.29,2024-11-19,No,0,0,65.15
TXN13428,BNPL5712,High Exposure User,2024-07-26,2024-07,PayBright,Beauty and Skincare,92.88,4,23.22,2024-09-20,Yes,2,16.0,108.88
TXN13429,BNPL5712,High Exposure User,2024-03-26,2024-03,Afterpay,Sporting Goods,184.05,4,46.01,2024-05-21,Yes,2,16.0,200.05
TXN13430,BNPL5712,High Exposure User,2024-04-30,2024-04,Sezzle,Beauty and Skincare,72.13,4,18.03,2024-06-25,No,0,0,72.13
TXN13431,BNPL5712,High Exposure User,2024-07-17,2024-07,Paidy,Beauty and Skincare,112.81,4,28.2,2024-09-11,No,0,0,112.81
TXN13432,BNPL5712,High Exposure User,2024-04-14,2024-04,Paidy,Beauty and Skincare,73.71,6,12.28,2024-07-07,No,0,0,73.71
TXN13433,BNPL5713,Regular User,2024-12-16,2024-12,Klarna,Footwear,79.04,4,19.76,2025-02-10,Yes,2,16.0,95.04
TXN13434,BNPL5713,Regular User,2024-06-20,2024-06,Klarna,Footwear,63.84,6,10.64,2024-09-12,Yes,1,8.0,71.84
TXN13435,BNPL5713,Regular User,2024-07-22,2024-07,Afterpay,Footwear,91.49,3,30.5,2024-09-02,No,0,0,91.49
TXN13436,BNPL5713,Regular User,2024-10-20,2024-10,PayBright,"Fast Fashion (Shein, Temu, ASOS)",59.76,4,14.94,2024-12-15,No,0,0,59.76
TXN13437,BNPL5713,Regular User,2024-07-06,2024-07,Afterpay,Beauty and Skincare,96.8,4,24.2,2024-08-31,Yes,2,16.0,112.8
TXN13438,BNPL5713,Regular User,2024-12-06,2024-12,Afterpay,Electronics and Tech,295.12,3,98.37,2025-01-17,No,0,0,295.12
TXN13439,BNPL5714,Regular User,2024-10-12,2024-10,Afterpay,Footwear,102.03,4,25.51,2024-12-07,No,0,0,102.03
TXN13440,BNPL5714,Regular User,2024-09-28,2024-09,Afterpay,Electronics and Tech,302.36,6,50.39,2024-12-21,No,0,0,302.36
TXN13441,BNPL5714,Regular User,2024-06-07,2024-06,PayBright,"Fast Fashion (Shein, Temu, ASOS)",82.78,6,13.8,2024-08-30,No,0,0,82.78
TXN13442,BNPL5714,Regular User,2024-01-27,2024-01,PayBright,"Fast Fashion (Shein, Temu, ASOS)",48.27,4,12.07,2024-03-23,No,0,0,48.27
TXN13443,BNPL5714,Regular User,2024-04-22,2024-04,Sezzle,Home and Furniture,487.27,4,121.82,2024-06-17,No,0,0,487.27
TXN13444,BNPL5714,Regular User,2024-07-06,2024-07,Klarna,Footwear,110.26,4,27.57,2024-08-31,Yes,1,8.0,118.26
TXN13445,BNPL5714,Regular User,2024-01-25,2024-01,Sezzle,Footwear,174.24,3,58.08,2024-03-07,No,0,0,174.24
TXN13446,BNPL5714,Regular User,2024-12-22,2024-12,Sezzle,Beauty and Skincare,58.2,6,9.7,2025-03-16,No,0,0,58.2
TXN13447,BNPL5715,Occasional User,2024-08-08,2024-08,Klarna,"Fast Fashion (Shein, Temu, ASOS)",55.03,4,13.76,2024-10-03,No,0,0,55.03
TXN13448,BNPL5715,Occasional User,2024-03-10,2024-03,Klarna,"Fast Fashion (Shein, Temu, ASOS)",44.84,3,14.95,2024-04-21,No,0,0,44.84
TXN13449,BNPL5716,High Exposure User,2024-05-13,2024-05,Afterpay,"Fast Fashion (Shein, Temu, ASOS)",65.74,3,21.91,2024-06-24,No,0,0,65.74
TXN13450,BNPL5716,High Exposure User,2024-05-13,2024-05,Afterpay,Beauty and Skincare,91.21,4,22.8,2024-07-08,No,0,0,91.21
TXN13451,BNPL5716,High Exposure User,2024-07-23,2024-07,Afterpay,Sporting Goods,177.06,4,44.27,2024-09-17,No,0,0,177.06
TXN13452,BNPL5716,High Exposure User,2024-11-12,2024-11,Klarna,Beauty and Skincare,95.24,3,31.75,2024-12-24,No,0,0,95.24
TXN13453,BNPL5716,High Exposure User,2024-01-11,2024-01,Klarna,"Fast Fashion (Shein, Temu, ASOS)",68.73,6,11.46,2024-04-04,Yes,2,16.0,84.73
TXN13454,BNPL5716,High Exposure User,2024-06-16,2024-06,Afterpay,"Fast Fashion (Shein, Temu, ASOS)",66.42,4,16.61,2024-08-11,No,0,0,66.42
TXN13455,BNPL5716,High Exposure User,2024-04-02,2024-04,Afterpay,Sporting Goods,207.25,4,51.81,2024-05-28,No,0,0,207.25
TXN13456,BNPL5716,High Exposure User,2024-06-08,2024-06,Paidy,Footwear,77.79,3,25.93,2024-07-20,No,0,0,77.79
TXN13457,BNPL5717,Regular User,2024-11-28,2024-11,Afterpay,Beauty and Skincare,57.69,4,14.42,2025-01-23,Yes,1,8.0,65.69
TXN13458,BNPL5717,Regular User,2024-04-07,2024-04,Klarna,"Fast Fashion (Shein, Temu, ASOS)",63.81,4,15.95,2024-06-02,No,0,0,63.81
TXN13459,BNPL5717,Regular User,2024-06-12,2024-06,Afterpay,"Fast Fashion (Shein, Temu, ASOS)",81.86,4,20.46,2024-08-07,No,0,0,81.86
TXN13460,BNPL5717,Regular User,2024-11-04,2024-11,Afterpay,"Fast Fashion (Shein, Temu, ASOS)",57.65,4,14.41,2024-12-30,No,0,0,57.65
TXN13461,BNPL5717,Regular User,2024-12-18,2024-12,Klarna,"Fast Fashion (Shein, Temu, ASOS)",86.91,6,14.48,2025-03-12,No,0,0,86.91
TXN13462,BNPL5717,Regular User,2024-04-21,2024-04,Afterpay,Sporting Goods,154.47,4,38.62,2024-06-16,No,0,0,154.47
TXN13463,BNPL5717,Regular User,2024-06-09,2024-06,Afterpay,"Fast Fashion (Shein, Temu, ASOS)",57.25,4,14.31,2024-08-04,No,0,0,57.25
TXN13464,BNPL5718,Regular User,2024-06-25,2024-06,Afterpay,"Fast Fashion (Shein, Temu, ASOS)",62.36,6,10.39,2024-09-17,No,0,0,62.36
TXN13465,BNPL5718,Regular User,2024-01-23,2024-01,Sezzle,Beauty and Skincare,126.2,3,42.07,2024-03-05,No,0,0,126.2
TXN13466,BNPL5718,Regular User,2024-01-21,2024-01,Sezzle,Footwear,190.4,4,47.6,2024-03-17,No,0,0,190.4
TXN13467,BNPL5718,Regular User,2024-01-25,2024-01,Afterpay,Home and Furniture,311.92,4,77.98,2024-03-21,No,0,0,311.92
TXN13468,BNPL5718,Regular User,2024-12-06,2024-12,PayBright,"Fast Fashion (Shein, Temu, ASOS)",72.45,3,24.15,2025-01-17,Yes,1,8.0,80.45
TXN13469,BNPL5718,Regular User,2024-08-28,2024-08,Klarna,Home and Furniture,325.19,6,54.2,2024-11-20,No,0,0,325.19
TXN13470,BNPL5718,Regular User,2024-03-20,2024-03,Afterpay,Home and Furniture,395.19,4,98.8,2024-05-15,No,0,0,395.19
TXN13471,BNPL5718,Regular User,2024-11-03,2024-11,PayBright,"Fast Fashion (Shein, Temu, ASOS)",57.31,4,14.33,2024-12-29,No,0,0,57.31
TXN13472,BNPL5718,Regular User,2024-05-26,2024-05,Afterpay,Footwear,130.09,4,32.52,2024-07-21,No,0,0,130.09
TXN13473,BNPL5718,Regular User,2024-05-24,2024-05,Sezzle,"Fast Fashion (Shein, Temu, ASOS)",61.54,4,15.38,2024-07-19,No,0,0,61.54
TXN13474,BNPL5719,Occasional User,2024-04-05,2024-04,Paidy,Sporting Goods,314.39,4,78.6,2024-05-31,No,0,0,314.39
TXN13475,BNPL5720,High Exposure User,2024-11-17,2024-11,Klarna,Beauty and Skincare,42.98,3,14.33,2024-12-29,No,0,0,42.98
TXN13476,BNPL5720,High Exposure User,2024-03-07,2024-03,PayBright,"Fast Fashion (Shein, Temu, ASOS)",39.4,3,13.13,2024-04-18,No,0,0,39.4
TXN13477,BNPL5720,High Exposure User,2024-02-27,2024-02,Klarna,"Fast Fashion (Shein, Temu, ASOS)",30.84,3,10.28,2024-04-09,No,0,0,30.84
TXN13478,BNPL5720,High Exposure User,2024-05-18,2024-05,Afterpay,"Fast Fashion (Shein, Temu, ASOS)",54.51,6,9.08,2024-08-10,No,0,0,54.51
TXN13479,BNPL5720,High Exposure User,2024-05-25,2024-05,Sezzle,Home and Furniture,373.53,4,93.38,2024-07-20,No,0,0,373.53
TXN13480,BNPL5720,High Exposure User,2024-04-21,2024-04,Sezzle,"Fast Fashion (Shein, Temu, ASOS)",54.89,4,13.72,2024-06-16,Yes,2,16.0,70.89
TXN13481,BNPL5720,High Exposure User,2024-09-21,2024-09,Klarna,Electronics and Tech,211.4,6,35.23,2024-12-14,Yes,2,16.0,227.4
TXN13482,BNPL5720,High Exposure User,2024-11-16,2024-11,Sezzle,"Fast Fashion (Shein, Temu, ASOS)",64.89,3,21.63,2024-12-28,No,0,0,64.89
TXN13483,BNPL5720,High Exposure User,2024-08-26,2024-08,Klarna,Electronics and Tech,232.34,3,77.45,2024-10-07,Yes,1,8.0,240.34
TXN13484,BNPL5720,High Exposure User,2024-03-28,2024-03,Sezzle,Home and Furniture,423.54,4,105.89,2024-05-23,No,0,0,423.54
TXN13485,BNPL5720,High Exposure User,2024-09-06,2024-09,Klarna,"Fast Fashion (Shein, Temu, ASOS)",51.79,4,12.95,2024-11-01,No,0,0,51.79
TXN13486,BNPL5720,High Exposure User,2024-09-10,2024-09,Sezzle,"Fast Fashion (Shein, Temu, ASOS)",45.95,4,11.49,2024-11-05,No,0,0,45.95
TXN13487,BNPL5720,High Exposure User,2024-07-21,2024-07,Sezzle,"Fast Fashion (Shein, Temu, ASOS)",43.42,4,10.86,2024-09-15,Yes,2,16.0,59.42
TXN13488,BNPL5721,Regular User,2024-11-06,2024-11,PayBright,Sporting Goods,124.83,6,20.8,2025-01-29,No,0,0,124.83
TXN13489,BNPL5721,Regular User,2024-06-28,2024-06,Afterpay,"Fast Fashion (Shein, Temu, ASOS)",71.7,6,11.95,2024-09-20,No,0,0,71.7
TXN13490,BNPL5721,Regular User,2024-09-28,2024-09,Afterpay,"Fast Fashion (Shein, Temu, ASOS)",45.26,3,15.09,2024-11-09,No,0,0,45.26
TXN13491,BNPL5721,Regular User,2024-03-12,2024-03,PayBright,"Fast Fashion (Shein, Temu, ASOS)",75.4,4,18.85,2024-05-07,No,0,0,75.4
TXN13492,BNPL5721,Regular User,2024-08-24,2024-08,Afterpay,Beauty and Skincare,59.99,6,10.0,2024-11-16,No,0,0,59.99
TXN13493,BNPL5721,Regular User,2024-01-11,2024-01,Klarna,"Fast Fashion (Shein, Temu, ASOS)",56.38,4,14.1,2024-03-07,No,0,0,56.38
TXN13494,BNPL5721,Regular User,2024-11-19,2024-11,PayBright,"Fast Fashion (Shein, Temu, ASOS)",84.09,4,21.02,2025-01-14,No,0,0,84.09
TXN13495,BNPL5721,Regular User,2024-01-16,2024-01,PayBright,Footwear,142.48,6,23.75,2024-04-09,No,0,0,142.48
TXN13496,BNPL5722,Occasional User,2024-11-23,2024-11,Afterpay,"Fast Fashion (Shein, Temu, ASOS)",53.56,4,13.39,2025-01-18,No,0,0,53.56
TXN13497,BNPL5723,Occasional User,2024-01-20,2024-01,Klarna,Home and Furniture,359.8,3,119.93,2024-03-02,No,0,0,359.8
TXN13498,BNPL5723,Occasional User,2024-06-08,2024-06,PayBright,Footwear,84.1,4,21.02,2024-08-03,No,0,0,84.1
TXN13499,BNPL5723,Occasional User,2024-01-31,2024-01,Klarna,Beauty and Skincare,61.34,6,10.22,2024-04-24,No,0,0,61.34
TXN13500,BNPL5724,Occasional User,2024-08-04,2024-08,Sezzle,"Fast Fashion (Shein, Temu, ASOS)",64.2,6,10.7,2024-10-27,No,0,0,64.2
TXN13501,BNPL5725,Regular User,2024-06-18,2024-06,Afterpay,Footwear,158.09,6,26.35,2024-09-10,No,0,0,158.09
TXN13502,BNPL5725,Regular User,2024-10-18,2024-10,Afterpay,Footwear,148.11,4,37.03,2024-12-13,No,0,0,148.11
TXN13503,BNPL5725,Regular User,2024-07-25,2024-07,Afterpay,Beauty and Skincare,112.35,4,28.09,2024-09-19,No,0,0,112.35
TXN13504,BNPL5725,Regular User,2024-03-18,2024-03,Paidy,Beauty and Skincare,44.19,6,7.36,2024-06-10,No,0,0,44.19
TXN13505,BNPL5725,Regular User,2024-05-02,2024-05,PayBright,Beauty and Skincare,80.82,4,20.2,2024-06-27,No,0,0,80.82
TXN13506,BNPL5725,Regular User,2024-11-12,2024-11,Afterpay,Beauty and Skincare,81.01,4,20.25,2025-01-07,Yes,2,16.0,97.01
TXN13507,BNPL5725,Regular User,2024-04-14,2024-04,PayBright,Electronics and Tech,383.23,6,63.87,2024-07-07,No,0,0,383.23
TXN13508,BNPL5725,Regular User,2024-03-12,2024-03,Paidy,Beauty and Skincare,75.44,3,25.15,2024-04-23,No,0,0,75.44
TXN13509,BNPL5725,Regular User,2024-08-28,2024-08,PayBright,"Fast Fashion (Shein, Temu, ASOS)",94.66,4,23.66,2024-10-23,No,0,0,94.66
TXN13510,BNPL5726,Occasional User,2024-05-28,2024-05,Afterpay,Beauty and Skincare,82.76,6,13.79,2024-08-20,No,0,0,82.76
TXN13511,BNPL5726,Occasional User,2024-10-02,2024-10,Afterpay,Footwear,131.31,4,32.83,2024-11-27,No,0,0,131.31
TXN13512,BNPL5727,Regular User,2024-10-06,2024-10,Paidy,Electronics and Tech,289.16,4,72.29,2024-12-01,No,0,0,289.16
TXN13513,BNPL5727,Regular User,2024-04-15,2024-04,PayBright,Electronics and Tech,173.14,6,28.86,2024-07-08,No,0,0,173.14
TXN13514,BNPL5727,Regular User,2024-01-19,2024-01,Sezzle,"Fast Fashion (Shein, Temu, ASOS)",50.06,3,16.69,2024-03-01,No,0,0,50.06
TXN13515,BNPL5727,Regular User,2024-03-26,2024-03,Sezzle,"Fast Fashion (Shein, Temu, ASOS)",64.31,3,21.44,2024-05-07,Yes,1,8.0,72.31
TXN13516,BNPL5727,Regular User,2024-10-05,2024-10,Klarna,Electronics and Tech,255.59,4,63.9,2024-11-30,No,0,0,255.59
TXN13517,BNPL5727,Regular User,2024-09-05,2024-09,Sezzle,Home and Furniture,391.53,6,65.25,2024-11-28,No,0,0,391.53
TXN13518,BNPL5727,Regular User,2024-07-19,2024-07,PayBright,"Fast Fashion (Shein, Temu, ASOS)",61.42,4,15.36,2024-09-13,No,0,0,61.42
TXN13519,BNPL5727,Regular User,2024-12-08,2024-12,Klarna,Footwear,65.62,4,16.41,2025-02-02,Yes,2,16.0,81.62
TXN13520,BNPL5727,Regular User,2024-10-02,2024-10,Afterpay,Footwear,110.92,4,27.73,2024-11-27,No,0,0,110.92
TXN13521,BNPL5727,Regular User,2024-08-12,2024-08,Afterpay,Electronics and Tech,194.74,4,48.69,2024-10-07,No,0,0,194.74
TXN13522,BNPL5728,Regular User,2024-04-30,2024-04,Paidy,Footwear,101.11,4,25.28,2024-06-25,No,0,0,101.11
TXN13523,BNPL5728,Regular User,2024-07-27,2024-07,Klarna,Electronics and Tech,298.95,4,74.74,2024-09-21,No,0,0,298.95
TXN13524,BNPL5728,Regular User,2024-10-15,2024-10,Klarna,"Fast Fashion (Shein, Temu, ASOS)",70.36,4,17.59,2024-12-10,No,0,0,70.36
TXN13525,BNPL5728,Regular User,2024-07-13,2024-07,Afterpay,"Fast Fashion (Shein, Temu, ASOS)",61.87,3,20.62,2024-08-24,No,0,0,61.87
TXN13526,BNPL5728,Regular User,2024-03-20,2024-03,Afterpay,Electronics and Tech,343.13,4,85.78,2024-05-15,Yes,1,8.0,351.13
TXN13527,BNPL5728,Regular User,2024-02-21,2024-02,Paidy,Beauty and Skincare,82.72,3,27.57,2024-04-03,No,0,0,82.72
TXN13528,BNPL5728,Regular User,2024-09-21,2024-09,Afterpay,"Fast Fashion (Shein, Temu, ASOS)",53.74,4,13.44,2024-11-16,No,0,0,53.74
TXN13529,BNPL5729,Regular User,2024-12-14,2024-12,Afterpay,Beauty and Skincare,80.72,6,13.45,2025-03-08,No,0,0,80.72
TXN13530,BNPL5729,Regular User,2024-06-05,2024-06,Klarna,Sporting Goods,210.07,4,52.52,2024-07-31,No,0,0,210.07
TXN13531,BNPL5729,Regular User,2024-04-08,2024-04,Sezzle,"Fast Fashion (Shein, Temu, ASOS)",71.33,6,11.89,2024-07-01,No,0,0,71.33
TXN13532,BNPL5729,Regular User,2024-06-08,2024-06,PayBright,Beauty and Skincare,78.49,4,19.62,2024-08-03,No,0,0,78.49
TXN13533,BNPL5729,Regular User,2024-12-08,2024-12,Klarna,"Fast Fashion (Shein, Temu, ASOS)",59.84,3,19.95,2025-01-19,No,0,0,59.84
TXN13534,BNPL5729,Regular User,2024-08-13,2024-08,Sezzle,"Fast Fashion (Shein, Temu, ASOS)",57.63,4,14.41,2024-10-08,No,0,0,57.63
TXN13535,BNPL5729,Regular User,2024-02-12,2024-02,Klarna,Home and Furniture,326.87,6,54.48,2024-05-06,Yes,2,16.0,342.87
TXN13536,BNPL5730,Occasional User,2024-10-30,2024-10,PayBright,"Fast Fashion (Shein, Temu, ASOS)",74.59,4,18.65,2024-12-25,No,0,0,74.59
TXN13537,BNPL5731,Occasional User,2024-04-20,2024-04,Afterpay,"Fast Fashion (Shein, Temu, ASOS)",45.45,3,15.15,2024-06-01,No,0,0,45.45
TXN13538,BNPL5731,Occasional User,2024-12-18,2024-12,PayBright,"Fast Fashion (Shein, Temu, ASOS)",64.93,4,16.23,2025-02-12,No,0,0,64.93
TXN13539,BNPL5731,Occasional User,2024-10-20,2024-10,PayBright,Home and Furniture,384.51,6,64.08,2025-01-12,No,0,0,384.51
TXN13540,BNPL5732,Regular User,2024-09-15,2024-09,Klarna,Footwear,110.13,6,18.36,2024-12-08,No,0,0,110.13
TXN13541,BNPL5732,Regular User,2024-09-01,2024-09,Afterpay,Beauty and Skincare,83.95,3,27.98,2024-10-13,No,0,0,83.95
TXN13542,BNPL5732,Regular User,2024-06-16,2024-06,Afterpay,Electronics and Tech,407.54,4,101.89,2024-08-11,No,0,0,407.54
TXN13543,BNPL5732,Regular User,2024-02-13,2024-02,Klarna,Footwear,153.28,4,38.32,2024-04-09,No,0,0,153.28
TXN13544,BNPL5732,Regular User,2024-09-04,2024-09,Sezzle,"Fast Fashion (Shein, Temu, ASOS)",76.93,4,19.23,2024-10-30,No,0,0,76.93
TXN13545,BNPL5732,Regular User,2024-05-11,2024-05,Afterpay,Electronics and Tech,222.71,4,55.68,2024-07-06,No,0,0,222.71
TXN13546,BNPL5732,Regular User,2024-09-07,2024-09,Afterpay,Beauty and Skincare,46.57,3,15.52,2024-10-19,No,0,0,46.57
TXN13547,BNPL5732,Regular User,2024-05-22,2024-05,Afterpay,Electronics and Tech,258.85,4,64.71,2024-07-17,No,0,0,258.85
TXN13548,BNPL5732,Regular User,2024-09-14,2024-09,Afterpay,"Fast Fashion (Shein, Temu, ASOS)",45.54,4,11.38,2024-11-09,Yes,2,16.0,61.54
TXN13549,BNPL5732,Regular User,2024-04-09,2024-04,Paidy,"Fast Fashion (Shein, Temu, ASOS)",60.49,4,15.12,2024-06-04,No,0,0,60.49
TXN13550,BNPL5732,Regular User,2024-08-09,2024-08,Sezzle,Beauty and Skincare,58.71,3,19.57,2024-09-20,No,0,0,58.71
TXN13551,BNPL5733,Regular User,2024-10-17,2024-10,Sezzle,Electronics and Tech,213.24,4,53.31,2024-12-12,No,0,0,213.24
TXN13552,BNPL5733,Regular User,2024-12-18,2024-12,Paidy,"Fast Fashion (Shein, Temu, ASOS)",66.54,4,16.64,2025-02-12,No,0,0,66.54
TXN13553,BNPL5733,Regular User,2024-01-27,2024-01,Klarna,Beauty and Skincare,98.24,3,32.75,2024-03-09,Yes,2,16.0,114.24
TXN13554,BNPL5733,Regular User,2024-11-26,2024-11,Afterpay,Electronics and Tech,236.57,3,78.86,2025-01-07,No,0,0,236.57
TXN13555,BNPL5733,Regular User,2024-01-17,2024-01,Afterpay,"Fast Fashion (Shein, Temu, ASOS)",47.83,4,11.96,2024-03-13,No,0,0,47.83
TXN13556,BNPL5733,Regular User,2024-02-26,2024-02,Klarna,"Fast Fashion (Shein, Temu, ASOS)",54.1,4,13.53,2024-04-22,No,0,0,54.1
TXN13557,BNPL5734,Regular User,2024-09-13,2024-09,Klarna,Home and Furniture,415.88,4,103.97,2024-11-08,No,0,0,415.88
TXN13558,BNPL5734,Regular User,2024-01-11,2024-01,Afterpay,Footwear,100.83,4,25.21,2024-03-07,No,0,0,100.83
TXN13559,BNPL5734,Regular User,2024-07-20,2024-07,Afterpay,"Fast Fashion (Shein, Temu, ASOS)",51.93,4,12.98,2024-09-14,No,0,0,51.93
TXN13560,BNPL5734,Regular User,2024-08-24,2024-08,Sezzle,Beauty and Skincare,55.59,4,13.9,2024-10-19,No,0,0,55.59
TXN13561,BNPL5734,Regular User,2024-09-02,2024-09,Klarna,Beauty and Skincare,78.91,4,19.73,2024-10-28,No,0,0,78.91
TXN13562,BNPL5734,Regular User,2024-07-07,2024-07,Klarna,Footwear,139.17,4,34.79,2024-09-01,No,0,0,139.17
TXN13563,BNPL5735,Regular User,2024-12-03,2024-12,Afterpay,Home and Furniture,152.78,4,38.2,2025-01-28,No,0,0,152.78
TXN13564,BNPL5735,Regular User,2024-06-29,2024-06,Afterpay,"Fast Fashion (Shein, Temu, ASOS)",64.87,6,10.81,2024-09-21,No,0,0,64.87
TXN13565,BNPL5735,Regular User,2024-06-11,2024-06,PayBright,Beauty and Skincare,57.05,4,14.26,2024-08-06,Yes,2,16.0,73.05
TXN13566,BNPL5736,Occasional User,2024-08-04,2024-08,Afterpay,"Fast Fashion (Shein, Temu, ASOS)",65.18,4,16.3,2024-09-29,No,0,0,65.18
TXN13567,BNPL5737,Regular User,2024-05-20,2024-05,Afterpay,"Fast Fashion (Shein, Temu, ASOS)",25,4,6.25,2024-07-15,No,0,0,25
TXN13568,BNPL5737,Regular User,2024-03-10,2024-03,PayBright,"Fast Fashion (Shein, Temu, ASOS)",25,4,6.25,2024-05-05,No,0,0,25
TXN13569,BNPL5737,Regular User,2024-03-22,2024-03,Afterpay,Home and Furniture,261.06,4,65.27,2024-05-17,No,0,0,261.06
TXN13570,BNPL5737,Regular User,2024-07-02,2024-07,Sezzle,"Fast Fashion (Shein, Temu, ASOS)",58.83,4,14.71,2024-08-27,No,0,0,58.83
TXN13571,BNPL5737,Regular User,2024-09-18,2024-09,Sezzle,Beauty and Skincare,82.6,3,27.53,2024-10-30,No,0,0,82.6
TXN13572,BNPL5738,Regular User,2024-05-06,2024-05,PayBright,"Fast Fashion (Shein, Temu, ASOS)",70.09,4,17.52,2024-07-01,No,0,0,70.09
TXN13573,BNPL5738,Regular User,2024-12-22,2024-12,Afterpay,Home and Furniture,321.28,6,53.55,2025-03-16,No,0,0,321.28
TXN13574,BNPL5738,Regular User,2024-06-05,2024-06,Afterpay,Footwear,96.84,6,16.14,2024-08-28,No,0,0,96.84
TXN13575,BNPL5738,Regular User,2024-02-21,2024-02,Afterpay,"Fast Fashion (Shein, Temu, ASOS)",63.48,4,15.87,2024-04-17,No,0,0,63.48
TXN13576,BNPL5738,Regular User,2024-11-23,2024-11,Sezzle,"Fast Fashion (Shein, Temu, ASOS)",50.92,3,16.97,2025-01-04,No,0,0,50.92
TXN13577,BNPL5739,Occasional User,2024-08-10,2024-08,Paidy,Footwear,91.27,4,22.82,2024-10-05,No,0,0,91.27
TXN13578,BNPL5739,Occasional User,2024-03-18,2024-03,Paidy,"Fast Fashion (Shein, Temu, ASOS)",53.84,4,13.46,2024-05-13,No,0,0,53.84
TXN13579,BNPL5740,Regular User,2024-11-22,2024-11,Klarna,"Fast Fashion (Shein, Temu, ASOS)",60.28,4,15.07,2025-01-17,No,0,0,60.28
TXN13580,BNPL5740,Regular User,2024-02-04,2024-02,Klarna,Beauty and Skincare,63.92,4,15.98,2024-03-31,No,0,0,63.92
TXN13581,BNPL5740,Regular User,2024-04-15,2024-04,Paidy,Home and Furniture,199.32,4,49.83,2024-06-10,No,0,0,199.32
TXN13582,BNPL5740,Regular User,2024-06-12,2024-06,Klarna,Beauty and Skincare,97.93,4,24.48,2024-08-07,No,0,0,97.93
TXN13583,BNPL5740,Regular User,2024-10-22,2024-10,Klarna,"Fast Fashion (Shein, Temu, ASOS)",58.0,4,14.5,2024-12-17,No,0,0,58.0
TXN13584,BNPL5741,High Exposure User,2024-10-05,2024-10,Afterpay,Electronics and Tech,271.35,4,67.84,2024-11-30,No,0,0,271.35
TXN13585,BNPL5741,High Exposure User,2024-04-18,2024-04,Sezzle,Electronics and Tech,242.12,4,60.53,2024-06-13,No,0,0,242.12
TXN13586,BNPL5741,High Exposure User,2024-08-26,2024-08,PayBright,Footwear,103.92,6,17.32,2024-11-18,Yes,1,8.0,111.92
TXN13587,BNPL5741,High Exposure User,2024-01-31,2024-01,Sezzle,"Fast Fashion (Shein, Temu, ASOS)",54.13,4,13.53,2024-03-27,No,0,0,54.13
TXN13588,BNPL5741,High Exposure User,2024-01-19,2024-01,Klarna,Sporting Goods,155.79,4,38.95,2024-03-15,No,0,0,155.79
TXN13589,BNPL5741,High Exposure User,2024-06-20,2024-06,Afterpay,Electronics and Tech,177.77,4,44.44,2024-08-15,No,0,0,177.77
TXN13590,BNPL5741,High Exposure User,2024-04-23,2024-04,Afterpay,"Fast Fashion (Shein, Temu, ASOS)",45.79,3,15.26,2024-06-04,No,0,0,45.79
TXN13591,BNPL5742,Regular User,2024-12-27,2024-12,Paidy,Beauty and Skincare,95.77,3,31.92,2025-02-07,No,0,0,95.77
TXN13592,BNPL5742,Regular User,2024-02-13,2024-02,Afterpay,Footwear,171.2,4,42.8,2024-04-09,No,0,0,171.2
TXN13593,BNPL5742,Regular User,2024-05-16,2024-05,Afterpay,Footwear,105.76,3,35.25,2024-06-27,No,0,0,105.76
TXN13594,BNPL5742,Regular User,2024-02-25,2024-02,Sezzle,Beauty and Skincare,70.87,4,17.72,2024-04-21,No,0,0,70.87
TXN13595,BNPL5742,Regular User,2024-04-22,2024-04,PayBright,"Fast Fashion (Shein, Temu, ASOS)",48.76,4,12.19,2024-06-17,No,0,0,48.76
TXN13596,BNPL5742,Regular User,2024-07-18,2024-07,Afterpay,Electronics and Tech,298.37,4,74.59,2024-09-12,No,0,0,298.37
TXN13597,BNPL5742,Regular User,2024-02-09,2024-02,Klarna,Sporting Goods,220.57,6,36.76,2024-05-03,No,0,0,220.57
TXN13598,BNPL5743,Occasional User,2024-03-09,2024-03,Klarna,"Fast Fashion (Shein, Temu, ASOS)",53.38,4,13.35,2024-05-04,No,0,0,53.38
TXN13599,BNPL5743,Occasional User,2024-02-15,2024-02,Afterpay,Footwear,90.67,3,30.22,2024-03-28,No,0,0,90.67
TXN13600,BNPL5744,Occasional User,2024-01-07,2024-01,Afterpay,Footwear,54.27,6,9.04,2024-03-31,No,0,0,54.27
TXN13601,BNPL5744,Occasional User,2024-12-23,2024-12,Paidy,Sporting Goods,210.29,4,52.57,2025-02-17,No,0,0,210.29
TXN13602,BNPL5745,Regular User,2024-03-08,2024-03,Klarna,Sporting Goods,159.68,6,26.61,2024-05-31,No,0,0,159.68
TXN13603,BNPL5745,Regular User,2024-01-08,2024-01,Sezzle,Sporting Goods,220.86,6,36.81,2024-04-01,No,0,0,220.86
TXN13604,BNPL5745,Regular User,2024-06-05,2024-06,Klarna,"Fast Fashion (Shein, Temu, ASOS)",72.41,4,18.1,2024-07-31,No,0,0,72.41
TXN13605,BNPL5746,Occasional User,2024-12-22,2024-12,Paidy,Home and Furniture,417.58,6,69.6,2025-03-16,No,0,0,417.58
TXN13606,BNPL5746,Occasional User,2024-11-13,2024-11,Sezzle,Footwear,119.46,6,19.91,2025-02-05,No,0,0,119.46
TXN13607,BNPL5747,Regular User,2024-12-30,2024-12,Klarna,"Fast Fashion (Shein, Temu, ASOS)",36.63,3,12.21,2025-02-10,No,0,0,36.63
TXN13608,BNPL5747,Regular User,2024-12-06,2024-12,Klarna,Beauty and Skincare,104.54,6,17.42,2025-02-28,No,0,0,104.54
TXN13609,BNPL5747,Regular User,2024-11-29,2024-11,Paidy,Footwear,134.02,6,22.34,2025-02-21,No,0,0,134.02
TXN13610,BNPL5747,Regular User,2024-04-25,2024-04,Afterpay,Electronics and Tech,250.96,4,62.74,2024-06-20,No,0,0,250.96
TXN13611,BNPL5747,Regular User,2024-08-26,2024-08,Sezzle,Footwear,100.39,3,33.46,2024-10-07,No,0,0,100.39
TXN13612,BNPL5748,Regular User,2024-12-23,2024-12,Sezzle,Beauty and Skincare,67.16,4,16.79,2025-02-17,No,0,0,67.16
TXN13613,BNPL5748,Regular User,2024-06-15,2024-06,Afterpay,Home and Furniture,344.64,6,57.44,2024-09-07,No,0,0,344.64
TXN13614,BNPL5748,Regular User,2024-02-07,2024-02,Klarna,Sporting Goods,181.35,4,45.34,2024-04-03,No,0,0,181.35
TXN13615,BNPL5748,Regular User,2024-12-24,2024-12,Klarna,"Fast Fashion (Shein, Temu, ASOS)",66.7,4,16.68,2025-02-18,No,0,0,66.7
TXN13616,BNPL5748,Regular User,2024-08-26,2024-08,Afterpay,Footwear,89.58,4,22.39,2024-10-21,No,0,0,89.58
TXN13617,BNPL5748,Regular User,2024-05-09,2024-05,Afterpay,Beauty and Skincare,85.11,3,28.37,2024-06-20,No,0,0,85.11
TXN13618,BNPL5748,Regular User,2024-09-07,2024-09,Afterpay,Electronics and Tech,261.21,4,65.3,2024-11-02,No,0,0,261.21
TXN13619,BNPL5748,Regular User,2024-12-20,2024-12,Afterpay,Electronics and Tech,363.41,3,121.14,2025-01-31,No,0,0,363.41
TXN13620,BNPL5748,Regular User,2024-10-29,2024-10,Sezzle,Sporting Goods,172.4,4,43.1,2024-12-24,No,0,0,172.4
TXN13621,BNPL5749,Occasional User,2024-11-24,2024-11,Afterpay,Electronics and Tech,345.39,4,86.35,2025-01-19,No,0,0,345.39
TXN13622,BNPL5749,Occasional User,2024-07-07,2024-07,Afterpay,Electronics and Tech,270.71,6,45.12,2024-09-29,No,0,0,270.71
TXN13623,BNPL5750,High Exposure User,2024-09-28,2024-09,Afterpay,"Fast Fashion (Shein, Temu, ASOS)",29.45,4,7.36,2024-11-23,Yes,1,8.0,37.45
TXN13624,BNPL5750,High Exposure User,2024-08-14,2024-08,Afterpay,Home and Furniture,482.23,4,120.56,2024-10-09,No,0,0,482.23
TXN13625,BNPL5750,High Exposure User,2024-08-26,2024-08,Afterpay,Electronics and Tech,218.22,4,54.55,2024-10-21,Yes,1,8.0,226.22
TXN13626,BNPL5750,High Exposure User,2024-04-25,2024-04,Afterpay,Footwear,132.76,6,22.13,2024-07-18,No,0,0,132.76
TXN13627,BNPL5750,High Exposure User,2024-07-12,2024-07,Klarna,"Fast Fashion (Shein, Temu, ASOS)",47.8,4,11.95,2024-09-06,No,0,0,47.8
TXN13628,BNPL5750,High Exposure User,2024-01-06,2024-01,Klarna,Electronics and Tech,243.06,6,40.51,2024-03-30,No,0,0,243.06
TXN13629,BNPL5750,High Exposure User,2024-01-02,2024-01,Afterpay,Electronics and Tech,214.79,4,53.7,2024-02-27,Yes,2,16.0,230.79
TXN13630,BNPL5750,High Exposure User,2024-08-20,2024-08,Sezzle,Sporting Goods,107.36,6,17.89,2024-11-12,No,0,0,107.36
TXN13631,BNPL5750,High Exposure User,2024-02-11,2024-02,Sezzle,Sporting Goods,193.69,3,64.56,2024-03-24,Yes,1,8.0,201.69
TXN13632,BNPL5750,High Exposure User,2024-11-10,2024-11,Klarna,"Fast Fashion (Shein, Temu, ASOS)",53.92,4,13.48,2025-01-05,No,0,0,53.92
TXN13633,BNPL5751,Regular User,2024-11-25,2024-11,Afterpay,"Fast Fashion (Shein, Temu, ASOS)",32.23,4,8.06,2025-01-20,No,0,0,32.23
TXN13634,BNPL5751,Regular User,2024-08-07,2024-08,Afterpay,"Fast Fashion (Shein, Temu, ASOS)",44.7,6,7.45,2024-10-30,No,0,0,44.7
TXN13635,BNPL5751,Regular User,2024-06-23,2024-06,Sezzle,Beauty and Skincare,112.5,4,28.12,2024-08-18,No,0,0,112.5
TXN13636,BNPL5751,Regular User,2024-07-21,2024-07,PayBright,Home and Furniture,326.73,4,81.68,2024-09-15,No,0,0,326.73
TXN13637,BNPL5751,Regular User,2024-01-29,2024-01,Sezzle,Footwear,103.4,3,34.47,2024-03-11,No,0,0,103.4
TXN13638,BNPL5752,Occasional User,2024-06-16,2024-06,Klarna,"Fast Fashion (Shein, Temu, ASOS)",43.45,4,10.86,2024-08-11,No,0,0,43.45
TXN13639,BNPL5752,Occasional User,2024-03-14,2024-03,Sezzle,Beauty and Skincare,86.09,4,21.52,2024-05-09,No,0,0,86.09
TXN13640,BNPL5753,High Exposure User,2024-05-20,2024-05,Klarna,"Fast Fashion (Shein, Temu, ASOS)",60.51,3,20.17,2024-07-01,No,0,0,60.51
TXN13641,BNPL5753,High Exposure User,2024-02-01,2024-02,Afterpay,Footwear,67.6,4,16.9,2024-03-28,No,0,0,67.6
TXN13642,BNPL5753,High Exposure User,2024-10-11,2024-10,Afterpay,"Fast Fashion (Shein, Temu, ASOS)",50.89,3,16.96,2024-11-22,No,0,0,50.89
TXN13643,BNPL5753,High Exposure User,2024-01-30,2024-01,Afterpay,Sporting Goods,156.98,4,39.24,2024-03-26,No,0,0,156.98
TXN13644,BNPL5753,High Exposure User,2024-12-25,2024-12,Sezzle,Electronics and Tech,264.19,4,66.05,2025-02-19,No,0,0,264.19
TXN13645,BNPL5753,High Exposure User,2024-01-20,2024-01,Afterpay,"Fast Fashion (Shein, Temu, ASOS)",64.7,4,16.18,2024-03-16,No,0,0,64.7
TXN13646,BNPL5753,High Exposure User,2024-09-08,2024-09,Klarna,Beauty and Skincare,41.62,4,10.4,2024-11-03,Yes,1,8.0,49.62
TXN13647,BNPL5753,High Exposure User,2024-06-11,2024-06,Afterpay,"Fast Fashion (Shein, Temu, ASOS)",43.54,4,10.88,2024-08-06,No,0,0,43.54
TXN13648,BNPL5753,High Exposure User,2024-08-27,2024-08,Sezzle,"Fast Fashion (Shein, Temu, ASOS)",88.21,4,22.05,2024-10-22,No,0,0,88.21
TXN13649,BNPL5753,High Exposure User,2024-09-26,2024-09,Afterpay,Sporting Goods,222.41,4,55.6,2024-11-21,No,0,0,222.41
TXN13650,BNPL5753,High Exposure User,2024-12-03,2024-12,Afterpay,Footwear,153.47,3,51.16,2025-01-14,Yes,1,8.0,161.47
TXN13651,BNPL5753,High Exposure User,2024-03-19,2024-03,Sezzle,Home and Furniture,407.03,4,101.76,2024-05-14,Yes,2,16.0,423.03
TXN13652,BNPL5754,Occasional User,2024-02-03,2024-02,Afterpay,Electronics and Tech,359.43,4,89.86,2024-03-30,No,0,0,359.43
TXN13653,BNPL5754,Occasional User,2024-01-28,2024-01,Klarna,"Fast Fashion (Shein, Temu, ASOS)",47.89,3,15.96,2024-03-10,No,0,0,47.89
TXN13654,BNPL5755,Occasional User,2024-11-02,2024-11,Klarna,Electronics and Tech,334.34,3,111.45,2024-12-14,No,0,0,334.34
TXN13655,BNPL5756,Regular User,2024-10-09,2024-10,Klarna,Home and Furniture,372.75,6,62.12,2025-01-01,No,0,0,372.75
TXN13656,BNPL5756,Regular User,2024-02-05,2024-02,Afterpay,Sporting Goods,240.11,4,60.03,2024-04-01,No,0,0,240.11
TXN13657,BNPL5756,Regular User,2024-04-07,2024-04,Klarna,Home and Furniture,341.02,6,56.84,2024-06-30,No,0,0,341.02
TXN13658,BNPL5757,High Exposure User,2024-01-21,2024-01,Paidy,Footwear,64.76,4,16.19,2024-03-17,No,0,0,64.76
TXN13659,BNPL5757,High Exposure User,2024-09-13,2024-09,Afterpay,"Fast Fashion (Shein, Temu, ASOS)",48.96,4,12.24,2024-11-08,No,0,0,48.96
TXN13660,BNPL5757,High Exposure User,2024-06-17,2024-06,Klarna,"Fast Fashion (Shein, Temu, ASOS)",42.04,6,7.01,2024-09-09,Yes,1,8.0,50.04
TXN13661,BNPL5757,High Exposure User,2024-06-02,2024-06,Afterpay,Beauty and Skincare,97.57,6,16.26,2024-08-25,No,0,0,97.57
TXN13662,BNPL5757,High Exposure User,2024-06-24,2024-06,Paidy,Electronics and Tech,320.81,3,106.94,2024-08-05,No,0,0,320.81
TXN13663,BNPL5757,High Exposure User,2024-02-07,2024-02,Klarna,Beauty and Skincare,114.66,4,28.66,2024-04-03,No,0,0,114.66
TXN13664,BNPL5757,High Exposure User,2024-09-07,2024-09,Klarna,"Fast Fashion (Shein, Temu, ASOS)",57.38,4,14.35,2024-11-02,No,0,0,57.38
TXN13665,BNPL5757,High Exposure User,2024-08-15,2024-08,Afterpay,Electronics and Tech,181.48,3,60.49,2024-09-26,No,0,0,181.48
TXN13666,BNPL5757,High Exposure User,2024-03-28,2024-03,Afterpay,Beauty and Skincare,88.31,3,29.44,2024-05-09,Yes,2,16.0,104.31
TXN13667,BNPL5757,High Exposure User,2024-10-17,2024-10,Sezzle,Electronics and Tech,285.1,4,71.28,2024-12-12,No,0,0,285.1
TXN13668,BNPL5757,High Exposure User,2024-06-10,2024-06,PayBright,Beauty and Skincare,76.8,6,12.8,2024-09-02,No,0,0,76.8
TXN13669,BNPL5757,High Exposure User,2024-10-02,2024-10,Afterpay,Electronics and Tech,152.34,6,25.39,2024-12-25,No,0,0,152.34
TXN13670,BNPL5757,High Exposure User,2024-07-07,2024-07,Afterpay,Sporting Goods,195.43,4,48.86,2024-09-01,No,0,0,195.43
TXN13671,BNPL5757,High Exposure User,2024-11-15,2024-11,Klarna,"Fast Fashion (Shein, Temu, ASOS)",53.89,4,13.47,2025-01-10,Yes,1,8.0,61.89
TXN13672,BNPL5757,High Exposure User,2024-06-18,2024-06,Klarna,Sporting Goods,177.43,6,29.57,2024-09-10,Yes,2,16.0,193.43
TXN13673,BNPL5757,High Exposure User,2024-09-04,2024-09,Afterpay,Beauty and Skincare,61.73,4,15.43,2024-10-30,No,0,0,61.73
TXN13674,BNPL5757,High Exposure User,2024-11-26,2024-11,Paidy,Footwear,173.9,6,28.98,2025-02-18,No,0,0,173.9
TXN13675,BNPL5757,High Exposure User,2024-07-01,2024-07,Klarna,Home and Furniture,344.75,6,57.46,2024-09-23,Yes,2,16.0,360.75
TXN13676,BNPL5757,High Exposure User,2024-06-18,2024-06,Klarna,"Fast Fashion (Shein, Temu, ASOS)",89.82,4,22.45,2024-08-13,No,0,0,89.82
TXN13677,BNPL5757,High Exposure User,2024-10-28,2024-10,Afterpay,Electronics and Tech,273.55,4,68.39,2024-12-23,No,0,0,273.55
TXN13678,BNPL5758,Regular User,2024-06-25,2024-06,Afterpay,"Fast Fashion (Shein, Temu, ASOS)",58.96,4,14.74,2024-08-20,No,0,0,58.96
TXN13679,BNPL5758,Regular User,2024-03-25,2024-03,Afterpay,Beauty and Skincare,60.49,4,15.12,2024-05-20,No,0,0,60.49
TXN13680,BNPL5758,Regular User,2024-01-10,2024-01,PayBright,"Fast Fashion (Shein, Temu, ASOS)",48.57,6,8.1,2024-04-03,No,0,0,48.57
TXN13681,BNPL5758,Regular User,2024-04-04,2024-04,Klarna,Beauty and Skincare,80.91,4,20.23,2024-05-30,No,0,0,80.91
TXN13682,BNPL5758,Regular User,2024-04-08,2024-04,Sezzle,Footwear,133.03,4,33.26,2024-06-03,No,0,0,133.03
TXN13683,BNPL5758,Regular User,2024-08-18,2024-08,Klarna,Sporting Goods,238.2,6,39.7,2024-11-10,No,0,0,238.2
TXN13684,BNPL5758,Regular User,2024-12-27,2024-12,Afterpay,"Fast Fashion (Shein, Temu, ASOS)",54.64,4,13.66,2025-02-21,No,0,0,54.64
TXN13685,BNPL5758,Regular User,2024-09-01,2024-09,PayBright,Home and Furniture,340.31,4,85.08,2024-10-27,No,0,0,340.31
TXN13686,BNPL5758,Regular User,2024-04-18,2024-04,Afterpay,"Fast Fashion (Shein, Temu, ASOS)",67.41,4,16.85,2024-06-13,No,0,0,67.41
TXN13687,BNPL5759,Regular User,2024-04-17,2024-04,Klarna,Footwear,135.21,4,33.8,2024-06-12,No,0,0,135.21
TXN13688,BNPL5759,Regular User,2024-10-03,2024-10,Paidy,"Fast Fashion (Shein, Temu, ASOS)",56.87,3,18.96,2024-11-14,No,0,0,56.87
TXN13689,BNPL5759,Regular User,2024-08-06,2024-08,Sezzle,"Fast Fashion (Shein, Temu, ASOS)",59.56,6,9.93,2024-10-29,No,0,0,59.56
TXN13690,BNPL5759,Regular User,2024-10-17,2024-10,Sezzle,Home and Furniture,185.23,4,46.31,2024-12-12,No,0,0,185.23
TXN13691,BNPL5760,Regular User,2024-10-21,2024-10,Afterpay,Electronics and Tech,283.79,6,47.3,2025-01-13,No,0,0,283.79
TXN13692,BNPL5760,Regular User,2024-10-30,2024-10,Klarna,"Fast Fashion (Shein, Temu, ASOS)",67.2,4,16.8,2024-12-25,No,0,0,67.2
TXN13693,BNPL5760,Regular User,2024-07-17,2024-07,Klarna,"Fast Fashion (Shein, Temu, ASOS)",28.27,6,4.71,2024-10-09,No,0,0,28.27
TXN13694,BNPL5760,Regular User,2024-11-04,2024-11,Afterpay,Sporting Goods,133.91,3,44.64,2024-12-16,No,0,0,133.91
TXN13695,BNPL5760,Regular User,2024-05-10,2024-05,Afterpay,"Fast Fashion (Shein, Temu, ASOS)",47.79,4,11.95,2024-07-05,No,0,0,47.79
TXN13696,BNPL5760,Regular User,2024-11-01,2024-11,Sezzle,Home and Furniture,344.52,4,86.13,2024-12-27,Yes,1,8.0,352.52
TXN13697,BNPL5760,Regular User,2024-10-25,2024-10,PayBright,Beauty and Skincare,88.09,6,14.68,2025-01-17,No,0,0,88.09
TXN13698,BNPL5760,Regular User,2024-08-26,2024-08,Sezzle,Sporting Goods,220.28,4,55.07,2024-10-21,No,0,0,220.28
TXN13699,BNPL5761,High Exposure User,2024-02-27,2024-02,Afterpay,"Fast Fashion (Shein, Temu, ASOS)",70.46,4,17.61,2024-04-23,No,0,0,70.46
TXN13700,BNPL5761,High Exposure User,2024-09-16,2024-09,Klarna,Beauty and Skincare,68.85,6,11.47,2024-12-09,No,0,0,68.85
TXN13701,BNPL5761,High Exposure User,2024-02-17,2024-02,PayBright,Footwear,122.53,6,20.42,2024-05-11,No,0,0,122.53
TXN13702,BNPL5761,High Exposure User,2024-10-14,2024-10,Afterpay,Beauty and Skincare,99.32,6,16.55,2025-01-06,No,0,0,99.32
TXN13703,BNPL5761,High Exposure User,2024-07-09,2024-07,Afterpay,"Fast Fashion (Shein, Temu, ASOS)",32.83,6,5.47,2024-10-01,No,0,0,32.83
TXN13704,BNPL5761,High Exposure User,2024-03-11,2024-03,Klarna,"Fast Fashion (Shein, Temu, ASOS)",37.59,4,9.4,2024-05-06,No,0,0,37.59
TXN13705,BNPL5761,High Exposure User,2024-04-07,2024-04,Sezzle,Beauty and Skincare,70.35,4,17.59,2024-06-02,Yes,1,8.0,78.35
TXN13706,BNPL5761,High Exposure User,2024-09-27,2024-09,Paidy,"Fast Fashion (Shein, Temu, ASOS)",25,4,6.25,2024-11-22,No,0,0,25
TXN13707,BNPL5761,High Exposure User,2024-01-16,2024-01,Sezzle,Electronics and Tech,270.57,6,45.09,2024-04-09,Yes,2,16.0,286.57
TXN13708,BNPL5761,High Exposure User,2024-11-08,2024-11,Afterpay,Home and Furniture,348.14,4,87.03,2025-01-03,Yes,1,8.0,356.14
TXN13709,BNPL5761,High Exposure User,2024-02-03,2024-02,Afterpay,Beauty and Skincare,75.93,4,18.98,2024-03-30,No,0,0,75.93
TXN13710,BNPL5761,High Exposure User,2024-10-05,2024-10,Afterpay,"Fast Fashion (Shein, Temu, ASOS)",35.59,4,8.9,2024-11-30,No,0,0,35.59
TXN13711,BNPL5761,High Exposure User,2024-06-27,2024-06,Klarna,Footwear,103.63,6,17.27,2024-09-19,No,0,0,103.63
TXN13712,BNPL5761,High Exposure User,2024-04-03,2024-04,Afterpay,"Fast Fashion (Shein, Temu, ASOS)",59.41,4,14.85,2024-05-29,Yes,2,16.0,75.41
TXN13713,BNPL5762,Occasional User,2024-01-23,2024-01,Afterpay,"Fast Fashion (Shein, Temu, ASOS)",47.64,3,15.88,2024-03-05,No,0,0,47.64
TXN13714,BNPL5762,Occasional User,2024-06-11,2024-06,Paidy,Footwear,125.19,6,20.86,2024-09-03,No,0,0,125.19
TXN13715,BNPL5763,Occasional User,2024-02-26,2024-02,Klarna,Home and Furniture,491.07,3,163.69,2024-04-08,No,0,0,491.07
TXN13716,BNPL5763,Occasional User,2024-03-29,2024-03,PayBright,Beauty and Skincare,82.31,6,13.72,2024-06-21,No,0,0,82.31
TXN13717,BNPL5764,Occasional User,2024-06-15,2024-06,Klarna,Footwear,150.13,3,50.04,2024-07-27,No,0,0,150.13
TXN13718,BNPL5764,Occasional User,2024-09-04,2024-09,Sezzle,Home and Furniture,234.8,3,78.27,2024-10-16,No,0,0,234.8
TXN13719,BNPL5765,Occasional User,2024-06-06,2024-06,Paidy,Electronics and Tech,251.85,4,62.96,2024-08-01,No,0,0,251.85
TXN13720,BNPL5765,Occasional User,2024-08-10,2024-08,Paidy,Home and Furniture,421.82,4,105.45,2024-10-05,No,0,0,421.82
TXN13721,BNPL5766,Occasional User,2024-08-17,2024-08,Afterpay,"Fast Fashion (Shein, Temu, ASOS)",61.97,3,20.66,2024-09-28,No,0,0,61.97
TXN13722,BNPL5766,Occasional User,2024-08-23,2024-08,Klarna,Electronics and Tech,360.82,4,90.2,2024-10-18,No,0,0,360.82
TXN13723,BNPL5767,Occasional User,2024-10-25,2024-10,Afterpay,Home and Furniture,283.95,3,94.65,2024-12-06,No,0,0,283.95
TXN13724,BNPL5768,Regular User,2024-05-12,2024-05,Afterpay,Beauty and Skincare,80.12,3,26.71,2024-06-23,No,0,0,80.12
TXN13725,BNPL5768,Regular User,2024-10-08,2024-10,Klarna,Sporting Goods,241.85,6,40.31,2024-12-31,No,0,0,241.85
TXN13726,BNPL5768,Regular User,2024-03-13,2024-03,Klarna,Sporting Goods,209.28,4,52.32,2024-05-08,Yes,1,8.0,217.28
TXN13727,BNPL5768,Regular User,2024-03-31,2024-03,PayBright,Sporting Goods,221.78,3,73.93,2024-05-12,No,0,0,221.78
TXN13728,BNPL5768,Regular User,2024-03-29,2024-03,PayBright,Home and Furniture,283.77,3,94.59,2024-05-10,No,0,0,283.77
TXN13729,BNPL5768,Regular User,2024-11-10,2024-11,Sezzle,"Fast Fashion (Shein, Temu, ASOS)",35.95,6,5.99,2025-02-02,No,0,0,35.95
TXN13730,BNPL5768,Regular User,2024-09-26,2024-09,Klarna,"Fast Fashion (Shein, Temu, ASOS)",53.66,6,8.94,2024-12-19,No,0,0,53.66
TXN13731,BNPL5768,Regular User,2024-11-26,2024-11,Sezzle,Electronics and Tech,311.63,6,51.94,2025-02-18,Yes,1,8.0,319.63
TXN13732,BNPL5769,Regular User,2024-01-25,2024-01,Paidy,Footwear,105.34,6,17.56,2024-04-18,No,0,0,105.34
TXN13733,BNPL5769,Regular User,2024-01-20,2024-01,PayBright,"Fast Fashion (Shein, Temu, ASOS)",50.8,4,12.7,2024-03-16,No,0,0,50.8
TXN13734,BNPL5769,Regular User,2024-01-10,2024-01,Afterpay,"Fast Fashion (Shein, Temu, ASOS)",66.7,6,11.12,2024-04-03,No,0,0,66.7
TXN13735,BNPL5770,Occasional User,2024-11-21,2024-11,Klarna,"Fast Fashion (Shein, Temu, ASOS)",42.91,6,7.15,2025-02-13,No,0,0,42.91
TXN13736,BNPL5771,Regular User,2024-10-04,2024-10,Paidy,Beauty and Skincare,67.21,3,22.4,2024-11-15,No,0,0,67.21
TXN13737,BNPL5771,Regular User,2024-10-16,2024-10,Sezzle,Home and Furniture,250.55,3,83.52,2024-11-27,No,0,0,250.55
TXN13738,BNPL5771,Regular User,2024-09-09,2024-09,Afterpay,Footwear,215.17,3,71.72,2024-10-21,No,0,0,215.17
TXN13739,BNPL5771,Regular User,2024-09-17,2024-09,Afterpay,Electronics and Tech,236.23,4,59.06,2024-11-12,No,0,0,236.23
TXN13740,BNPL5771,Regular User,2024-07-15,2024-07,Afterpay,Footwear,73.13,4,18.28,2024-09-09,Yes,1,8.0,81.13
TXN13741,BNPL5771,Regular User,2024-06-27,2024-06,Klarna,Beauty and Skincare,89.59,3,29.86,2024-08-08,No,0,0,89.59
TXN13742,BNPL5771,Regular User,2024-09-23,2024-09,Klarna,Electronics and Tech,330.07,4,82.52,2024-11-18,No,0,0,330.07
TXN13743,BNPL5772,Occasional User,2024-02-12,2024-02,Afterpay,Sporting Goods,262.07,6,43.68,2024-05-06,No,0,0,262.07
TXN13744,BNPL5773,Occasional User,2024-09-06,2024-09,Afterpay,Electronics and Tech,457.4,3,152.47,2024-10-18,No,0,0,457.4
TXN13745,BNPL5774,Regular User,2024-09-17,2024-09,PayBright,Footwear,131.35,6,21.89,2024-12-10,No,0,0,131.35
TXN13746,BNPL5774,Regular User,2024-04-29,2024-04,Afterpay,"Fast Fashion (Shein, Temu, ASOS)",61.28,4,15.32,2024-06-24,No,0,0,61.28
TXN13747,BNPL5774,Regular User,2024-11-25,2024-11,Klarna,Electronics and Tech,318.94,3,106.31,2025-01-06,No,0,0,318.94
TXN13748,BNPL5774,Regular User,2024-03-15,2024-03,Afterpay,Sporting Goods,180.97,6,30.16,2024-06-07,No,0,0,180.97
TXN13749,BNPL5774,Regular User,2024-08-05,2024-08,Klarna,Footwear,143.04,4,35.76,2024-09-30,No,0,0,143.04
TXN13750,BNPL5774,Regular User,2024-06-13,2024-06,Afterpay,"Fast Fashion (Shein, Temu, ASOS)",50.99,3,17.0,2024-07-25,No,0,0,50.99
TXN13751,BNPL5775,Regular User,2024-07-05,2024-07,Sezzle,Beauty and Skincare,107.77,6,17.96,2024-09-27,Yes,2,16.0,123.77
TXN13752,BNPL5775,Regular User,2024-03-23,2024-03,Paidy,"Fast Fashion (Shein, Temu, ASOS)",58.17,4,14.54,2024-05-18,No,0,0,58.17
TXN13753,BNPL5775,Regular User,2024-04-18,2024-04,Paidy,Sporting Goods,176.19,6,29.36,2024-07-11,No,0,0,176.19
TXN13754,BNPL5775,Regular User,2024-06-16,2024-06,Afterpay,Footwear,172.71,4,43.18,2024-08-11,Yes,1,8.0,180.71
TXN13755,BNPL5775,Regular User,2024-12-18,2024-12,Afterpay,Beauty and Skincare,87.75,4,21.94,2025-02-12,No,0,0,87.75
TXN13756,BNPL5775,Regular User,2024-11-19,2024-11,PayBright,Home and Furniture,270.25,4,67.56,2025-01-14,Yes,1,8.0,278.25
TXN13757,BNPL5775,Regular User,2024-04-24,2024-04,Klarna,Home and Furniture,285.75,4,71.44,2024-06-19,No,0,0,285.75
TXN13758,BNPL5776,Occasional User,2024-04-22,2024-04,Afterpay,Electronics and Tech,270.72,3,90.24,2024-06-03,No,0,0,270.72
TXN13759,BNPL5777,Regular User,2024-09-23,2024-09,Klarna,Home and Furniture,319.84,4,79.96,2024-11-18,No,0,0,319.84
TXN13760,BNPL5777,Regular User,2024-12-07,2024-12,Sezzle,Electronics and Tech,288.67,4,72.17,2025-02-01,No,0,0,288.67
TXN13761,BNPL5777,Regular User,2024-08-20,2024-08,Afterpay,"Fast Fashion (Shein, Temu, ASOS)",53.27,3,17.76,2024-10-01,No,0,0,53.27
TXN13762,BNPL5777,Regular User,2024-09-30,2024-09,Afterpay,Home and Furniture,351.97,3,117.32,2024-11-11,No,0,0,351.97
TXN13763,BNPL5777,Regular User,2024-12-08,2024-12,Klarna,Home and Furniture,484.76,4,121.19,2025-02-02,Yes,1,8.0,492.76
TXN13764,BNPL5777,Regular User,2024-06-02,2024-06,Afterpay,Beauty and Skincare,62.16,4,15.54,2024-07-28,No,0,0,62.16
TXN13765,BNPL5778,Regular User,2024-01-06,2024-01,Sezzle,"Fast Fashion (Shein, Temu, ASOS)",55.3,3,18.43,2024-02-17,No,0,0,55.3
TXN13766,BNPL5778,Regular User,2024-11-04,2024-11,Afterpay,Beauty and Skincare,118.49,6,19.75,2025-01-27,No,0,0,118.49
TXN13767,BNPL5778,Regular User,2024-08-02,2024-08,Afterpay,Home and Furniture,359.12,3,119.71,2024-09-13,No,0,0,359.12
TXN13768,BNPL5778,Regular User,2024-09-16,2024-09,Sezzle,Footwear,141.88,4,35.47,2024-11-11,No,0,0,141.88
TXN13769,BNPL5778,Regular User,2024-12-21,2024-12,Afterpay,Sporting Goods,213.4,4,53.35,2025-02-15,No,0,0,213.4
TXN13770,BNPL5778,Regular User,2024-07-19,2024-07,PayBright,"Fast Fashion (Shein, Temu, ASOS)",63.43,4,15.86,2024-09-13,Yes,2,16.0,79.43
TXN13771,BNPL5778,Regular User,2024-07-30,2024-07,Afterpay,Beauty and Skincare,83.04,3,27.68,2024-09-10,No,0,0,83.04
TXN13772,BNPL5778,Regular User,2024-08-24,2024-08,Afterpay,Beauty and Skincare,67.57,4,16.89,2024-10-19,No,0,0,67.57
TXN13773,BNPL5778,Regular User,2024-10-05,2024-10,Afterpay,Sporting Goods,217.21,4,54.3,2024-11-30,No,0,0,217.21
TXN13774,BNPL5778,Regular User,2024-09-03,2024-09,Paidy,"Fast Fashion (Shein, Temu, ASOS)",75.42,4,18.86,2024-10-29,No,0,0,75.42
TXN13775,BNPL5778,Regular User,2024-08-04,2024-08,Afterpay,Footwear,50.34,4,12.59,2024-09-29,No,0,0,50.34
TXN13776,BNPL5779,Occasional User,2024-02-27,2024-02,Afterpay,"Fast Fashion (Shein, Temu, ASOS)",65.4,6,10.9,2024-05-21,No,0,0,65.4
TXN13777,BNPL5779,Occasional User,2024-11-09,2024-11,Afterpay,Footwear,65.19,3,21.73,2024-12-21,No,0,0,65.19
TXN13778,BNPL5780,Occasional User,2024-07-03,2024-07,Afterpay,Footwear,105.47,6,17.58,2024-09-25,No,0,0,105.47
TXN13779,BNPL5780,Occasional User,2024-10-02,2024-10,Afterpay,Footwear,170.4,4,42.6,2024-11-27,No,0,0,170.4
TXN13780,BNPL5780,Occasional User,2024-09-03,2024-09,PayBright,Footwear,160.71,3,53.57,2024-10-15,No,0,0,160.71
TXN13781,BNPL5781,Regular User,2024-11-29,2024-11,Sezzle,Electronics and Tech,152.67,4,38.17,2025-01-24,No,0,0,152.67
TXN13782,BNPL5781,Regular User,2024-10-17,2024-10,Sezzle,"Fast Fashion (Shein, Temu, ASOS)",57.3,4,14.32,2024-12-12,No,0,0,57.3
TXN13783,BNPL5781,Regular User,2024-06-16,2024-06,Sezzle,Beauty and Skincare,97.05,4,24.26,2024-08-11,No,0,0,97.05
TXN13784,BNPL5781,Regular User,2024-07-21,2024-07,PayBright,Footwear,111.39,6,18.57,2024-10-13,No,0,0,111.39
TXN13785,BNPL5782,Occasional User,2024-04-22,2024-04,Klarna,Beauty and Skincare,56.04,3,18.68,2024-06-03,No,0,0,56.04
TXN13786,BNPL5783,Occasional User,2024-11-25,2024-11,PayBright,Beauty and Skincare,103.91,6,17.32,2025-02-17,No,0,0,103.91
TXN13787,BNPL5783,Occasional User,2024-12-26,2024-12,Afterpay,Footwear,168.42,4,42.1,2025-02-20,No,0,0,168.42
TXN13788,BNPL5783,Occasional User,2024-08-22,2024-08,Afterpay,Beauty and Skincare,68.66,4,17.16,2024-10-17,No,0,0,68.66
TXN13789,BNPL5783,Occasional User,2024-05-30,2024-05,Afterpay,Sporting Goods,177.45,4,44.36,2024-07-25,No,0,0,177.45
TXN13790,BNPL5784,Occasional User,2024-06-07,2024-06,Afterpay,Sporting Goods,136.38,6,22.73,2024-08-30,No,0,0,136.38
TXN13791,BNPL5785,Regular User,2024-08-04,2024-08,Klarna,Sporting Goods,227.42,4,56.85,2024-09-29,No,0,0,227.42
TXN13792,BNPL5785,Regular User,2024-03-13,2024-03,Afterpay,Beauty and Skincare,57.54,6,9.59,2024-06-05,No,0,0,57.54
TXN13793,BNPL5785,Regular User,2024-01-12,2024-01,Klarna,Electronics and Tech,127.61,6,21.27,2024-04-05,No,0,0,127.61
TXN13794,BNPL5786,High Exposure User,2024-10-26,2024-10,Afterpay,Electronics and Tech,370.24,4,92.56,2024-12-21,Yes,1,8.0,378.24
TXN13795,BNPL5786,High Exposure User,2024-03-10,2024-03,Sezzle,"Fast Fashion (Shein, Temu, ASOS)",50.11,4,12.53,2024-05-05,No,0,0,50.11
TXN13796,BNPL5786,High Exposure User,2024-08-28,2024-08,Paidy,"Fast Fashion (Shein, Temu, ASOS)",41.19,6,6.86,2024-11-20,No,0,0,41.19
TXN13797,BNPL5786,High Exposure User,2024-10-20,2024-10,Afterpay,"Fast Fashion (Shein, Temu, ASOS)",42.0,3,14.0,2024-12-01,No,0,0,42.0
TXN13798,BNPL5786,High Exposure User,2024-04-07,2024-04,Afterpay,Home and Furniture,359.19,3,119.73,2024-05-19,Yes,1,8.0,367.19
TXN13799,BNPL5786,High Exposure User,2024-06-01,2024-06,PayBright,Footwear,96.45,4,24.11,2024-07-27,Yes,2,16.0,112.45
TXN13800,BNPL5786,High Exposure User,2024-12-19,2024-12,Afterpay,Electronics and Tech,271.97,4,67.99,2025-02-13,No,0,0,271.97
TXN13801,BNPL5786,High Exposure User,2024-08-08,2024-08,Klarna,"Fast Fashion (Shein, Temu, ASOS)",88.71,4,22.18,2024-10-03,No,0,0,88.71
TXN13802,BNPL5786,High Exposure User,2024-10-02,2024-10,Afterpay,"Fast Fashion (Shein, Temu, ASOS)",50.37,6,8.39,2024-12-25,No,0,0,50.37
TXN13803,BNPL5786,High Exposure User,2024-04-20,2024-04,Afterpay,Beauty and Skincare,81.59,4,20.4,2024-06-15,No,0,0,81.59
TXN13804,BNPL5786,High Exposure User,2024-01-18,2024-01,Afterpay,Electronics and Tech,192.42,6,32.07,2024-04-11,No,0,0,192.42
TXN13805,BNPL5786,High Exposure User,2024-08-19,2024-08,Klarna,Electronics and Tech,314.0,3,104.67,2024-09-30,No,0,0,314.0
TXN13806,BNPL5787,High Exposure User,2024-11-29,2024-11,Sezzle,Sporting Goods,145.79,4,36.45,2025-01-24,No,0,0,145.79
TXN13807,BNPL5787,High Exposure User,2024-01-18,2024-01,Afterpay,Home and Furniture,367.86,6,61.31,2024-04-11,No,0,0,367.86
TXN13808,BNPL5787,High Exposure User,2024-06-18,2024-06,Klarna,Beauty and Skincare,83.92,3,27.97,2024-07-30,Yes,1,8.0,91.92
TXN13809,BNPL5787,High Exposure User,2024-01-31,2024-01,PayBright,Footwear,140.07,4,35.02,2024-03-27,No,0,0,140.07
TXN13810,BNPL5787,High Exposure User,2024-05-20,2024-05,Klarna,"Fast Fashion (Shein, Temu, ASOS)",80.79,3,26.93,2024-07-01,No,0,0,80.79
TXN13811,BNPL5787,High Exposure User,2024-07-16,2024-07,Klarna,Home and Furniture,115.06,6,19.18,2024-10-08,No,0,0,115.06
TXN13812,BNPL5787,High Exposure User,2024-03-31,2024-03,Afterpay,"Fast Fashion (Shein, Temu, ASOS)",74.49,3,24.83,2024-05-12,No,0,0,74.49
TXN13813,BNPL5787,High Exposure User,2024-10-12,2024-10,Klarna,"Fast Fashion (Shein, Temu, ASOS)",40.02,4,10.01,2024-12-07,Yes,1,8.0,48.02
TXN13814,BNPL5787,High Exposure User,2024-03-11,2024-03,Klarna,"Fast Fashion (Shein, Temu, ASOS)",66.12,4,16.53,2024-05-06,No,0,0,66.12
TXN13815,BNPL5787,High Exposure User,2024-03-12,2024-03,Paidy,Footwear,88.09,4,22.02,2024-05-07,Yes,1,8.0,96.09
TXN13816,BNPL5787,High Exposure User,2024-05-03,2024-05,Klarna,Footwear,105.36,4,26.34,2024-06-28,No,0,0,105.36
TXN13817,BNPL5787,High Exposure User,2024-08-05,2024-08,Afterpay,Beauty and Skincare,71.76,4,17.94,2024-09-30,No,0,0,71.76
TXN13818,BNPL5787,High Exposure User,2024-06-16,2024-06,Afterpay,Footwear,138.24,4,34.56,2024-08-11,Yes,1,8.0,146.24
TXN13819,BNPL5787,High Exposure User,2024-05-30,2024-05,Afterpay,Beauty and Skincare,73.58,4,18.39,2024-07-25,No,0,0,73.58
TXN13820,BNPL5787,High Exposure User,2024-01-30,2024-01,Klarna,"Fast Fashion (Shein, Temu, ASOS)",60.67,4,15.17,2024-03-26,No,0,0,60.67
TXN13821,BNPL5787,High Exposure User,2024-07-16,2024-07,Sezzle,"Fast Fashion (Shein, Temu, ASOS)",52.5,4,13.12,2024-09-10,No,0,0,52.5
TXN13822,BNPL5787,High Exposure User,2024-06-11,2024-06,Klarna,"Fast Fashion (Shein, Temu, ASOS)",54.35,4,13.59,2024-08-06,No,0,0,54.35
TXN13823,BNPL5787,High Exposure User,2024-02-13,2024-02,Klarna,"Fast Fashion (Shein, Temu, ASOS)",54.32,6,9.05,2024-05-07,No,0,0,54.32
TXN13824,BNPL5787,High Exposure User,2024-03-29,2024-03,Afterpay,Beauty and Skincare,63.56,4,15.89,2024-05-24,Yes,2,16.0,79.56
TXN13825,BNPL5787,High Exposure User,2024-03-22,2024-03,Sezzle,"Fast Fashion (Shein, Temu, ASOS)",49.8,4,12.45,2024-05-17,No,0,0,49.8
TXN13826,BNPL5788,Regular User,2024-11-14,2024-11,Klarna,Home and Furniture,244.06,3,81.35,2024-12-26,Yes,1,8.0,252.06
TXN13827,BNPL5788,Regular User,2024-12-07,2024-12,Afterpay,Home and Furniture,161.08,4,40.27,2025-02-01,No,0,0,161.08
TXN13828,BNPL5788,Regular User,2024-11-04,2024-11,Afterpay,"Fast Fashion (Shein, Temu, ASOS)",54.68,3,18.23,2024-12-16,No,0,0,54.68
TXN13829,BNPL5788,Regular User,2024-04-04,2024-04,PayBright,Beauty and Skincare,101.77,6,16.96,2024-06-27,No,0,0,101.77
TXN13830,BNPL5788,Regular User,2024-08-08,2024-08,Klarna,Home and Furniture,515.99,4,129.0,2024-10-03,No,0,0,515.99
TXN13831,BNPL5788,Regular User,2024-11-17,2024-11,Klarna,Beauty and Skincare,60.34,3,20.11,2024-12-29,No,0,0,60.34
TXN13832,BNPL5788,Regular User,2024-02-24,2024-02,Klarna,"Fast Fashion (Shein, Temu, ASOS)",30.15,6,5.02,2024-05-18,No,0,0,30.15
TXN13833,BNPL5789,Occasional User,2024-09-07,2024-09,Klarna,Footwear,112.1,4,28.02,2024-11-02,No,0,0,112.1
TXN13834,BNPL5789,Occasional User,2024-06-21,2024-06,Sezzle,Home and Furniture,276.51,3,92.17,2024-08-02,No,0,0,276.51
TXN13835,BNPL5789,Occasional User,2024-02-22,2024-02,Sezzle,"Fast Fashion (Shein, Temu, ASOS)",85.7,4,21.43,2024-04-18,No,0,0,85.7
TXN13836,BNPL5790,Occasional User,2024-06-23,2024-06,Sezzle,Footwear,149.6,4,37.4,2024-08-18,No,0,0,149.6
TXN13837,BNPL5791,High Exposure User,2024-08-09,2024-08,PayBright,Sporting Goods,252.75,3,84.25,2024-09-20,No,0,0,252.75
TXN13838,BNPL5791,High Exposure User,2024-02-06,2024-02,Klarna,Footwear,89.41,6,14.9,2024-04-30,No,0,0,89.41
TXN13839,BNPL5791,High Exposure User,2024-05-24,2024-05,Sezzle,Footwear,117.09,4,29.27,2024-07-19,No,0,0,117.09
TXN13840,BNPL5791,High Exposure User,2024-01-29,2024-01,Afterpay,Footwear,169.18,4,42.3,2024-03-25,No,0,0,169.18
TXN13841,BNPL5791,High Exposure User,2024-05-13,2024-05,Afterpay,"Fast Fashion (Shein, Temu, ASOS)",83.9,3,27.97,2024-06-24,Yes,2,16.0,99.9
TXN13842,BNPL5791,High Exposure User,2024-05-17,2024-05,Afterpay,Electronics and Tech,274.84,6,45.81,2024-08-09,No,0,0,274.84
TXN13843,BNPL5791,High Exposure User,2024-09-13,2024-09,Klarna,"Fast Fashion (Shein, Temu, ASOS)",82.34,4,20.59,2024-11-08,No,0,0,82.34
TXN13844,BNPL5791,High Exposure User,2024-08-10,2024-08,Sezzle,"Fast Fashion (Shein, Temu, ASOS)",76.73,6,12.79,2024-11-02,No,0,0,76.73
TXN13845,BNPL5791,High Exposure User,2024-11-06,2024-11,PayBright,"Fast Fashion (Shein, Temu, ASOS)",30.67,3,10.22,2024-12-18,No,0,0,30.67
TXN13846,BNPL5791,High Exposure User,2024-10-29,2024-10,Klarna,"Fast Fashion (Shein, Temu, ASOS)",46.28,4,11.57,2024-12-24,No,0,0,46.28
TXN13847,BNPL5791,High Exposure User,2024-03-30,2024-03,Sezzle,"Fast Fashion (Shein, Temu, ASOS)",25,4,6.25,2024-05-25,No,0,0,25
TXN13848,BNPL5791,High Exposure User,2024-03-03,2024-03,Klarna,"Fast Fashion (Shein, Temu, ASOS)",51.36,4,12.84,2024-04-28,No,0,0,51.36
TXN13849,BNPL5791,High Exposure User,2024-03-14,2024-03,Afterpay,Home and Furniture,414.72,4,103.68,2024-05-09,No,0,0,414.72
TXN13850,BNPL5791,High Exposure User,2024-06-26,2024-06,Klarna,"Fast Fashion (Shein, Temu, ASOS)",52.38,4,13.1,2024-08-21,No,0,0,52.38
TXN13851,BNPL5791,High Exposure User,2024-07-30,2024-07,Afterpay,"Fast Fashion (Shein, Temu, ASOS)",73.53,4,18.38,2024-09-24,No,0,0,73.53
TXN13852,BNPL5791,High Exposure User,2024-08-06,2024-08,Sezzle,Sporting Goods,233.9,4,58.48,2024-10-01,Yes,1,8.0,241.9
TXN13853,BNPL5792,Regular User,2024-03-26,2024-03,Sezzle,"Fast Fashion (Shein, Temu, ASOS)",76.96,3,25.65,2024-05-07,No,0,0,76.96
TXN13854,BNPL5792,Regular User,2024-12-12,2024-12,Afterpay,Home and Furniture,348.47,3,116.16,2025-01-23,Yes,1,8.0,356.47
TXN13855,BNPL5792,Regular User,2024-09-25,2024-09,Afterpay,Footwear,106.79,3,35.6,2024-11-06,No,0,0,106.79
TXN13856,BNPL5792,Regular User,2024-05-15,2024-05,Afterpay,Beauty and Skincare,87.53,4,21.88,2024-07-10,Yes,1,8.0,95.53
TXN13857,BNPL5792,Regular User,2024-11-20,2024-11,Klarna,"Fast Fashion (Shein, Temu, ASOS)",39.48,3,13.16,2025-01-01,No,0,0,39.48
TXN13858,BNPL5792,Regular User,2024-12-02,2024-12,Klarna,Electronics and Tech,371.21,4,92.8,2025-01-27,No,0,0,371.21
TXN13859,BNPL5793,Regular User,2024-06-03,2024-06,Klarna,Home and Furniture,388.48,6,64.75,2024-08-26,No,0,0,388.48
TXN13860,BNPL5793,Regular User,2024-03-10,2024-03,Klarna,"Fast Fashion (Shein, Temu, ASOS)",75.48,6,12.58,2024-06-02,No,0,0,75.48
TXN13861,BNPL5793,Regular User,2024-01-31,2024-01,Sezzle,Sporting Goods,243.22,4,60.8,2024-03-27,No,0,0,243.22
TXN13862,BNPL5793,Regular User,2024-09-09,2024-09,PayBright,"Fast Fashion (Shein, Temu, ASOS)",44.88,3,14.96,2024-10-21,No,0,0,44.88
TXN13863,BNPL5793,Regular User,2024-02-28,2024-02,Klarna,Beauty and Skincare,116.35,4,29.09,2024-04-24,No,0,0,116.35
TXN13864,BNPL5793,Regular User,2024-12-22,2024-12,Afterpay,"Fast Fashion (Shein, Temu, ASOS)",76.94,6,12.82,2025-03-16,No,0,0,76.94
TXN13865,BNPL5794,Occasional User,2024-09-19,2024-09,Afterpay,Beauty and Skincare,82.38,4,20.59,2024-11-14,No,0,0,82.38
TXN13866,BNPL5794,Occasional User,2024-06-02,2024-06,Afterpay,Home and Furniture,358.38,6,59.73,2024-08-25,No,0,0,358.38
TXN13867,BNPL5795,Occasional User,2024-02-17,2024-02,Afterpay,"Fast Fashion (Shein, Temu, ASOS)",64.13,6,10.69,2024-05-11,No,0,0,64.13
TXN13868,BNPL5795,Occasional User,2024-06-01,2024-06,Afterpay,Footwear,129.91,3,43.3,2024-07-13,No,0,0,129.91
TXN13869,BNPL5795,Occasional User,2024-04-13,2024-04,Afterpay,Footwear,109.59,4,27.4,2024-06-08,No,0,0,109.59
TXN13870,BNPL5796,Occasional User,2024-08-26,2024-08,Klarna,"Fast Fashion (Shein, Temu, ASOS)",81.68,3,27.23,2024-10-07,No,0,0,81.68
TXN13871,BNPL5797,Occasional User,2024-10-23,2024-10,Klarna,"Fast Fashion (Shein, Temu, ASOS)",58.51,4,14.63,2024-12-18,No,0,0,58.51
TXN13872,BNPL5798,Occasional User,2024-02-13,2024-02,PayBright,Sporting Goods,151.81,4,37.95,2024-04-09,No,0,0,151.81
TXN13873,BNPL5798,Occasional User,2024-10-17,2024-10,Klarna,Electronics and Tech,276.68,4,69.17,2024-12-12,No,0,0,276.68
TXN13874,BNPL5799,Regular User,2024-06-14,2024-06,Klarna,"Fast Fashion (Shein, Temu, ASOS)",79.15,4,19.79,2024-08-09,No,0,0,79.15
TXN13875,BNPL5799,Regular User,2024-12-26,2024-12,PayBright,Electronics and Tech,204.04,6,34.01,2025-03-20,No,0,0,204.04
TXN13876,BNPL5799,Regular User,2024-06-11,2024-06,Klarna,Electronics and Tech,260.27,3,86.76,2024-07-23,No,0,0,260.27
TXN13877,BNPL5799,Regular User,2024-11-09,2024-11,PayBright,"Fast Fashion (Shein, Temu, ASOS)",65.96,4,16.49,2025-01-04,No,0,0,65.96
TXN13878,BNPL5799,Regular User,2024-09-01,2024-09,Klarna,Home and Furniture,479.67,4,119.92,2024-10-27,No,0,0,479.67
TXN13879,BNPL5800,Occasional User,2024-11-12,2024-11,Sezzle,Beauty and Skincare,49.05,4,12.26,2025-01-07,No,0,0,49.05
